date_sk,date,day,month,month_name,quarter,year,week_of_year,day_of_week,day_name,is_weekend,financial_year
20220101,2022-01-01,1,1,January,Q1,2022,52,6,Saturday,True,FY2021-22
20220102,2022-01-02,2,1,January,Q1,2022,52,7,Sunday,True,FY2021-22
20220103,2022-01-03,3,1,January,Q1,2022,1,1,Monday,False,FY2021-22
20220104,2022-01-04,4,1,January,Q1,2022,1,2,Tuesday,False,FY2021-22
20220105,2022-01-05,5,1,January,Q1,2022,1,3,Wednesday,False,FY2021-22
20220106,2022-01-06,6,1,January,Q1,2022,1,4,Thursday,False,FY2021-22
20220107,2022-01-07,7,1,January,Q1,2022,1,5,Friday,False,FY2021-22
20220108,2022-01-08,8,1,January,Q1,2022,1,6,Saturday,True,FY2021-22
20220109,2022-01-09,9,1,January,Q1,2022,1,7,Sunday,True,FY2021-22
20220110,2022-01-10,10,1,January,Q1,2022,2,1,Monday,False,FY2021-22
20220111,2022-01-11,11,1,January,Q1,2022,2,2,Tuesday,False,FY2021-22
20220112,2022-01-12,12,1,January,Q1,2022,2,3,Wednesday,False,FY2021-22
20220113,2022-01-13,13,1,January,Q1,2022,2,4,Thursday,False,FY2021-22
20220114,2022-01-14,14,1,January,Q1,2022,2,5,Friday,False,FY2021-22
20220115,2022-01-15,15,1,January,Q1,2022,2,6,Saturday,True,FY2021-22
20220116,2022-01-16,16,1,January,Q1,2022,2,7,Sunday,True,FY2021-22
20220117,2022-01-17,17,1,January,Q1,2022,3,1,Monday,False,FY2021-22
20220118,2022-01-18,18,1,January,Q1,2022,3,2,Tuesday,False,FY2021-22
20220119,2022-01-19,19,1,January,Q1,2022,3,3,Wednesday,False,FY2021-22
20220120,2022-01-20,20,1,January,Q1,2022,3,4,Thursday,False,FY2021-22
20220121,2022-01-21,21,1,January,Q1,2022,3,5,Friday,False,FY2021-22
20220122,2022-01-22,22,1,January,Q1,2022,3,6,Saturday,True,FY2021-22
20220123,2022-01-23,23,1,January,Q1,2022,3,7,Sunday,True,FY2021-22
20220124,2022-01-24,24,1,January,Q1,2022,4,1,Monday,False,FY2021-22
20220125,2022-01-25,25,1,January,Q1,2022,4,2,Tuesday,False,FY2021-22
20220126,2022-01-26,26,1,January,Q1,2022,4,3,Wednesday,False,FY2021-22
20220127,2022-01-27,27,1,January,Q1,2022,4,4,Thursday,False,FY2021-22
20220128,2022-01-28,28,1,January,Q1,2022,4,5,Friday,False,FY2021-22
20220129,2022-01-29,29,1,January,Q1,2022,4,6,Saturday,True,FY2021-22
20220130,2022-01-30,30,1,January,Q1,2022,4,7,Sunday,True,FY2021-22
20220131,2022-01-31,31,1,January,Q1,2022,5,1,Monday,False,FY2021-22
20220201,2022-02-01,1,2,February,Q1,2022,5,2,Tuesday,False,FY2021-22
20220202,2022-02-02,2,2,February,Q1,2022,5,3,Wednesday,False,FY2021-22
20220203,2022-02-03,3,2,February,Q1,2022,5,4,Thursday,False,FY2021-22
20220204,2022-02-04,4,2,February,Q1,2022,5,5,Friday,False,FY2021-22
20220205,2022-02-05,5,2,February,Q1,2022,5,6,Saturday,True,FY2021-22
20220206,2022-02-06,6,2,February,Q1,2022,5,7,Sunday,True,FY2021-22
20220207,2022-02-07,7,2,February,Q1,2022,6,1,Monday,False,FY2021-22
20220208,2022-02-08,8,2,February,Q1,2022,6,2,Tuesday,False,FY2021-22
20220209,2022-02-09,9,2,February,Q1,2022,6,3,Wednesday,False,FY2021-22
20220210,2022-02-10,10,2,February,Q1,2022,6,4,Thursday,False,FY2021-22
20220211,2022-02-11,11,2,February,Q1,2022,6,5,Friday,False,FY2021-22
20220212,2022-02-12,12,2,February,Q1,2022,6,6,Saturday,True,FY2021-22
20220213,2022-02-13,13,2,February,Q1,2022,6,7,Sunday,True,FY2021-22
20220214,2022-02-14,14,2,February,Q1,2022,7,1,Monday,False,FY2021-22
20220215,2022-02-15,15,2,February,Q1,2022,7,2,Tuesday,False,FY2021-22
20220216,2022-02-16,16,2,February,Q1,2022,7,3,Wednesday,False,FY2021-22
20220217,2022-02-17,17,2,February,Q1,2022,7,4,Thursday,False,FY2021-22
20220218,2022-02-18,18,2,February,Q1,2022,7,5,Friday,False,FY2021-22
20220219,2022-02-19,19,2,February,Q1,2022,7,6,Saturday,True,FY2021-22
20220220,2022-02-20,20,2,February,Q1,2022,7,7,Sunday,True,FY2021-22
20220221,2022-02-21,21,2,February,Q1,2022,8,1,Monday,False,FY2021-22
20220222,2022-02-22,22,2,February,Q1,2022,8,2,Tuesday,False,FY2021-22
20220223,2022-02-23,23,2,February,Q1,2022,8,3,Wednesday,False,FY2021-22
20220224,2022-02-24,24,2,February,Q1,2022,8,4,Thursday,False,FY2021-22
20220225,2022-02-25,25,2,February,Q1,2022,8,5,Friday,False,FY2021-22
20220226,2022-02-26,26,2,February,Q1,2022,8,6,Saturday,True,FY2021-22
20220227,2022-02-27,27,2,February,Q1,2022,8,7,Sunday,True,FY2021-22
20220228,2022-02-28,28,2,February,Q1,2022,9,1,Monday,False,FY2021-22
20220301,2022-03-01,1,3,March,Q1,2022,9,2,Tuesday,False,FY2021-22
20220302,2022-03-02,2,3,March,Q1,2022,9,3,Wednesday,False,FY2021-22
20220303,2022-03-03,3,3,March,Q1,2022,9,4,Thursday,False,FY2021-22
20220304,2022-03-04,4,3,March,Q1,2022,9,5,Friday,False,FY2021-22
20220305,2022-03-05,5,3,March,Q1,2022,9,6,Saturday,True,FY2021-22
20220306,2022-03-06,6,3,March,Q1,2022,9,7,Sunday,True,FY2021-22
20220307,2022-03-07,7,3,March,Q1,2022,10,1,Monday,False,FY2021-22
20220308,2022-03-08,8,3,March,Q1,2022,10,2,Tuesday,False,FY2021-22
20220309,2022-03-09,9,3,March,Q1,2022,10,3,Wednesday,False,FY2021-22
20220310,2022-03-10,10,3,March,Q1,2022,10,4,Thursday,False,FY2021-22
20220311,2022-03-11,11,3,March,Q1,2022,10,5,Friday,False,FY2021-22
20220312,2022-03-12,12,3,March,Q1,2022,10,6,Saturday,True,FY2021-22
20220313,2022-03-13,13,3,March,Q1,2022,10,7,Sunday,True,FY2021-22
20220314,2022-03-14,14,3,March,Q1,2022,11,1,Monday,False,FY2021-22
20220315,2022-03-15,15,3,March,Q1,2022,11,2,Tuesday,False,FY2021-22
20220316,2022-03-16,16,3,March,Q1,2022,11,3,Wednesday,False,FY2021-22
20220317,2022-03-17,17,3,March,Q1,2022,11,4,Thursday,False,FY2021-22
20220318,2022-03-18,18,3,March,Q1,2022,11,5,Friday,False,FY2021-22
20220319,2022-03-19,19,3,March,Q1,2022,11,6,Saturday,True,FY2021-22
20220320,2022-03-20,20,3,March,Q1,2022,11,7,Sunday,True,FY2021-22
20220321,2022-03-21,21,3,March,Q1,2022,12,1,Monday,False,FY2021-22
20220322,2022-03-22,22,3,March,Q1,2022,12,2,Tuesday,False,FY2021-22
20220323,2022-03-23,23,3,March,Q1,2022,12,3,Wednesday,False,FY2021-22
20220324,2022-03-24,24,3,March,Q1,2022,12,4,Thursday,False,FY2021-22
20220325,2022-03-25,25,3,March,Q1,2022,12,5,Friday,False,FY2021-22
20220326,2022-03-26,26,3,March,Q1,2022,12,6,Saturday,True,FY2021-22
20220327,2022-03-27,27,3,March,Q1,2022,12,7,Sunday,True,FY2021-22
20220328,2022-03-28,28,3,March,Q1,2022,13,1,Monday,False,FY2021-22
20220329,2022-03-29,29,3,March,Q1,2022,13,2,Tuesday,False,FY2021-22
20220330,2022-03-30,30,3,March,Q1,2022,13,3,Wednesday,False,FY2021-22
20220331,2022-03-31,31,3,March,Q1,2022,13,4,Thursday,False,FY2021-22
20220401,2022-04-01,1,4,April,Q2,2022,13,5,Friday,False,FY2022-23
20220402,2022-04-02,2,4,April,Q2,2022,13,6,Saturday,True,FY2022-23
20220403,2022-04-03,3,4,April,Q2,2022,13,7,Sunday,True,FY2022-23
20220404,2022-04-04,4,4,April,Q2,2022,14,1,Monday,False,FY2022-23
20220405,2022-04-05,5,4,April,Q2,2022,14,2,Tuesday,False,FY2022-23
20220406,2022-04-06,6,4,April,Q2,2022,14,3,Wednesday,False,FY2022-23
20220407,2022-04-07,7,4,April,Q2,2022,14,4,Thursday,False,FY2022-23
20220408,2022-04-08,8,4,April,Q2,2022,14,5,Friday,False,FY2022-23
20220409,2022-04-09,9,4,April,Q2,2022,14,6,Saturday,True,FY2022-23
20220410,2022-04-10,10,4,April,Q2,2022,14,7,Sunday,True,FY2022-23
20220411,2022-04-11,11,4,April,Q2,2022,15,1,Monday,False,FY2022-23
20220412,2022-04-12,12,4,April,Q2,2022,15,2,Tuesday,False,FY2022-23
20220413,2022-04-13,13,4,April,Q2,2022,15,3,Wednesday,False,FY2022-23
20220414,2022-04-14,14,4,April,Q2,2022,15,4,Thursday,False,FY2022-23
20220415,2022-04-15,15,4,April,Q2,2022,15,5,Friday,False,FY2022-23
20220416,2022-04-16,16,4,April,Q2,2022,15,6,Saturday,True,FY2022-23
20220417,2022-04-17,17,4,April,Q2,2022,15,7,Sunday,True,FY2022-23
20220418,2022-04-18,18,4,April,Q2,2022,16,1,Monday,False,FY2022-23
20220419,2022-04-19,19,4,April,Q2,2022,16,2,Tuesday,False,FY2022-23
20220420,2022-04-20,20,4,April,Q2,2022,16,3,Wednesday,False,FY2022-23
20220421,2022-04-21,21,4,April,Q2,2022,16,4,Thursday,False,FY2022-23
20220422,2022-04-22,22,4,April,Q2,2022,16,5,Friday,False,FY2022-23
20220423,2022-04-23,23,4,April,Q2,2022,16,6,Saturday,True,FY2022-23
20220424,2022-04-24,24,4,April,Q2,2022,16,7,Sunday,True,FY2022-23
20220425,2022-04-25,25,4,April,Q2,2022,17,1,Monday,False,FY2022-23
20220426,2022-04-26,26,4,April,Q2,2022,17,2,Tuesday,False,FY2022-23
20220427,2022-04-27,27,4,April,Q2,2022,17,3,Wednesday,False,FY2022-23
20220428,2022-04-28,28,4,April,Q2,2022,17,4,Thursday,False,FY2022-23
20220429,2022-04-29,29,4,April,Q2,2022,17,5,Friday,False,FY2022-23
20220430,2022-04-30,30,4,April,Q2,2022,17,6,Saturday,True,FY2022-23
20220501,2022-05-01,1,5,May,Q2,2022,17,7,Sunday,True,FY2022-23
20220502,2022-05-02,2,5,May,Q2,2022,18,1,Monday,False,FY2022-23
20220503,2022-05-03,3,5,May,Q2,2022,18,2,Tuesday,False,FY2022-23
20220504,2022-05-04,4,5,May,Q2,2022,18,3,Wednesday,False,FY2022-23
20220505,2022-05-05,5,5,May,Q2,2022,18,4,Thursday,False,FY2022-23
20220506,2022-05-06,6,5,May,Q2,2022,18,5,Friday,False,FY2022-23
20220507,2022-05-07,7,5,May,Q2,2022,18,6,Saturday,True,FY2022-23
20220508,2022-05-08,8,5,May,Q2,2022,18,7,Sunday,True,FY2022-23
20220509,2022-05-09,9,5,May,Q2,2022,19,1,Monday,False,FY2022-23
20220510,2022-05-10,10,5,May,Q2,2022,19,2,Tuesday,False,FY2022-23
20220511,2022-05-11,11,5,May,Q2,2022,19,3,Wednesday,False,FY2022-23
20220512,2022-05-12,12,5,May,Q2,2022,19,4,Thursday,False,FY2022-23
20220513,2022-05-13,13,5,May,Q2,2022,19,5,Friday,False,FY2022-23
20220514,2022-05-14,14,5,May,Q2,2022,19,6,Saturday,True,FY2022-23
20220515,2022-05-15,15,5,May,Q2,2022,19,7,Sunday,True,FY2022-23
20220516,2022-05-16,16,5,May,Q2,2022,20,1,Monday,False,FY2022-23
20220517,2022-05-17,17,5,May,Q2,2022,20,2,Tuesday,False,FY2022-23
20220518,2022-05-18,18,5,May,Q2,2022,20,3,Wednesday,False,FY2022-23
20220519,2022-05-19,19,5,May,Q2,2022,20,4,Thursday,False,FY2022-23
20220520,2022-05-20,20,5,May,Q2,2022,20,5,Friday,False,FY2022-23
20220521,2022-05-21,21,5,May,Q2,2022,20,6,Saturday,True,FY2022-23
20220522,2022-05-22,22,5,May,Q2,2022,20,7,Sunday,True,FY2022-23
20220523,2022-05-23,23,5,May,Q2,2022,21,1,Monday,False,FY2022-23
20220524,2022-05-24,24,5,May,Q2,2022,21,2,Tuesday,False,FY2022-23
20220525,2022-05-25,25,5,May,Q2,2022,21,3,Wednesday,False,FY2022-23
20220526,2022-05-26,26,5,May,Q2,2022,21,4,Thursday,False,FY2022-23
20220527,2022-05-27,27,5,May,Q2,2022,21,5,Friday,False,FY2022-23
20220528,2022-05-28,28,5,May,Q2,2022,21,6,Saturday,True,FY2022-23
20220529,2022-05-29,29,5,May,Q2,2022,21,7,Sunday,True,FY2022-23
20220530,2022-05-30,30,5,May,Q2,2022,22,1,Monday,False,FY2022-23
20220531,2022-05-31,31,5,May,Q2,2022,22,2,Tuesday,False,FY2022-23
20220601,2022-06-01,1,6,June,Q2,2022,22,3,Wednesday,False,FY2022-23
20220602,2022-06-02,2,6,June,Q2,2022,22,4,Thursday,False,FY2022-23
20220603,2022-06-03,3,6,June,Q2,2022,22,5,Friday,False,FY2022-23
20220604,2022-06-04,4,6,June,Q2,2022,22,6,Saturday,True,FY2022-23
20220605,2022-06-05,5,6,June,Q2,2022,22,7,Sunday,True,FY2022-23
20220606,2022-06-06,6,6,June,Q2,2022,23,1,Monday,False,FY2022-23
20220607,2022-06-07,7,6,June,Q2,2022,23,2,Tuesday,False,FY2022-23
20220608,2022-06-08,8,6,June,Q2,2022,23,3,Wednesday,False,FY2022-23
20220609,2022-06-09,9,6,June,Q2,2022,23,4,Thursday,False,FY2022-23
20220610,2022-06-10,10,6,June,Q2,2022,23,5,Friday,False,FY2022-23
20220611,2022-06-11,11,6,June,Q2,2022,23,6,Saturday,True,FY2022-23
20220612,2022-06-12,12,6,June,Q2,2022,23,7,Sunday,True,FY2022-23
20220613,2022-06-13,13,6,June,Q2,2022,24,1,Monday,False,FY2022-23
20220614,2022-06-14,14,6,June,Q2,2022,24,2,Tuesday,False,FY2022-23
20220615,2022-06-15,15,6,June,Q2,2022,24,3,Wednesday,False,FY2022-23
20220616,2022-06-16,16,6,June,Q2,2022,24,4,Thursday,False,FY2022-23
20220617,2022-06-17,17,6,June,Q2,2022,24,5,Friday,False,FY2022-23
20220618,2022-06-18,18,6,June,Q2,2022,24,6,Saturday,True,FY2022-23
20220619,2022-06-19,19,6,June,Q2,2022,24,7,Sunday,True,FY2022-23
20220620,2022-06-20,20,6,June,Q2,2022,25,1,Monday,False,FY2022-23
20220621,2022-06-21,21,6,June,Q2,2022,25,2,Tuesday,False,FY2022-23
20220622,2022-06-22,22,6,June,Q2,2022,25,3,Wednesday,False,FY2022-23
20220623,2022-06-23,23,6,June,Q2,2022,25,4,Thursday,False,FY2022-23
20220624,2022-06-24,24,6,June,Q2,2022,25,5,Friday,False,FY2022-23
20220625,2022-06-25,25,6,June,Q2,2022,25,6,Saturday,True,FY2022-23
20220626,2022-06-26,26,6,June,Q2,2022,25,7,Sunday,True,FY2022-23
20220627,2022-06-27,27,6,June,Q2,2022,26,1,Monday,False,FY2022-23
20220628,2022-06-28,28,6,June,Q2,2022,26,2,Tuesday,False,FY2022-23
20220629,2022-06-29,29,6,June,Q2,2022,26,3,Wednesday,False,FY2022-23
20220630,2022-06-30,30,6,June,Q2,2022,26,4,Thursday,False,FY2022-23
20220701,2022-07-01,1,7,July,Q3,2022,26,5,Friday,False,FY2022-23
20220702,2022-07-02,2,7,July,Q3,2022,26,6,Saturday,True,FY2022-23
20220703,2022-07-03,3,7,July,Q3,2022,26,7,Sunday,True,FY2022-23
20220704,2022-07-04,4,7,July,Q3,2022,27,1,Monday,False,FY2022-23
20220705,2022-07-05,5,7,July,Q3,2022,27,2,Tuesday,False,FY2022-23
20220706,2022-07-06,6,7,July,Q3,2022,27,3,Wednesday,False,FY2022-23
20220707,2022-07-07,7,7,July,Q3,2022,27,4,Thursday,False,FY2022-23
20220708,2022-07-08,8,7,July,Q3,2022,27,5,Friday,False,FY2022-23
20220709,2022-07-09,9,7,July,Q3,2022,27,6,Saturday,True,FY2022-23
20220710,2022-07-10,10,7,July,Q3,2022,27,7,Sunday,True,FY2022-23
20220711,2022-07-11,11,7,July,Q3,2022,28,1,Monday,False,FY2022-23
20220712,2022-07-12,12,7,July,Q3,2022,28,2,Tuesday,False,FY2022-23
20220713,2022-07-13,13,7,July,Q3,2022,28,3,Wednesday,False,FY2022-23
20220714,2022-07-14,14,7,July,Q3,2022,28,4,Thursday,False,FY2022-23
20220715,2022-07-15,15,7,July,Q3,2022,28,5,Friday,False,FY2022-23
20220716,2022-07-16,16,7,July,Q3,2022,28,6,Saturday,True,FY2022-23
20220717,2022-07-17,17,7,July,Q3,2022,28,7,Sunday,True,FY2022-23
20220718,2022-07-18,18,7,July,Q3,2022,29,1,Monday,False,FY2022-23
20220719,2022-07-19,19,7,July,Q3,2022,29,2,Tuesday,False,FY2022-23
20220720,2022-07-20,20,7,July,Q3,2022,29,3,Wednesday,False,FY2022-23
20220721,2022-07-21,21,7,July,Q3,2022,29,4,Thursday,False,FY2022-23
20220722,2022-07-22,22,7,July,Q3,2022,29,5,Friday,False,FY2022-23
20220723,2022-07-23,23,7,July,Q3,2022,29,6,Saturday,True,FY2022-23
20220724,2022-07-24,24,7,July,Q3,2022,29,7,Sunday,True,FY2022-23
20220725,2022-07-25,25,7,July,Q3,2022,30,1,Monday,False,FY2022-23
20220726,2022-07-26,26,7,July,Q3,2022,30,2,Tuesday,False,FY2022-23
20220727,2022-07-27,27,7,July,Q3,2022,30,3,Wednesday,False,FY2022-23
20220728,2022-07-28,28,7,July,Q3,2022,30,4,Thursday,False,FY2022-23
20220729,2022-07-29,29,7,July,Q3,2022,30,5,Friday,False,FY2022-23
20220730,2022-07-30,30,7,July,Q3,2022,30,6,Saturday,True,FY2022-23
20220731,2022-07-31,31,7,July,Q3,2022,30,7,Sunday,True,FY2022-23
20220801,2022-08-01,1,8,August,Q3,2022,31,1,Monday,False,FY2022-23
20220802,2022-08-02,2,8,August,Q3,2022,31,2,Tuesday,False,FY2022-23
20220803,2022-08-03,3,8,August,Q3,2022,31,3,Wednesday,False,FY2022-23
20220804,2022-08-04,4,8,August,Q3,2022,31,4,Thursday,False,FY2022-23
20220805,2022-08-05,5,8,August,Q3,2022,31,5,Friday,False,FY2022-23
20220806,2022-08-06,6,8,August,Q3,2022,31,6,Saturday,True,FY2022-23
20220807,2022-08-07,7,8,August,Q3,2022,31,7,Sunday,True,FY2022-23
20220808,2022-08-08,8,8,August,Q3,2022,32,1,Monday,False,FY2022-23
20220809,2022-08-09,9,8,August,Q3,2022,32,2,Tuesday,False,FY2022-23
20220810,2022-08-10,10,8,August,Q3,2022,32,3,Wednesday,False,FY2022-23
20220811,2022-08-11,11,8,August,Q3,2022,32,4,Thursday,False,FY2022-23
20220812,2022-08-12,12,8,August,Q3,2022,32,5,Friday,False,FY2022-23
20220813,2022-08-13,13,8,August,Q3,2022,32,6,Saturday,True,FY2022-23
20220814,2022-08-14,14,8,August,Q3,2022,32,7,Sunday,True,FY2022-23
20220815,2022-08-15,15,8,August,Q3,2022,33,1,Monday,False,FY2022-23
20220816,2022-08-16,16,8,August,Q3,2022,33,2,Tuesday,False,FY2022-23
20220817,2022-08-17,17,8,August,Q3,2022,33,3,Wednesday,False,FY2022-23
20220818,2022-08-18,18,8,August,Q3,2022,33,4,Thursday,False,FY2022-23
20220819,2022-08-19,19,8,August,Q3,2022,33,5,Friday,False,FY2022-23
20220820,2022-08-20,20,8,August,Q3,2022,33,6,Saturday,True,FY2022-23
20220821,2022-08-21,21,8,August,Q3,2022,33,7,Sunday,True,FY2022-23
20220822,2022-08-22,22,8,August,Q3,2022,34,1,Monday,False,FY2022-23
20220823,2022-08-23,23,8,August,Q3,2022,34,2,Tuesday,False,FY2022-23
20220824,2022-08-24,24,8,August,Q3,2022,34,3,Wednesday,False,FY2022-23
20220825,2022-08-25,25,8,August,Q3,2022,34,4,Thursday,False,FY2022-23
20220826,2022-08-26,26,8,August,Q3,2022,34,5,Friday,False,FY2022-23
20220827,2022-08-27,27,8,August,Q3,2022,34,6,Saturday,True,FY2022-23
20220828,2022-08-28,28,8,August,Q3,2022,34,7,Sunday,True,FY2022-23
20220829,2022-08-29,29,8,August,Q3,2022,35,1,Monday,False,FY2022-23
20220830,2022-08-30,30,8,August,Q3,2022,35,2,Tuesday,False,FY2022-23
20220831,2022-08-31,31,8,August,Q3,2022,35,3,Wednesday,False,FY2022-23
20220901,2022-09-01,1,9,September,Q3,2022,35,4,Thursday,False,FY2022-23
20220902,2022-09-02,2,9,September,Q3,2022,35,5,Friday,False,FY2022-23
20220903,2022-09-03,3,9,September,Q3,2022,35,6,Saturday,True,FY2022-23
20220904,2022-09-04,4,9,September,Q3,2022,35,7,Sunday,True,FY2022-23
20220905,2022-09-05,5,9,September,Q3,2022,36,1,Monday,False,FY2022-23
20220906,2022-09-06,6,9,September,Q3,2022,36,2,Tuesday,False,FY2022-23
20220907,2022-09-07,7,9,September,Q3,2022,36,3,Wednesday,False,FY2022-23
20220908,2022-09-08,8,9,September,Q3,2022,36,4,Thursday,False,FY2022-23
20220909,2022-09-09,9,9,September,Q3,2022,36,5,Friday,False,FY2022-23
20220910,2022-09-10,10,9,September,Q3,2022,36,6,Saturday,True,FY2022-23
20220911,2022-09-11,11,9,September,Q3,2022,36,7,Sunday,True,FY2022-23
20220912,2022-09-12,12,9,September,Q3,2022,37,1,Monday,False,FY2022-23
20220913,2022-09-13,13,9,September,Q3,2022,37,2,Tuesday,False,FY2022-23
20220914,2022-09-14,14,9,September,Q3,2022,37,3,Wednesday,False,FY2022-23
20220915,2022-09-15,15,9,September,Q3,2022,37,4,Thursday,False,FY2022-23
20220916,2022-09-16,16,9,September,Q3,2022,37,5,Friday,False,FY2022-23
20220917,2022-09-17,17,9,September,Q3,2022,37,6,Saturday,True,FY2022-23
20220918,2022-09-18,18,9,September,Q3,2022,37,7,Sunday,True,FY2022-23
20220919,2022-09-19,19,9,September,Q3,2022,38,1,Monday,False,FY2022-23
20220920,2022-09-20,20,9,September,Q3,2022,38,2,Tuesday,False,FY2022-23
20220921,2022-09-21,21,9,September,Q3,2022,38,3,Wednesday,False,FY2022-23
20220922,2022-09-22,22,9,September,Q3,2022,38,4,Thursday,False,FY2022-23
20220923,2022-09-23,23,9,September,Q3,2022,38,5,Friday,False,FY2022-23
20220924,2022-09-24,24,9,September,Q3,2022,38,6,Saturday,True,FY2022-23
20220925,2022-09-25,25,9,September,Q3,2022,38,7,Sunday,True,FY2022-23
20220926,2022-09-26,26,9,September,Q3,2022,39,1,Monday,False,FY2022-23
20220927,2022-09-27,27,9,September,Q3,2022,39,2,Tuesday,False,FY2022-23
20220928,2022-09-28,28,9,September,Q3,2022,39,3,Wednesday,False,FY2022-23
20220929,2022-09-29,29,9,September,Q3,2022,39,4,Thursday,False,FY2022-23
20220930,2022-09-30,30,9,September,Q3,2022,39,5,Friday,False,FY2022-23
20221001,2022-10-01,1,10,October,Q4,2022,39,6,Saturday,True,FY2022-23
20221002,2022-10-02,2,10,October,Q4,2022,39,7,Sunday,True,FY2022-23
20221003,2022-10-03,3,10,October,Q4,2022,40,1,Monday,False,FY2022-23
20221004,2022-10-04,4,10,October,Q4,2022,40,2,Tuesday,False,FY2022-23
20221005,2022-10-05,5,10,October,Q4,2022,40,3,Wednesday,False,FY2022-23
20221006,2022-10-06,6,10,October,Q4,2022,40,4,Thursday,False,FY2022-23
20221007,2022-10-07,7,10,October,Q4,2022,40,5,Friday,False,FY2022-23
20221008,2022-10-08,8,10,October,Q4,2022,40,6,Saturday,True,FY2022-23
20221009,2022-10-09,9,10,October,Q4,2022,40,7,Sunday,True,FY2022-23
20221010,2022-10-10,10,10,October,Q4,2022,41,1,Monday,False,FY2022-23
20221011,2022-10-11,11,10,October,Q4,2022,41,2,Tuesday,False,FY2022-23
20221012,2022-10-12,12,10,October,Q4,2022,41,3,Wednesday,False,FY2022-23
20221013,2022-10-13,13,10,October,Q4,2022,41,4,Thursday,False,FY2022-23
20221014,2022-10-14,14,10,October,Q4,2022,41,5,Friday,False,FY2022-23
20221015,2022-10-15,15,10,October,Q4,2022,41,6,Saturday,True,FY2022-23
20221016,2022-10-16,16,10,October,Q4,2022,41,7,Sunday,True,FY2022-23
20221017,2022-10-17,17,10,October,Q4,2022,42,1,Monday,False,FY2022-23
20221018,2022-10-18,18,10,October,Q4,2022,42,2,Tuesday,False,FY2022-23
20221019,2022-10-19,19,10,October,Q4,2022,42,3,Wednesday,False,FY2022-23
20221020,2022-10-20,20,10,October,Q4,2022,42,4,Thursday,False,FY2022-23
20221021,2022-10-21,21,10,October,Q4,2022,42,5,Friday,False,FY2022-23
20221022,2022-10-22,22,10,October,Q4,2022,42,6,Saturday,True,FY2022-23
20221023,2022-10-23,23,10,October,Q4,2022,42,7,Sunday,True,FY2022-23
20221024,2022-10-24,24,10,October,Q4,2022,43,1,Monday,False,FY2022-23
20221025,2022-10-25,25,10,October,Q4,2022,43,2,Tuesday,False,FY2022-23
20221026,2022-10-26,26,10,October,Q4,2022,43,3,Wednesday,False,FY2022-23
20221027,2022-10-27,27,10,October,Q4,2022,43,4,Thursday,False,FY2022-23
20221028,2022-10-28,28,10,October,Q4,2022,43,5,Friday,False,FY2022-23
20221029,2022-10-29,29,10,October,Q4,2022,43,6,Saturday,True,FY2022-23
20221030,2022-10-30,30,10,October,Q4,2022,43,7,Sunday,True,FY2022-23
20221031,2022-10-31,31,10,October,Q4,2022,44,1,Monday,False,FY2022-23
20221101,2022-11-01,1,11,November,Q4,2022,44,2,Tuesday,False,FY2022-23
20221102,2022-11-02,2,11,November,Q4,2022,44,3,Wednesday,False,FY2022-23
20221103,2022-11-03,3,11,November,Q4,2022,44,4,Thursday,False,FY2022-23
20221104,2022-11-04,4,11,November,Q4,2022,44,5,Friday,False,FY2022-23
20221105,2022-11-05,5,11,November,Q4,2022,44,6,Saturday,True,FY2022-23
20221106,2022-11-06,6,11,November,Q4,2022,44,7,Sunday,True,FY2022-23
20221107,2022-11-07,7,11,November,Q4,2022,45,1,Monday,False,FY2022-23
20221108,2022-11-08,8,11,November,Q4,2022,45,2,Tuesday,False,FY2022-23
20221109,2022-11-09,9,11,November,Q4,2022,45,3,Wednesday,False,FY2022-23
20221110,2022-11-10,10,11,November,Q4,2022,45,4,Thursday,False,FY2022-23
20221111,2022-11-11,11,11,November,Q4,2022,45,5,Friday,False,FY2022-23
20221112,2022-11-12,12,11,November,Q4,2022,45,6,Saturday,True,FY2022-23
20221113,2022-11-13,13,11,November,Q4,2022,45,7,Sunday,True,FY2022-23
20221114,2022-11-14,14,11,November,Q4,2022,46,1,Monday,False,FY2022-23
20221115,2022-11-15,15,11,November,Q4,2022,46,2,Tuesday,False,FY2022-23
20221116,2022-11-16,16,11,November,Q4,2022,46,3,Wednesday,False,FY2022-23
20221117,2022-11-17,17,11,November,Q4,2022,46,4,Thursday,False,FY2022-23
20221118,2022-11-18,18,11,November,Q4,2022,46,5,Friday,False,FY2022-23
20221119,2022-11-19,19,11,November,Q4,2022,46,6,Saturday,True,FY2022-23
20221120,2022-11-20,20,11,November,Q4,2022,46,7,Sunday,True,FY2022-23
20221121,2022-11-21,21,11,November,Q4,2022,47,1,Monday,False,FY2022-23
20221122,2022-11-22,22,11,November,Q4,2022,47,2,Tuesday,False,FY2022-23
20221123,2022-11-23,23,11,November,Q4,2022,47,3,Wednesday,False,FY2022-23
20221124,2022-11-24,24,11,November,Q4,2022,47,4,Thursday,False,FY2022-23
20221125,2022-11-25,25,11,November,Q4,2022,47,5,Friday,False,FY2022-23
20221126,2022-11-26,26,11,November,Q4,2022,47,6,Saturday,True,FY2022-23
20221127,2022-11-27,27,11,November,Q4,2022,47,7,Sunday,True,FY2022-23
20221128,2022-11-28,28,11,November,Q4,2022,48,1,Monday,False,FY2022-23
20221129,2022-11-29,29,11,November,Q4,2022,48,2,Tuesday,False,FY2022-23
20221130,2022-11-30,30,11,November,Q4,2022,48,3,Wednesday,False,FY2022-23
20221201,2022-12-01,1,12,December,Q4,2022,48,4,Thursday,False,FY2022-23
20221202,2022-12-02,2,12,December,Q4,2022,48,5,Friday,False,FY2022-23
20221203,2022-12-03,3,12,December,Q4,2022,48,6,Saturday,True,FY2022-23
20221204,2022-12-04,4,12,December,Q4,2022,48,7,Sunday,True,FY2022-23
20221205,2022-12-05,5,12,December,Q4,2022,49,1,Monday,False,FY2022-23
20221206,2022-12-06,6,12,December,Q4,2022,49,2,Tuesday,False,FY2022-23
20221207,2022-12-07,7,12,December,Q4,2022,49,3,Wednesday,False,FY2022-23
20221208,2022-12-08,8,12,December,Q4,2022,49,4,Thursday,False,FY2022-23
20221209,2022-12-09,9,12,December,Q4,2022,49,5,Friday,False,FY2022-23
20221210,2022-12-10,10,12,December,Q4,2022,49,6,Saturday,True,FY2022-23
20221211,2022-12-11,11,12,December,Q4,2022,49,7,Sunday,True,FY2022-23
20221212,2022-12-12,12,12,December,Q4,2022,50,1,Monday,False,FY2022-23
20221213,2022-12-13,13,12,December,Q4,2022,50,2,Tuesday,False,FY2022-23
20221214,2022-12-14,14,12,December,Q4,2022,50,3,Wednesday,False,FY2022-23
20221215,2022-12-15,15,12,December,Q4,2022,50,4,Thursday,False,FY2022-23
20221216,2022-12-16,16,12,December,Q4,2022,50,5,Friday,False,FY2022-23
20221217,2022-12-17,17,12,December,Q4,2022,50,6,Saturday,True,FY2022-23
20221218,2022-12-18,18,12,December,Q4,2022,50,7,Sunday,True,FY2022-23
20221219,2022-12-19,19,12,December,Q4,2022,51,1,Monday,False,FY2022-23
20221220,2022-12-20,20,12,December,Q4,2022,51,2,Tuesday,False,FY2022-23
20221221,2022-12-21,21,12,December,Q4,2022,51,3,Wednesday,False,FY2022-23
20221222,2022-12-22,22,12,December,Q4,2022,51,4,Thursday,False,FY2022-23
20221223,2022-12-23,23,12,December,Q4,2022,51,5,Friday,False,FY2022-23
20221224,2022-12-24,24,12,December,Q4,2022,51,6,Saturday,True,FY2022-23
20221225,2022-12-25,25,12,December,Q4,2022,51,7,Sunday,True,FY2022-23
20221226,2022-12-26,26,12,December,Q4,2022,52,1,Monday,False,FY2022-23
20221227,2022-12-27,27,12,December,Q4,2022,52,2,Tuesday,False,FY2022-23
20221228,2022-12-28,28,12,December,Q4,2022,52,3,Wednesday,False,FY2022-23
20221229,2022-12-29,29,12,December,Q4,2022,52,4,Thursday,False,FY2022-23
20221230,2022-12-30,30,12,December,Q4,2022,52,5,Friday,False,FY2022-23
20221231,2022-12-31,31,12,December,Q4,2022,52,6,Saturday,True,FY2022-23
20230101,2023-01-01,1,1,January,Q1,2023,52,7,Sunday,True,FY2022-23
20230102,2023-01-02,2,1,January,Q1,2023,1,1,Monday,False,FY2022-23
20230103,2023-01-03,3,1,January,Q1,2023,1,2,Tuesday,False,FY2022-23
20230104,2023-01-04,4,1,January,Q1,2023,1,3,Wednesday,False,FY2022-23
20230105,2023-01-05,5,1,January,Q1,2023,1,4,Thursday,False,FY2022-23
20230106,2023-01-06,6,1,January,Q1,2023,1,5,Friday,False,FY2022-23
20230107,2023-01-07,7,1,January,Q1,2023,1,6,Saturday,True,FY2022-23
20230108,2023-01-08,8,1,January,Q1,2023,1,7,Sunday,True,FY2022-23
20230109,2023-01-09,9,1,January,Q1,2023,2,1,Monday,False,FY2022-23
20230110,2023-01-10,10,1,January,Q1,2023,2,2,Tuesday,False,FY2022-23
20230111,2023-01-11,11,1,January,Q1,2023,2,3,Wednesday,False,FY2022-23
20230112,2023-01-12,12,1,January,Q1,2023,2,4,Thursday,False,FY2022-23
20230113,2023-01-13,13,1,January,Q1,2023,2,5,Friday,False,FY2022-23
20230114,2023-01-14,14,1,January,Q1,2023,2,6,Saturday,True,FY2022-23
20230115,2023-01-15,15,1,January,Q1,2023,2,7,Sunday,True,FY2022-23
20230116,2023-01-16,16,1,January,Q1,2023,3,1,Monday,False,FY2022-23
20230117,2023-01-17,17,1,January,Q1,2023,3,2,Tuesday,False,FY2022-23
20230118,2023-01-18,18,1,January,Q1,2023,3,3,Wednesday,False,FY2022-23
20230119,2023-01-19,19,1,January,Q1,2023,3,4,Thursday,False,FY2022-23
20230120,2023-01-20,20,1,January,Q1,2023,3,5,Friday,False,FY2022-23
20230121,2023-01-21,21,1,January,Q1,2023,3,6,Saturday,True,FY2022-23
20230122,2023-01-22,22,1,January,Q1,2023,3,7,Sunday,True,FY2022-23
20230123,2023-01-23,23,1,January,Q1,2023,4,1,Monday,False,FY2022-23
20230124,2023-01-24,24,1,January,Q1,2023,4,2,Tuesday,False,FY2022-23
20230125,2023-01-25,25,1,January,Q1,2023,4,3,Wednesday,False,FY2022-23
20230126,2023-01-26,26,1,January,Q1,2023,4,4,Thursday,False,FY2022-23
20230127,2023-01-27,27,1,January,Q1,2023,4,5,Friday,False,FY2022-23
20230128,2023-01-28,28,1,January,Q1,2023,4,6,Saturday,True,FY2022-23
20230129,2023-01-29,29,1,January,Q1,2023,4,7,Sunday,True,FY2022-23
20230130,2023-01-30,30,1,January,Q1,2023,5,1,Monday,False,FY2022-23
20230131,2023-01-31,31,1,January,Q1,2023,5,2,Tuesday,False,FY2022-23
20230201,2023-02-01,1,2,February,Q1,2023,5,3,Wednesday,False,FY2022-23
20230202,2023-02-02,2,2,February,Q1,2023,5,4,Thursday,False,FY2022-23
20230203,2023-02-03,3,2,February,Q1,2023,5,5,Friday,False,FY2022-23
20230204,2023-02-04,4,2,February,Q1,2023,5,6,Saturday,True,FY2022-23
20230205,2023-02-05,5,2,February,Q1,2023,5,7,Sunday,True,FY2022-23
20230206,2023-02-06,6,2,February,Q1,2023,6,1,Monday,False,FY2022-23
20230207,2023-02-07,7,2,February,Q1,2023,6,2,Tuesday,False,FY2022-23
20230208,2023-02-08,8,2,February,Q1,2023,6,3,Wednesday,False,FY2022-23
20230209,2023-02-09,9,2,February,Q1,2023,6,4,Thursday,False,FY2022-23
20230210,2023-02-10,10,2,February,Q1,2023,6,5,Friday,False,FY2022-23
20230211,2023-02-11,11,2,February,Q1,2023,6,6,Saturday,True,FY2022-23
20230212,2023-02-12,12,2,February,Q1,2023,6,7,Sunday,True,FY2022-23
20230213,2023-02-13,13,2,February,Q1,2023,7,1,Monday,False,FY2022-23
20230214,2023-02-14,14,2,February,Q1,2023,7,2,Tuesday,False,FY2022-23
20230215,2023-02-15,15,2,February,Q1,2023,7,3,Wednesday,False,FY2022-23
20230216,2023-02-16,16,2,February,Q1,2023,7,4,Thursday,False,FY2022-23
20230217,2023-02-17,17,2,February,Q1,2023,7,5,Friday,False,FY2022-23
20230218,2023-02-18,18,2,February,Q1,2023,7,6,Saturday,True,FY2022-23
20230219,2023-02-19,19,2,February,Q1,2023,7,7,Sunday,True,FY2022-23
20230220,2023-02-20,20,2,February,Q1,2023,8,1,Monday,False,FY2022-23
20230221,2023-02-21,21,2,February,Q1,2023,8,2,Tuesday,False,FY2022-23
20230222,2023-02-22,22,2,February,Q1,2023,8,3,Wednesday,False,FY2022-23
20230223,2023-02-23,23,2,February,Q1,2023,8,4,Thursday,False,FY2022-23
20230224,2023-02-24,24,2,February,Q1,2023,8,5,Friday,False,FY2022-23
20230225,2023-02-25,25,2,February,Q1,2023,8,6,Saturday,True,FY2022-23
20230226,2023-02-26,26,2,February,Q1,2023,8,7,Sunday,True,FY2022-23
20230227,2023-02-27,27,2,February,Q1,2023,9,1,Monday,False,FY2022-23
20230228,2023-02-28,28,2,February,Q1,2023,9,2,Tuesday,False,FY2022-23
20230301,2023-03-01,1,3,March,Q1,2023,9,3,Wednesday,False,FY2022-23
20230302,2023-03-02,2,3,March,Q1,2023,9,4,Thursday,False,FY2022-23
20230303,2023-03-03,3,3,March,Q1,2023,9,5,Friday,False,FY2022-23
20230304,2023-03-04,4,3,March,Q1,2023,9,6,Saturday,True,FY2022-23
20230305,2023-03-05,5,3,March,Q1,2023,9,7,Sunday,True,FY2022-23
20230306,2023-03-06,6,3,March,Q1,2023,10,1,Monday,False,FY2022-23
20230307,2023-03-07,7,3,March,Q1,2023,10,2,Tuesday,False,FY2022-23
20230308,2023-03-08,8,3,March,Q1,2023,10,3,Wednesday,False,FY2022-23
20230309,2023-03-09,9,3,March,Q1,2023,10,4,Thursday,False,FY2022-23
20230310,2023-03-10,10,3,March,Q1,2023,10,5,Friday,False,FY2022-23
20230311,2023-03-11,11,3,March,Q1,2023,10,6,Saturday,True,FY2022-23
20230312,2023-03-12,12,3,March,Q1,2023,10,7,Sunday,True,FY2022-23
20230313,2023-03-13,13,3,March,Q1,2023,11,1,Monday,False,FY2022-23
20230314,2023-03-14,14,3,March,Q1,2023,11,2,Tuesday,False,FY2022-23
20230315,2023-03-15,15,3,March,Q1,2023,11,3,Wednesday,False,FY2022-23
20230316,2023-03-16,16,3,March,Q1,2023,11,4,Thursday,False,FY2022-23
20230317,2023-03-17,17,3,March,Q1,2023,11,5,Friday,False,FY2022-23
20230318,2023-03-18,18,3,March,Q1,2023,11,6,Saturday,True,FY2022-23
20230319,2023-03-19,19,3,March,Q1,2023,11,7,Sunday,True,FY2022-23
20230320,2023-03-20,20,3,March,Q1,2023,12,1,Monday,False,FY2022-23
20230321,2023-03-21,21,3,March,Q1,2023,12,2,Tuesday,False,FY2022-23
20230322,2023-03-22,22,3,March,Q1,2023,12,3,Wednesday,False,FY2022-23
20230323,2023-03-23,23,3,March,Q1,2023,12,4,Thursday,False,FY2022-23
20230324,2023-03-24,24,3,March,Q1,2023,12,5,Friday,False,FY2022-23
20230325,2023-03-25,25,3,March,Q1,2023,12,6,Saturday,True,FY2022-23
20230326,2023-03-26,26,3,March,Q1,2023,12,7,Sunday,True,FY2022-23
20230327,2023-03-27,27,3,March,Q1,2023,13,1,Monday,False,FY2022-23
20230328,2023-03-28,28,3,March,Q1,2023,13,2,Tuesday,False,FY2022-23
20230329,2023-03-29,29,3,March,Q1,2023,13,3,Wednesday,False,FY2022-23
20230330,2023-03-30,30,3,March,Q1,2023,13,4,Thursday,False,FY2022-23
20230331,2023-03-31,31,3,March,Q1,2023,13,5,Friday,False,FY2022-23
20230401,2023-04-01,1,4,April,Q2,2023,13,6,Saturday,True,FY2023-24
20230402,2023-04-02,2,4,April,Q2,2023,13,7,Sunday,True,FY2023-24
20230403,2023-04-03,3,4,April,Q2,2023,14,1,Monday,False,FY2023-24
20230404,2023-04-04,4,4,April,Q2,2023,14,2,Tuesday,False,FY2023-24
20230405,2023-04-05,5,4,April,Q2,2023,14,3,Wednesday,False,FY2023-24
20230406,2023-04-06,6,4,April,Q2,2023,14,4,Thursday,False,FY2023-24
20230407,2023-04-07,7,4,April,Q2,2023,14,5,Friday,False,FY2023-24
20230408,2023-04-08,8,4,April,Q2,2023,14,6,Saturday,True,FY2023-24
20230409,2023-04-09,9,4,April,Q2,2023,14,7,Sunday,True,FY2023-24
20230410,2023-04-10,10,4,April,Q2,2023,15,1,Monday,False,FY2023-24
20230411,2023-04-11,11,4,April,Q2,2023,15,2,Tuesday,False,FY2023-24
20230412,2023-04-12,12,4,April,Q2,2023,15,3,Wednesday,False,FY2023-24
20230413,2023-04-13,13,4,April,Q2,2023,15,4,Thursday,False,FY2023-24
20230414,2023-04-14,14,4,April,Q2,2023,15,5,Friday,False,FY2023-24
20230415,2023-04-15,15,4,April,Q2,2023,15,6,Saturday,True,FY2023-24
20230416,2023-04-16,16,4,April,Q2,2023,15,7,Sunday,True,FY2023-24
20230417,2023-04-17,17,4,April,Q2,2023,16,1,Monday,False,FY2023-24
20230418,2023-04-18,18,4,April,Q2,2023,16,2,Tuesday,False,FY2023-24
20230419,2023-04-19,19,4,April,Q2,2023,16,3,Wednesday,False,FY2023-24
20230420,2023-04-20,20,4,April,Q2,2023,16,4,Thursday,False,FY2023-24
20230421,2023-04-21,21,4,April,Q2,2023,16,5,Friday,False,FY2023-24
20230422,2023-04-22,22,4,April,Q2,2023,16,6,Saturday,True,FY2023-24
20230423,2023-04-23,23,4,April,Q2,2023,16,7,Sunday,True,FY2023-24
20230424,2023-04-24,24,4,April,Q2,2023,17,1,Monday,False,FY2023-24
20230425,2023-04-25,25,4,April,Q2,2023,17,2,Tuesday,False,FY2023-24
20230426,2023-04-26,26,4,April,Q2,2023,17,3,Wednesday,False,FY2023-24
20230427,2023-04-27,27,4,April,Q2,2023,17,4,Thursday,False,FY2023-24
20230428,2023-04-28,28,4,April,Q2,2023,17,5,Friday,False,FY2023-24
20230429,2023-04-29,29,4,April,Q2,2023,17,6,Saturday,True,FY2023-24
20230430,2023-04-30,30,4,April,Q2,2023,17,7,Sunday,True,FY2023-24
20230501,2023-05-01,1,5,May,Q2,2023,18,1,Monday,False,FY2023-24
20230502,2023-05-02,2,5,May,Q2,2023,18,2,Tuesday,False,FY2023-24
20230503,2023-05-03,3,5,May,Q2,2023,18,3,Wednesday,False,FY2023-24
20230504,2023-05-04,4,5,May,Q2,2023,18,4,Thursday,False,FY2023-24
20230505,2023-05-05,5,5,May,Q2,2023,18,5,Friday,False,FY2023-24
20230506,2023-05-06,6,5,May,Q2,2023,18,6,Saturday,True,FY2023-24
20230507,2023-05-07,7,5,May,Q2,2023,18,7,Sunday,True,FY2023-24
20230508,2023-05-08,8,5,May,Q2,2023,19,1,Monday,False,FY2023-24
20230509,2023-05-09,9,5,May,Q2,2023,19,2,Tuesday,False,FY2023-24
20230510,2023-05-10,10,5,May,Q2,2023,19,3,Wednesday,False,FY2023-24
20230511,2023-05-11,11,5,May,Q2,2023,19,4,Thursday,False,FY2023-24
20230512,2023-05-12,12,5,May,Q2,2023,19,5,Friday,False,FY2023-24
20230513,2023-05-13,13,5,May,Q2,2023,19,6,Saturday,True,FY2023-24
20230514,2023-05-14,14,5,May,Q2,2023,19,7,Sunday,True,FY2023-24
20230515,2023-05-15,15,5,May,Q2,2023,20,1,Monday,False,FY2023-24
20230516,2023-05-16,16,5,May,Q2,2023,20,2,Tuesday,False,FY2023-24
20230517,2023-05-17,17,5,May,Q2,2023,20,3,Wednesday,False,FY2023-24
20230518,2023-05-18,18,5,May,Q2,2023,20,4,Thursday,False,FY2023-24
20230519,2023-05-19,19,5,May,Q2,2023,20,5,Friday,False,FY2023-24
20230520,2023-05-20,20,5,May,Q2,2023,20,6,Saturday,True,FY2023-24
20230521,2023-05-21,21,5,May,Q2,2023,20,7,Sunday,True,FY2023-24
20230522,2023-05-22,22,5,May,Q2,2023,21,1,Monday,False,FY2023-24
20230523,2023-05-23,23,5,May,Q2,2023,21,2,Tuesday,False,FY2023-24
20230524,2023-05-24,24,5,May,Q2,2023,21,3,Wednesday,False,FY2023-24
20230525,2023-05-25,25,5,May,Q2,2023,21,4,Thursday,False,FY2023-24
20230526,2023-05-26,26,5,May,Q2,2023,21,5,Friday,False,FY2023-24
20230527,2023-05-27,27,5,May,Q2,2023,21,6,Saturday,True,FY2023-24
20230528,2023-05-28,28,5,May,Q2,2023,21,7,Sunday,True,FY2023-24
20230529,2023-05-29,29,5,May,Q2,2023,22,1,Monday,False,FY2023-24
20230530,2023-05-30,30,5,May,Q2,2023,22,2,Tuesday,False,FY2023-24
20230531,2023-05-31,31,5,May,Q2,2023,22,3,Wednesday,False,FY2023-24
20230601,2023-06-01,1,6,June,Q2,2023,22,4,Thursday,False,FY2023-24
20230602,2023-06-02,2,6,June,Q2,2023,22,5,Friday,False,FY2023-24
20230603,2023-06-03,3,6,June,Q2,2023,22,6,Saturday,True,FY2023-24
20230604,2023-06-04,4,6,June,Q2,2023,22,7,Sunday,True,FY2023-24
20230605,2023-06-05,5,6,June,Q2,2023,23,1,Monday,False,FY2023-24
20230606,2023-06-06,6,6,June,Q2,2023,23,2,Tuesday,False,FY2023-24
20230607,2023-06-07,7,6,June,Q2,2023,23,3,Wednesday,False,FY2023-24
20230608,2023-06-08,8,6,June,Q2,2023,23,4,Thursday,False,FY2023-24
20230609,2023-06-09,9,6,June,Q2,2023,23,5,Friday,False,FY2023-24
20230610,2023-06-10,10,6,June,Q2,2023,23,6,Saturday,True,FY2023-24
20230611,2023-06-11,11,6,June,Q2,2023,23,7,Sunday,True,FY2023-24
20230612,2023-06-12,12,6,June,Q2,2023,24,1,Monday,False,FY2023-24
20230613,2023-06-13,13,6,June,Q2,2023,24,2,Tuesday,False,FY2023-24
20230614,2023-06-14,14,6,June,Q2,2023,24,3,Wednesday,False,FY2023-24
20230615,2023-06-15,15,6,June,Q2,2023,24,4,Thursday,False,FY2023-24
20230616,2023-06-16,16,6,June,Q2,2023,24,5,Friday,False,FY2023-24
20230617,2023-06-17,17,6,June,Q2,2023,24,6,Saturday,True,FY2023-24
20230618,2023-06-18,18,6,June,Q2,2023,24,7,Sunday,True,FY2023-24
20230619,2023-06-19,19,6,June,Q2,2023,25,1,Monday,False,FY2023-24
20230620,2023-06-20,20,6,June,Q2,2023,25,2,Tuesday,False,FY2023-24
20230621,2023-06-21,21,6,June,Q2,2023,25,3,Wednesday,False,FY2023-24
20230622,2023-06-22,22,6,June,Q2,2023,25,4,Thursday,False,FY2023-24
20230623,2023-06-23,23,6,June,Q2,2023,25,5,Friday,False,FY2023-24
20230624,2023-06-24,24,6,June,Q2,2023,25,6,Saturday,True,FY2023-24
20230625,2023-06-25,25,6,June,Q2,2023,25,7,Sunday,True,FY2023-24
20230626,2023-06-26,26,6,June,Q2,2023,26,1,Monday,False,FY2023-24
20230627,2023-06-27,27,6,June,Q2,2023,26,2,Tuesday,False,FY2023-24
20230628,2023-06-28,28,6,June,Q2,2023,26,3,Wednesday,False,FY2023-24
20230629,2023-06-29,29,6,June,Q2,2023,26,4,Thursday,False,FY2023-24
20230630,2023-06-30,30,6,June,Q2,2023,26,5,Friday,False,FY2023-24
20230701,2023-07-01,1,7,July,Q3,2023,26,6,Saturday,True,FY2023-24
20230702,2023-07-02,2,7,July,Q3,2023,26,7,Sunday,True,FY2023-24
20230703,2023-07-03,3,7,July,Q3,2023,27,1,Monday,False,FY2023-24
20230704,2023-07-04,4,7,July,Q3,2023,27,2,Tuesday,False,FY2023-24
20230705,2023-07-05,5,7,July,Q3,2023,27,3,Wednesday,False,FY2023-24
20230706,2023-07-06,6,7,July,Q3,2023,27,4,Thursday,False,FY2023-24
20230707,2023-07-07,7,7,July,Q3,2023,27,5,Friday,False,FY2023-24
20230708,2023-07-08,8,7,July,Q3,2023,27,6,Saturday,True,FY2023-24
20230709,2023-07-09,9,7,July,Q3,2023,27,7,Sunday,True,FY2023-24
20230710,2023-07-10,10,7,July,Q3,2023,28,1,Monday,False,FY2023-24
20230711,2023-07-11,11,7,July,Q3,2023,28,2,Tuesday,False,FY2023-24
20230712,2023-07-12,12,7,July,Q3,2023,28,3,Wednesday,False,FY2023-24
20230713,2023-07-13,13,7,July,Q3,2023,28,4,Thursday,False,FY2023-24
20230714,2023-07-14,14,7,July,Q3,2023,28,5,Friday,False,FY2023-24
20230715,2023-07-15,15,7,July,Q3,2023,28,6,Saturday,True,FY2023-24
20230716,2023-07-16,16,7,July,Q3,2023,28,7,Sunday,True,FY2023-24
20230717,2023-07-17,17,7,July,Q3,2023,29,1,Monday,False,FY2023-24
20230718,2023-07-18,18,7,July,Q3,2023,29,2,Tuesday,False,FY2023-24
20230719,2023-07-19,19,7,July,Q3,2023,29,3,Wednesday,False,FY2023-24
20230720,2023-07-20,20,7,July,Q3,2023,29,4,Thursday,False,FY2023-24
20230721,2023-07-21,21,7,July,Q3,2023,29,5,Friday,False,FY2023-24
20230722,2023-07-22,22,7,July,Q3,2023,29,6,Saturday,True,FY2023-24
20230723,2023-07-23,23,7,July,Q3,2023,29,7,Sunday,True,FY2023-24
20230724,2023-07-24,24,7,July,Q3,2023,30,1,Monday,False,FY2023-24
20230725,2023-07-25,25,7,July,Q3,2023,30,2,Tuesday,False,FY2023-24
20230726,2023-07-26,26,7,July,Q3,2023,30,3,Wednesday,False,FY2023-24
20230727,2023-07-27,27,7,July,Q3,2023,30,4,Thursday,False,FY2023-24
20230728,2023-07-28,28,7,July,Q3,2023,30,5,Friday,False,FY2023-24
20230729,2023-07-29,29,7,July,Q3,2023,30,6,Saturday,True,FY2023-24
20230730,2023-07-30,30,7,July,Q3,2023,30,7,Sunday,True,FY2023-24
20230731,2023-07-31,31,7,July,Q3,2023,31,1,Monday,False,FY2023-24
20230801,2023-08-01,1,8,August,Q3,2023,31,2,Tuesday,False,FY2023-24
20230802,2023-08-02,2,8,August,Q3,2023,31,3,Wednesday,False,FY2023-24
20230803,2023-08-03,3,8,August,Q3,2023,31,4,Thursday,False,FY2023-24
20230804,2023-08-04,4,8,August,Q3,2023,31,5,Friday,False,FY2023-24
20230805,2023-08-05,5,8,August,Q3,2023,31,6,Saturday,True,FY2023-24
20230806,2023-08-06,6,8,August,Q3,2023,31,7,Sunday,True,FY2023-24
20230807,2023-08-07,7,8,August,Q3,2023,32,1,Monday,False,FY2023-24
20230808,2023-08-08,8,8,August,Q3,2023,32,2,Tuesday,False,FY2023-24
20230809,2023-08-09,9,8,August,Q3,2023,32,3,Wednesday,False,FY2023-24
20230810,2023-08-10,10,8,August,Q3,2023,32,4,Thursday,False,FY2023-24
20230811,2023-08-11,11,8,August,Q3,2023,32,5,Friday,False,FY2023-24
20230812,2023-08-12,12,8,August,Q3,2023,32,6,Saturday,True,FY2023-24
20230813,2023-08-13,13,8,August,Q3,2023,32,7,Sunday,True,FY2023-24
20230814,2023-08-14,14,8,August,Q3,2023,33,1,Monday,False,FY2023-24
20230815,2023-08-15,15,8,August,Q3,2023,33,2,Tuesday,False,FY2023-24
20230816,2023-08-16,16,8,August,Q3,2023,33,3,Wednesday,False,FY2023-24
20230817,2023-08-17,17,8,August,Q3,2023,33,4,Thursday,False,FY2023-24
20230818,2023-08-18,18,8,August,Q3,2023,33,5,Friday,False,FY2023-24
20230819,2023-08-19,19,8,August,Q3,2023,33,6,Saturday,True,FY2023-24
20230820,2023-08-20,20,8,August,Q3,2023,33,7,Sunday,True,FY2023-24
20230821,2023-08-21,21,8,August,Q3,2023,34,1,Monday,False,FY2023-24
20230822,2023-08-22,22,8,August,Q3,2023,34,2,Tuesday,False,FY2023-24
20230823,2023-08-23,23,8,August,Q3,2023,34,3,Wednesday,False,FY2023-24
20230824,2023-08-24,24,8,August,Q3,2023,34,4,Thursday,False,FY2023-24
20230825,2023-08-25,25,8,August,Q3,2023,34,5,Friday,False,FY2023-24
20230826,2023-08-26,26,8,August,Q3,2023,34,6,Saturday,True,FY2023-24
20230827,2023-08-27,27,8,August,Q3,2023,34,7,Sunday,True,FY2023-24
20230828,2023-08-28,28,8,August,Q3,2023,35,1,Monday,False,FY2023-24
20230829,2023-08-29,29,8,August,Q3,2023,35,2,Tuesday,False,FY2023-24
20230830,2023-08-30,30,8,August,Q3,2023,35,3,Wednesday,False,FY2023-24
20230831,2023-08-31,31,8,August,Q3,2023,35,4,Thursday,False,FY2023-24
20230901,2023-09-01,1,9,September,Q3,2023,35,5,Friday,False,FY2023-24
20230902,2023-09-02,2,9,September,Q3,2023,35,6,Saturday,True,FY2023-24
20230903,2023-09-03,3,9,September,Q3,2023,35,7,Sunday,True,FY2023-24
20230904,2023-09-04,4,9,September,Q3,2023,36,1,Monday,False,FY2023-24
20230905,2023-09-05,5,9,September,Q3,2023,36,2,Tuesday,False,FY2023-24
20230906,2023-09-06,6,9,September,Q3,2023,36,3,Wednesday,False,FY2023-24
20230907,2023-09-07,7,9,September,Q3,2023,36,4,Thursday,False,FY2023-24
20230908,2023-09-08,8,9,September,Q3,2023,36,5,Friday,False,FY2023-24
20230909,2023-09-09,9,9,September,Q3,2023,36,6,Saturday,True,FY2023-24
20230910,2023-09-10,10,9,September,Q3,2023,36,7,Sunday,True,FY2023-24
20230911,2023-09-11,11,9,September,Q3,2023,37,1,Monday,False,FY2023-24
20230912,2023-09-12,12,9,September,Q3,2023,37,2,Tuesday,False,FY2023-24
20230913,2023-09-13,13,9,September,Q3,2023,37,3,Wednesday,False,FY2023-24
20230914,2023-09-14,14,9,September,Q3,2023,37,4,Thursday,False,FY2023-24
20230915,2023-09-15,15,9,September,Q3,2023,37,5,Friday,False,FY2023-24
20230916,2023-09-16,16,9,September,Q3,2023,37,6,Saturday,True,FY2023-24
20230917,2023-09-17,17,9,September,Q3,2023,37,7,Sunday,True,FY2023-24
20230918,2023-09-18,18,9,September,Q3,2023,38,1,Monday,False,FY2023-24
20230919,2023-09-19,19,9,September,Q3,2023,38,2,Tuesday,False,FY2023-24
20230920,2023-09-20,20,9,September,Q3,2023,38,3,Wednesday,False,FY2023-24
20230921,2023-09-21,21,9,September,Q3,2023,38,4,Thursday,False,FY2023-24
20230922,2023-09-22,22,9,September,Q3,2023,38,5,Friday,False,FY2023-24
20230923,2023-09-23,23,9,September,Q3,2023,38,6,Saturday,True,FY2023-24
20230924,2023-09-24,24,9,September,Q3,2023,38,7,Sunday,True,FY2023-24
20230925,2023-09-25,25,9,September,Q3,2023,39,1,Monday,False,FY2023-24
20230926,2023-09-26,26,9,September,Q3,2023,39,2,Tuesday,False,FY2023-24
20230927,2023-09-27,27,9,September,Q3,2023,39,3,Wednesday,False,FY2023-24
20230928,2023-09-28,28,9,September,Q3,2023,39,4,Thursday,False,FY2023-24
20230929,2023-09-29,29,9,September,Q3,2023,39,5,Friday,False,FY2023-24
20230930,2023-09-30,30,9,September,Q3,2023,39,6,Saturday,True,FY2023-24
20231001,2023-10-01,1,10,October,Q4,2023,39,7,Sunday,True,FY2023-24
20231002,2023-10-02,2,10,October,Q4,2023,40,1,Monday,False,FY2023-24
20231003,2023-10-03,3,10,October,Q4,2023,40,2,Tuesday,False,FY2023-24
20231004,2023-10-04,4,10,October,Q4,2023,40,3,Wednesday,False,FY2023-24
20231005,2023-10-05,5,10,October,Q4,2023,40,4,Thursday,False,FY2023-24
20231006,2023-10-06,6,10,October,Q4,2023,40,5,Friday,False,FY2023-24
20231007,2023-10-07,7,10,October,Q4,2023,40,6,Saturday,True,FY2023-24
20231008,2023-10-08,8,10,October,Q4,2023,40,7,Sunday,True,FY2023-24
20231009,2023-10-09,9,10,October,Q4,2023,41,1,Monday,False,FY2023-24
20231010,2023-10-10,10,10,October,Q4,2023,41,2,Tuesday,False,FY2023-24
20231011,2023-10-11,11,10,October,Q4,2023,41,3,Wednesday,False,FY2023-24
20231012,2023-10-12,12,10,October,Q4,2023,41,4,Thursday,False,FY2023-24
20231013,2023-10-13,13,10,October,Q4,2023,41,5,Friday,False,FY2023-24
20231014,2023-10-14,14,10,October,Q4,2023,41,6,Saturday,True,FY2023-24
20231015,2023-10-15,15,10,October,Q4,2023,41,7,Sunday,True,FY2023-24
20231016,2023-10-16,16,10,October,Q4,2023,42,1,Monday,False,FY2023-24
20231017,2023-10-17,17,10,October,Q4,2023,42,2,Tuesday,False,FY2023-24
20231018,2023-10-18,18,10,October,Q4,2023,42,3,Wednesday,False,FY2023-24
20231019,2023-10-19,19,10,October,Q4,2023,42,4,Thursday,False,FY2023-24
20231020,2023-10-20,20,10,October,Q4,2023,42,5,Friday,False,FY2023-24
20231021,2023-10-21,21,10,October,Q4,2023,42,6,Saturday,True,FY2023-24
20231022,2023-10-22,22,10,October,Q4,2023,42,7,Sunday,True,FY2023-24
20231023,2023-10-23,23,10,October,Q4,2023,43,1,Monday,False,FY2023-24
20231024,2023-10-24,24,10,October,Q4,2023,43,2,Tuesday,False,FY2023-24
20231025,2023-10-25,25,10,October,Q4,2023,43,3,Wednesday,False,FY2023-24
20231026,2023-10-26,26,10,October,Q4,2023,43,4,Thursday,False,FY2023-24
20231027,2023-10-27,27,10,October,Q4,2023,43,5,Friday,False,FY2023-24
20231028,2023-10-28,28,10,October,Q4,2023,43,6,Saturday,True,FY2023-24
20231029,2023-10-29,29,10,October,Q4,2023,43,7,Sunday,True,FY2023-24
20231030,2023-10-30,30,10,October,Q4,2023,44,1,Monday,False,FY2023-24
20231031,2023-10-31,31,10,October,Q4,2023,44,2,Tuesday,False,FY2023-24
20231101,2023-11-01,1,11,November,Q4,2023,44,3,Wednesday,False,FY2023-24
20231102,2023-11-02,2,11,November,Q4,2023,44,4,Thursday,False,FY2023-24
20231103,2023-11-03,3,11,November,Q4,2023,44,5,Friday,False,FY2023-24
20231104,2023-11-04,4,11,November,Q4,2023,44,6,Saturday,True,FY2023-24
20231105,2023-11-05,5,11,November,Q4,2023,44,7,Sunday,True,FY2023-24
20231106,2023-11-06,6,11,November,Q4,2023,45,1,Monday,False,FY2023-24
20231107,2023-11-07,7,11,November,Q4,2023,45,2,Tuesday,False,FY2023-24
20231108,2023-11-08,8,11,November,Q4,2023,45,3,Wednesday,False,FY2023-24
20231109,2023-11-09,9,11,November,Q4,2023,45,4,Thursday,False,FY2023-24
20231110,2023-11-10,10,11,November,Q4,2023,45,5,Friday,False,FY2023-24
20231111,2023-11-11,11,11,November,Q4,2023,45,6,Saturday,True,FY2023-24
20231112,2023-11-12,12,11,November,Q4,2023,45,7,Sunday,True,FY2023-24
20231113,2023-11-13,13,11,November,Q4,2023,46,1,Monday,False,FY2023-24
20231114,2023-11-14,14,11,November,Q4,2023,46,2,Tuesday,False,FY2023-24
20231115,2023-11-15,15,11,November,Q4,2023,46,3,Wednesday,False,FY2023-24
20231116,2023-11-16,16,11,November,Q4,2023,46,4,Thursday,False,FY2023-24
20231117,2023-11-17,17,11,November,Q4,2023,46,5,Friday,False,FY2023-24
20231118,2023-11-18,18,11,November,Q4,2023,46,6,Saturday,True,FY2023-24
20231119,2023-11-19,19,11,November,Q4,2023,46,7,Sunday,True,FY2023-24
20231120,2023-11-20,20,11,November,Q4,2023,47,1,Monday,False,FY2023-24
20231121,2023-11-21,21,11,November,Q4,2023,47,2,Tuesday,False,FY2023-24
20231122,2023-11-22,22,11,November,Q4,2023,47,3,Wednesday,False,FY2023-24
20231123,2023-11-23,23,11,November,Q4,2023,47,4,Thursday,False,FY2023-24
20231124,2023-11-24,24,11,November,Q4,2023,47,5,Friday,False,FY2023-24
20231125,2023-11-25,25,11,November,Q4,2023,47,6,Saturday,True,FY2023-24
20231126,2023-11-26,26,11,November,Q4,2023,47,7,Sunday,True,FY2023-24
20231127,2023-11-27,27,11,November,Q4,2023,48,1,Monday,False,FY2023-24
20231128,2023-11-28,28,11,November,Q4,2023,48,2,Tuesday,False,FY2023-24
20231129,2023-11-29,29,11,November,Q4,2023,48,3,Wednesday,False,FY2023-24
20231130,2023-11-30,30,11,November,Q4,2023,48,4,Thursday,False,FY2023-24
20231201,2023-12-01,1,12,December,Q4,2023,48,5,Friday,False,FY2023-24
20231202,2023-12-02,2,12,December,Q4,2023,48,6,Saturday,True,FY2023-24
20231203,2023-12-03,3,12,December,Q4,2023,48,7,Sunday,True,FY2023-24
20231204,2023-12-04,4,12,December,Q4,2023,49,1,Monday,False,FY2023-24
20231205,2023-12-05,5,12,December,Q4,2023,49,2,Tuesday,False,FY2023-24
20231206,2023-12-06,6,12,December,Q4,2023,49,3,Wednesday,False,FY2023-24
20231207,2023-12-07,7,12,December,Q4,2023,49,4,Thursday,False,FY2023-24
20231208,2023-12-08,8,12,December,Q4,2023,49,5,Friday,False,FY2023-24
20231209,2023-12-09,9,12,December,Q4,2023,49,6,Saturday,True,FY2023-24
20231210,2023-12-10,10,12,December,Q4,2023,49,7,Sunday,True,FY2023-24
20231211,2023-12-11,11,12,December,Q4,2023,50,1,Monday,False,FY2023-24
20231212,2023-12-12,12,12,December,Q4,2023,50,2,Tuesday,False,FY2023-24
20231213,2023-12-13,13,12,December,Q4,2023,50,3,Wednesday,False,FY2023-24
20231214,2023-12-14,14,12,December,Q4,2023,50,4,Thursday,False,FY2023-24
20231215,2023-12-15,15,12,December,Q4,2023,50,5,Friday,False,FY2023-24
20231216,2023-12-16,16,12,December,Q4,2023,50,6,Saturday,True,FY2023-24
20231217,2023-12-17,17,12,December,Q4,2023,50,7,Sunday,True,FY2023-24
20231218,2023-12-18,18,12,December,Q4,2023,51,1,Monday,False,FY2023-24
20231219,2023-12-19,19,12,December,Q4,2023,51,2,Tuesday,False,FY2023-24
20231220,2023-12-20,20,12,December,Q4,2023,51,3,Wednesday,False,FY2023-24
20231221,2023-12-21,21,12,December,Q4,2023,51,4,Thursday,False,FY2023-24
20231222,2023-12-22,22,12,December,Q4,2023,51,5,Friday,False,FY2023-24
20231223,2023-12-23,23,12,December,Q4,2023,51,6,Saturday,True,FY2023-24
20231224,2023-12-24,24,12,December,Q4,2023,51,7,Sunday,True,FY2023-24
20231225,2023-12-25,25,12,December,Q4,2023,52,1,Monday,False,FY2023-24
20231226,2023-12-26,26,12,December,Q4,2023,52,2,Tuesday,False,FY2023-24
20231227,2023-12-27,27,12,December,Q4,2023,52,3,Wednesday,False,FY2023-24
20231228,2023-12-28,28,12,December,Q4,2023,52,4,Thursday,False,FY2023-24
20231229,2023-12-29,29,12,December,Q4,2023,52,5,Friday,False,FY2023-24
20231230,2023-12-30,30,12,December,Q4,2023,52,6,Saturday,True,FY2023-24
20231231,2023-12-31,31,12,December,Q4,2023,52,7,Sunday,True,FY2023-24
20240101,2024-01-01,1,1,January,Q1,2024,1,1,Monday,False,FY2023-24
20240102,2024-01-02,2,1,January,Q1,2024,1,2,Tuesday,False,FY2023-24
20240103,2024-01-03,3,1,January,Q1,2024,1,3,Wednesday,False,FY2023-24
20240104,2024-01-04,4,1,January,Q1,2024,1,4,Thursday,False,FY2023-24
20240105,2024-01-05,5,1,January,Q1,2024,1,5,Friday,False,FY2023-24
20240106,2024-01-06,6,1,January,Q1,2024,1,6,Saturday,True,FY2023-24
20240107,2024-01-07,7,1,January,Q1,2024,1,7,Sunday,True,FY2023-24
20240108,2024-01-08,8,1,January,Q1,2024,2,1,Monday,False,FY2023-24
20240109,2024-01-09,9,1,January,Q1,2024,2,2,Tuesday,False,FY2023-24
20240110,2024-01-10,10,1,January,Q1,2024,2,3,Wednesday,False,FY2023-24
20240111,2024-01-11,11,1,January,Q1,2024,2,4,Thursday,False,FY2023-24
20240112,2024-01-12,12,1,January,Q1,2024,2,5,Friday,False,FY2023-24
20240113,2024-01-13,13,1,January,Q1,2024,2,6,Saturday,True,FY2023-24
20240114,2024-01-14,14,1,January,Q1,2024,2,7,Sunday,True,FY2023-24
20240115,2024-01-15,15,1,January,Q1,2024,3,1,Monday,False,FY2023-24
20240116,2024-01-16,16,1,January,Q1,2024,3,2,Tuesday,False,FY2023-24
20240117,2024-01-17,17,1,January,Q1,2024,3,3,Wednesday,False,FY2023-24
20240118,2024-01-18,18,1,January,Q1,2024,3,4,Thursday,False,FY2023-24
20240119,2024-01-19,19,1,January,Q1,2024,3,5,Friday,False,FY2023-24
20240120,2024-01-20,20,1,January,Q1,2024,3,6,Saturday,True,FY2023-24
20240121,2024-01-21,21,1,January,Q1,2024,3,7,Sunday,True,FY2023-24
20240122,2024-01-22,22,1,January,Q1,2024,4,1,Monday,False,FY2023-24
20240123,2024-01-23,23,1,January,Q1,2024,4,2,Tuesday,False,FY2023-24
20240124,2024-01-24,24,1,January,Q1,2024,4,3,Wednesday,False,FY2023-24
20240125,2024-01-25,25,1,January,Q1,2024,4,4,Thursday,False,FY2023-24
20240126,2024-01-26,26,1,January,Q1,2024,4,5,Friday,False,FY2023-24
20240127,2024-01-27,27,1,January,Q1,2024,4,6,Saturday,True,FY2023-24
20240128,2024-01-28,28,1,January,Q1,2024,4,7,Sunday,True,FY2023-24
20240129,2024-01-29,29,1,January,Q1,2024,5,1,Monday,False,FY2023-24
20240130,2024-01-30,30,1,January,Q1,2024,5,2,Tuesday,False,FY2023-24
20240131,2024-01-31,31,1,January,Q1,2024,5,3,Wednesday,False,FY2023-24
20240201,2024-02-01,1,2,February,Q1,2024,5,4,Thursday,False,FY2023-24
20240202,2024-02-02,2,2,February,Q1,2024,5,5,Friday,False,FY2023-24
20240203,2024-02-03,3,2,February,Q1,2024,5,6,Saturday,True,FY2023-24
20240204,2024-02-04,4,2,February,Q1,2024,5,7,Sunday,True,FY2023-24
20240205,2024-02-05,5,2,February,Q1,2024,6,1,Monday,False,FY2023-24
20240206,2024-02-06,6,2,February,Q1,2024,6,2,Tuesday,False,FY2023-24
20240207,2024-02-07,7,2,February,Q1,2024,6,3,Wednesday,False,FY2023-24
20240208,2024-02-08,8,2,February,Q1,2024,6,4,Thursday,False,FY2023-24
20240209,2024-02-09,9,2,February,Q1,2024,6,5,Friday,False,FY2023-24
20240210,2024-02-10,10,2,February,Q1,2024,6,6,Saturday,True,FY2023-24
20240211,2024-02-11,11,2,February,Q1,2024,6,7,Sunday,True,FY2023-24
20240212,2024-02-12,12,2,February,Q1,2024,7,1,Monday,False,FY2023-24
20240213,2024-02-13,13,2,February,Q1,2024,7,2,Tuesday,False,FY2023-24
20240214,2024-02-14,14,2,February,Q1,2024,7,3,Wednesday,False,FY2023-24
20240215,2024-02-15,15,2,February,Q1,2024,7,4,Thursday,False,FY2023-24
20240216,2024-02-16,16,2,February,Q1,2024,7,5,Friday,False,FY2023-24
20240217,2024-02-17,17,2,February,Q1,2024,7,6,Saturday,True,FY2023-24
20240218,2024-02-18,18,2,February,Q1,2024,7,7,Sunday,True,FY2023-24
20240219,2024-02-19,19,2,February,Q1,2024,8,1,Monday,False,FY2023-24
20240220,2024-02-20,20,2,February,Q1,2024,8,2,Tuesday,False,FY2023-24
20240221,2024-02-21,21,2,February,Q1,2024,8,3,Wednesday,False,FY2023-24
20240222,2024-02-22,22,2,February,Q1,2024,8,4,Thursday,False,FY2023-24
20240223,2024-02-23,23,2,February,Q1,2024,8,5,Friday,False,FY2023-24
20240224,2024-02-24,24,2,February,Q1,2024,8,6,Saturday,True,FY2023-24
20240225,2024-02-25,25,2,February,Q1,2024,8,7,Sunday,True,FY2023-24
20240226,2024-02-26,26,2,February,Q1,2024,9,1,Monday,False,FY2023-24
20240227,2024-02-27,27,2,February,Q1,2024,9,2,Tuesday,False,FY2023-24
20240228,2024-02-28,28,2,February,Q1,2024,9,3,Wednesday,False,FY2023-24
20240229,2024-02-29,29,2,February,Q1,2024,9,4,Thursday,False,FY2023-24
20240301,2024-03-01,1,3,March,Q1,2024,9,5,Friday,False,FY2023-24
20240302,2024-03-02,2,3,March,Q1,2024,9,6,Saturday,True,FY2023-24
20240303,2024-03-03,3,3,March,Q1,2024,9,7,Sunday,True,FY2023-24
20240304,2024-03-04,4,3,March,Q1,2024,10,1,Monday,False,FY2023-24
20240305,2024-03-05,5,3,March,Q1,2024,10,2,Tuesday,False,FY2023-24
20240306,2024-03-06,6,3,March,Q1,2024,10,3,Wednesday,False,FY2023-24
20240307,2024-03-07,7,3,March,Q1,2024,10,4,Thursday,False,FY2023-24
20240308,2024-03-08,8,3,March,Q1,2024,10,5,Friday,False,FY2023-24
20240309,2024-03-09,9,3,March,Q1,2024,10,6,Saturday,True,FY2023-24
20240310,2024-03-10,10,3,March,Q1,2024,10,7,Sunday,True,FY2023-24
20240311,2024-03-11,11,3,March,Q1,2024,11,1,Monday,False,FY2023-24
20240312,2024-03-12,12,3,March,Q1,2024,11,2,Tuesday,False,FY2023-24
20240313,2024-03-13,13,3,March,Q1,2024,11,3,Wednesday,False,FY2023-24
20240314,2024-03-14,14,3,March,Q1,2024,11,4,Thursday,False,FY2023-24
20240315,2024-03-15,15,3,March,Q1,2024,11,5,Friday,False,FY2023-24
20240316,2024-03-16,16,3,March,Q1,2024,11,6,Saturday,True,FY2023-24
20240317,2024-03-17,17,3,March,Q1,2024,11,7,Sunday,True,FY2023-24
20240318,2024-03-18,18,3,March,Q1,2024,12,1,Monday,False,FY2023-24
20240319,2024-03-19,19,3,March,Q1,2024,12,2,Tuesday,False,FY2023-24
20240320,2024-03-20,20,3,March,Q1,2024,12,3,Wednesday,False,FY2023-24
20240321,2024-03-21,21,3,March,Q1,2024,12,4,Thursday,False,FY2023-24
20240322,2024-03-22,22,3,March,Q1,2024,12,5,Friday,False,FY2023-24
20240323,2024-03-23,23,3,March,Q1,2024,12,6,Saturday,True,FY2023-24
20240324,2024-03-24,24,3,March,Q1,2024,12,7,Sunday,True,FY2023-24
20240325,2024-03-25,25,3,March,Q1,2024,13,1,Monday,False,FY2023-24
20240326,2024-03-26,26,3,March,Q1,2024,13,2,Tuesday,False,FY2023-24
20240327,2024-03-27,27,3,March,Q1,2024,13,3,Wednesday,False,FY2023-24
20240328,2024-03-28,28,3,March,Q1,2024,13,4,Thursday,False,FY2023-24
20240329,2024-03-29,29,3,March,Q1,2024,13,5,Friday,False,FY2023-24
20240330,2024-03-30,30,3,March,Q1,2024,13,6,Saturday,True,FY2023-24
20240331,2024-03-31,31,3,March,Q1,2024,13,7,Sunday,True,FY2023-24
20240401,2024-04-01,1,4,April,Q2,2024,14,1,Monday,False,FY2024-25
20240402,2024-04-02,2,4,April,Q2,2024,14,2,Tuesday,False,FY2024-25
20240403,2024-04-03,3,4,April,Q2,2024,14,3,Wednesday,False,FY2024-25
20240404,2024-04-04,4,4,April,Q2,2024,14,4,Thursday,False,FY2024-25
20240405,2024-04-05,5,4,April,Q2,2024,14,5,Friday,False,FY2024-25
20240406,2024-04-06,6,4,April,Q2,2024,14,6,Saturday,True,FY2024-25
20240407,2024-04-07,7,4,April,Q2,2024,14,7,Sunday,True,FY2024-25
20240408,2024-04-08,8,4,April,Q2,2024,15,1,Monday,False,FY2024-25
20240409,2024-04-09,9,4,April,Q2,2024,15,2,Tuesday,False,FY2024-25
20240410,2024-04-10,10,4,April,Q2,2024,15,3,Wednesday,False,FY2024-25
20240411,2024-04-11,11,4,April,Q2,2024,15,4,Thursday,False,FY2024-25
20240412,2024-04-12,12,4,April,Q2,2024,15,5,Friday,False,FY2024-25
20240413,2024-04-13,13,4,April,Q2,2024,15,6,Saturday,True,FY2024-25
20240414,2024-04-14,14,4,April,Q2,2024,15,7,Sunday,True,FY2024-25
20240415,2024-04-15,15,4,April,Q2,2024,16,1,Monday,False,FY2024-25
20240416,2024-04-16,16,4,April,Q2,2024,16,2,Tuesday,False,FY2024-25
20240417,2024-04-17,17,4,April,Q2,2024,16,3,Wednesday,False,FY2024-25
20240418,2024-04-18,18,4,April,Q2,2024,16,4,Thursday,False,FY2024-25
20240419,2024-04-19,19,4,April,Q2,2024,16,5,Friday,False,FY2024-25
20240420,2024-04-20,20,4,April,Q2,2024,16,6,Saturday,True,FY2024-25
20240421,2024-04-21,21,4,April,Q2,2024,16,7,Sunday,True,FY2024-25
20240422,2024-04-22,22,4,April,Q2,2024,17,1,Monday,False,FY2024-25
20240423,2024-04-23,23,4,April,Q2,2024,17,2,Tuesday,False,FY2024-25
20240424,2024-04-24,24,4,April,Q2,2024,17,3,Wednesday,False,FY2024-25
20240425,2024-04-25,25,4,April,Q2,2024,17,4,Thursday,False,FY2024-25
20240426,2024-04-26,26,4,April,Q2,2024,17,5,Friday,False,FY2024-25
20240427,2024-04-27,27,4,April,Q2,2024,17,6,Saturday,True,FY2024-25
20240428,2024-04-28,28,4,April,Q2,2024,17,7,Sunday,True,FY2024-25
20240429,2024-04-29,29,4,April,Q2,2024,18,1,Monday,False,FY2024-25
20240430,2024-04-30,30,4,April,Q2,2024,18,2,Tuesday,False,FY2024-25
20240501,2024-05-01,1,5,May,Q2,2024,18,3,Wednesday,False,FY2024-25
20240502,2024-05-02,2,5,May,Q2,2024,18,4,Thursday,False,FY2024-25
20240503,2024-05-03,3,5,May,Q2,2024,18,5,Friday,False,FY2024-25
20240504,2024-05-04,4,5,May,Q2,2024,18,6,Saturday,True,FY2024-25
20240505,2024-05-05,5,5,May,Q2,2024,18,7,Sunday,True,FY2024-25
20240506,2024-05-06,6,5,May,Q2,2024,19,1,Monday,False,FY2024-25
20240507,2024-05-07,7,5,May,Q2,2024,19,2,Tuesday,False,FY2024-25
20240508,2024-05-08,8,5,May,Q2,2024,19,3,Wednesday,False,FY2024-25
20240509,2024-05-09,9,5,May,Q2,2024,19,4,Thursday,False,FY2024-25
20240510,2024-05-10,10,5,May,Q2,2024,19,5,Friday,False,FY2024-25
20240511,2024-05-11,11,5,May,Q2,2024,19,6,Saturday,True,FY2024-25
20240512,2024-05-12,12,5,May,Q2,2024,19,7,Sunday,True,FY2024-25
20240513,2024-05-13,13,5,May,Q2,2024,20,1,Monday,False,FY2024-25
20240514,2024-05-14,14,5,May,Q2,2024,20,2,Tuesday,False,FY2024-25
20240515,2024-05-15,15,5,May,Q2,2024,20,3,Wednesday,False,FY2024-25
20240516,2024-05-16,16,5,May,Q2,2024,20,4,Thursday,False,FY2024-25
20240517,2024-05-17,17,5,May,Q2,2024,20,5,Friday,False,FY2024-25
20240518,2024-05-18,18,5,May,Q2,2024,20,6,Saturday,True,FY2024-25
20240519,2024-05-19,19,5,May,Q2,2024,20,7,Sunday,True,FY2024-25
20240520,2024-05-20,20,5,May,Q2,2024,21,1,Monday,False,FY2024-25
20240521,2024-05-21,21,5,May,Q2,2024,21,2,Tuesday,False,FY2024-25
20240522,2024-05-22,22,5,May,Q2,2024,21,3,Wednesday,False,FY2024-25
20240523,2024-05-23,23,5,May,Q2,2024,21,4,Thursday,False,FY2024-25
20240524,2024-05-24,24,5,May,Q2,2024,21,5,Friday,False,FY2024-25
20240525,2024-05-25,25,5,May,Q2,2024,21,6,Saturday,True,FY2024-25
20240526,2024-05-26,26,5,May,Q2,2024,21,7,Sunday,True,FY2024-25
20240527,2024-05-27,27,5,May,Q2,2024,22,1,Monday,False,FY2024-25
20240528,2024-05-28,28,5,May,Q2,2024,22,2,Tuesday,False,FY2024-25
20240529,2024-05-29,29,5,May,Q2,2024,22,3,Wednesday,False,FY2024-25
20240530,2024-05-30,30,5,May,Q2,2024,22,4,Thursday,False,FY2024-25
20240531,2024-05-31,31,5,May,Q2,2024,22,5,Friday,False,FY2024-25
20240601,2024-06-01,1,6,June,Q2,2024,22,6,Saturday,True,FY2024-25
20240602,2024-06-02,2,6,June,Q2,2024,22,7,Sunday,True,FY2024-25
20240603,2024-06-03,3,6,June,Q2,2024,23,1,Monday,False,FY2024-25
20240604,2024-06-04,4,6,June,Q2,2024,23,2,Tuesday,False,FY2024-25
20240605,2024-06-05,5,6,June,Q2,2024,23,3,Wednesday,False,FY2024-25
20240606,2024-06-06,6,6,June,Q2,2024,23,4,Thursday,False,FY2024-25
20240607,2024-06-07,7,6,June,Q2,2024,23,5,Friday,False,FY2024-25
20240608,2024-06-08,8,6,June,Q2,2024,23,6,Saturday,True,FY2024-25
20240609,2024-06-09,9,6,June,Q2,2024,23,7,Sunday,True,FY2024-25
20240610,2024-06-10,10,6,June,Q2,2024,24,1,Monday,False,FY2024-25
20240611,2024-06-11,11,6,June,Q2,2024,24,2,Tuesday,False,FY2024-25
20240612,2024-06-12,12,6,June,Q2,2024,24,3,Wednesday,False,FY2024-25
20240613,2024-06-13,13,6,June,Q2,2024,24,4,Thursday,False,FY2024-25
20240614,2024-06-14,14,6,June,Q2,2024,24,5,Friday,False,FY2024-25
20240615,2024-06-15,15,6,June,Q2,2024,24,6,Saturday,True,FY2024-25
20240616,2024-06-16,16,6,June,Q2,2024,24,7,Sunday,True,FY2024-25
20240617,2024-06-17,17,6,June,Q2,2024,25,1,Monday,False,FY2024-25
20240618,2024-06-18,18,6,June,Q2,2024,25,2,Tuesday,False,FY2024-25
20240619,2024-06-19,19,6,June,Q2,2024,25,3,Wednesday,False,FY2024-25
20240620,2024-06-20,20,6,June,Q2,2024,25,4,Thursday,False,FY2024-25
20240621,2024-06-21,21,6,June,Q2,2024,25,5,Friday,False,FY2024-25
20240622,2024-06-22,22,6,June,Q2,2024,25,6,Saturday,True,FY2024-25
20240623,2024-06-23,23,6,June,Q2,2024,25,7,Sunday,True,FY2024-25
20240624,2024-06-24,24,6,June,Q2,2024,26,1,Monday,False,FY2024-25
20240625,2024-06-25,25,6,June,Q2,2024,26,2,Tuesday,False,FY2024-25
20240626,2024-06-26,26,6,June,Q2,2024,26,3,Wednesday,False,FY2024-25
20240627,2024-06-27,27,6,June,Q2,2024,26,4,Thursday,False,FY2024-25
20240628,2024-06-28,28,6,June,Q2,2024,26,5,Friday,False,FY2024-25
20240629,2024-06-29,29,6,June,Q2,2024,26,6,Saturday,True,FY2024-25
20240630,2024-06-30,30,6,June,Q2,2024,26,7,Sunday,True,FY2024-25
20240701,2024-07-01,1,7,July,Q3,2024,27,1,Monday,False,FY2024-25
20240702,2024-07-02,2,7,July,Q3,2024,27,2,Tuesday,False,FY2024-25
20240703,2024-07-03,3,7,July,Q3,2024,27,3,Wednesday,False,FY2024-25
20240704,2024-07-04,4,7,July,Q3,2024,27,4,Thursday,False,FY2024-25
20240705,2024-07-05,5,7,July,Q3,2024,27,5,Friday,False,FY2024-25
20240706,2024-07-06,6,7,July,Q3,2024,27,6,Saturday,True,FY2024-25
20240707,2024-07-07,7,7,July,Q3,2024,27,7,Sunday,True,FY2024-25
20240708,2024-07-08,8,7,July,Q3,2024,28,1,Monday,False,FY2024-25
20240709,2024-07-09,9,7,July,Q3,2024,28,2,Tuesday,False,FY2024-25
20240710,2024-07-10,10,7,July,Q3,2024,28,3,Wednesday,False,FY2024-25
20240711,2024-07-11,11,7,July,Q3,2024,28,4,Thursday,False,FY2024-25
20240712,2024-07-12,12,7,July,Q3,2024,28,5,Friday,False,FY2024-25
20240713,2024-07-13,13,7,July,Q3,2024,28,6,Saturday,True,FY2024-25
20240714,2024-07-14,14,7,July,Q3,2024,28,7,Sunday,True,FY2024-25
20240715,2024-07-15,15,7,July,Q3,2024,29,1,Monday,False,FY2024-25
20240716,2024-07-16,16,7,July,Q3,2024,29,2,Tuesday,False,FY2024-25
20240717,2024-07-17,17,7,July,Q3,2024,29,3,Wednesday,False,FY2024-25
20240718,2024-07-18,18,7,July,Q3,2024,29,4,Thursday,False,FY2024-25
20240719,2024-07-19,19,7,July,Q3,2024,29,5,Friday,False,FY2024-25
20240720,2024-07-20,20,7,July,Q3,2024,29,6,Saturday,True,FY2024-25
20240721,2024-07-21,21,7,July,Q3,2024,29,7,Sunday,True,FY2024-25
20240722,2024-07-22,22,7,July,Q3,2024,30,1,Monday,False,FY2024-25
20240723,2024-07-23,23,7,July,Q3,2024,30,2,Tuesday,False,FY2024-25
20240724,2024-07-24,24,7,July,Q3,2024,30,3,Wednesday,False,FY2024-25
20240725,2024-07-25,25,7,July,Q3,2024,30,4,Thursday,False,FY2024-25
20240726,2024-07-26,26,7,July,Q3,2024,30,5,Friday,False,FY2024-25
20240727,2024-07-27,27,7,July,Q3,2024,30,6,Saturday,True,FY2024-25
20240728,2024-07-28,28,7,July,Q3,2024,30,7,Sunday,True,FY2024-25
20240729,2024-07-29,29,7,July,Q3,2024,31,1,Monday,False,FY2024-25
20240730,2024-07-30,30,7,July,Q3,2024,31,2,Tuesday,False,FY2024-25
20240731,2024-07-31,31,7,July,Q3,2024,31,3,Wednesday,False,FY2024-25
20240801,2024-08-01,1,8,August,Q3,2024,31,4,Thursday,False,FY2024-25
20240802,2024-08-02,2,8,August,Q3,2024,31,5,Friday,False,FY2024-25
20240803,2024-08-03,3,8,August,Q3,2024,31,6,Saturday,True,FY2024-25
20240804,2024-08-04,4,8,August,Q3,2024,31,7,Sunday,True,FY2024-25
20240805,2024-08-05,5,8,August,Q3,2024,32,1,Monday,False,FY2024-25
20240806,2024-08-06,6,8,August,Q3,2024,32,2,Tuesday,False,FY2024-25
20240807,2024-08-07,7,8,August,Q3,2024,32,3,Wednesday,False,FY2024-25
20240808,2024-08-08,8,8,August,Q3,2024,32,4,Thursday,False,FY2024-25
20240809,2024-08-09,9,8,August,Q3,2024,32,5,Friday,False,FY2024-25
20240810,2024-08-10,10,8,August,Q3,2024,32,6,Saturday,True,FY2024-25
20240811,2024-08-11,11,8,August,Q3,2024,32,7,Sunday,True,FY2024-25
20240812,2024-08-12,12,8,August,Q3,2024,33,1,Monday,False,FY2024-25
20240813,2024-08-13,13,8,August,Q3,2024,33,2,Tuesday,False,FY2024-25
20240814,2024-08-14,14,8,August,Q3,2024,33,3,Wednesday,False,FY2024-25
20240815,2024-08-15,15,8,August,Q3,2024,33,4,Thursday,False,FY2024-25
20240816,2024-08-16,16,8,August,Q3,2024,33,5,Friday,False,FY2024-25
20240817,2024-08-17,17,8,August,Q3,2024,33,6,Saturday,True,FY2024-25
20240818,2024-08-18,18,8,August,Q3,2024,33,7,Sunday,True,FY2024-25
20240819,2024-08-19,19,8,August,Q3,2024,34,1,Monday,False,FY2024-25
20240820,2024-08-20,20,8,August,Q3,2024,34,2,Tuesday,False,FY2024-25
20240821,2024-08-21,21,8,August,Q3,2024,34,3,Wednesday,False,FY2024-25
20240822,2024-08-22,22,8,August,Q3,2024,34,4,Thursday,False,FY2024-25
20240823,2024-08-23,23,8,August,Q3,2024,34,5,Friday,False,FY2024-25
20240824,2024-08-24,24,8,August,Q3,2024,34,6,Saturday,True,FY2024-25
20240825,2024-08-25,25,8,August,Q3,2024,34,7,Sunday,True,FY2024-25
20240826,2024-08-26,26,8,August,Q3,2024,35,1,Monday,False,FY2024-25
20240827,2024-08-27,27,8,August,Q3,2024,35,2,Tuesday,False,FY2024-25
20240828,2024-08-28,28,8,August,Q3,2024,35,3,Wednesday,False,FY2024-25
20240829,2024-08-29,29,8,August,Q3,2024,35,4,Thursday,False,FY2024-25
20240830,2024-08-30,30,8,August,Q3,2024,35,5,Friday,False,FY2024-25
20240831,2024-08-31,31,8,August,Q3,2024,35,6,Saturday,True,FY2024-25
20240901,2024-09-01,1,9,September,Q3,2024,35,7,Sunday,True,FY2024-25
20240902,2024-09-02,2,9,September,Q3,2024,36,1,Monday,False,FY2024-25
20240903,2024-09-03,3,9,September,Q3,2024,36,2,Tuesday,False,FY2024-25
20240904,2024-09-04,4,9,September,Q3,2024,36,3,Wednesday,False,FY2024-25
20240905,2024-09-05,5,9,September,Q3,2024,36,4,Thursday,False,FY2024-25
20240906,2024-09-06,6,9,September,Q3,2024,36,5,Friday,False,FY2024-25
20240907,2024-09-07,7,9,September,Q3,2024,36,6,Saturday,True,FY2024-25
20240908,2024-09-08,8,9,September,Q3,2024,36,7,Sunday,True,FY2024-25
20240909,2024-09-09,9,9,September,Q3,2024,37,1,Monday,False,FY2024-25
20240910,2024-09-10,10,9,September,Q3,2024,37,2,Tuesday,False,FY2024-25
20240911,2024-09-11,11,9,September,Q3,2024,37,3,Wednesday,False,FY2024-25
20240912,2024-09-12,12,9,September,Q3,2024,37,4,Thursday,False,FY2024-25
20240913,2024-09-13,13,9,September,Q3,2024,37,5,Friday,False,FY2024-25
20240914,2024-09-14,14,9,September,Q3,2024,37,6,Saturday,True,FY2024-25
20240915,2024-09-15,15,9,September,Q3,2024,37,7,Sunday,True,FY2024-25
20240916,2024-09-16,16,9,September,Q3,2024,38,1,Monday,False,FY2024-25
20240917,2024-09-17,17,9,September,Q3,2024,38,2,Tuesday,False,FY2024-25
20240918,2024-09-18,18,9,September,Q3,2024,38,3,Wednesday,False,FY2024-25
20240919,2024-09-19,19,9,September,Q3,2024,38,4,Thursday,False,FY2024-25
20240920,2024-09-20,20,9,September,Q3,2024,38,5,Friday,False,FY2024-25
20240921,2024-09-21,21,9,September,Q3,2024,38,6,Saturday,True,FY2024-25
20240922,2024-09-22,22,9,September,Q3,2024,38,7,Sunday,True,FY2024-25
20240923,2024-09-23,23,9,September,Q3,2024,39,1,Monday,False,FY2024-25
20240924,2024-09-24,24,9,September,Q3,2024,39,2,Tuesday,False,FY2024-25
20240925,2024-09-25,25,9,September,Q3,2024,39,3,Wednesday,False,FY2024-25
20240926,2024-09-26,26,9,September,Q3,2024,39,4,Thursday,False,FY2024-25
20240927,2024-09-27,27,9,September,Q3,2024,39,5,Friday,False,FY2024-25
20240928,2024-09-28,28,9,September,Q3,2024,39,6,Saturday,True,FY2024-25
20240929,2024-09-29,29,9,September,Q3,2024,39,7,Sunday,True,FY2024-25
20240930,2024-09-30,30,9,September,Q3,2024,40,1,Monday,False,FY2024-25
20241001,2024-10-01,1,10,October,Q4,2024,40,2,Tuesday,False,FY2024-25
20241002,2024-10-02,2,10,October,Q4,2024,40,3,Wednesday,False,FY2024-25
20241003,2024-10-03,3,10,October,Q4,2024,40,4,Thursday,False,FY2024-25
20241004,2024-10-04,4,10,October,Q4,2024,40,5,Friday,False,FY2024-25
20241005,2024-10-05,5,10,October,Q4,2024,40,6,Saturday,True,FY2024-25
20241006,2024-10-06,6,10,October,Q4,2024,40,7,Sunday,True,FY2024-25
20241007,2024-10-07,7,10,October,Q4,2024,41,1,Monday,False,FY2024-25
20241008,2024-10-08,8,10,October,Q4,2024,41,2,Tuesday,False,FY2024-25
20241009,2024-10-09,9,10,October,Q4,2024,41,3,Wednesday,False,FY2024-25
20241010,2024-10-10,10,10,October,Q4,2024,41,4,Thursday,False,FY2024-25
20241011,2024-10-11,11,10,October,Q4,2024,41,5,Friday,False,FY2024-25
20241012,2024-10-12,12,10,October,Q4,2024,41,6,Saturday,True,FY2024-25
20241013,2024-10-13,13,10,October,Q4,2024,41,7,Sunday,True,FY2024-25
20241014,2024-10-14,14,10,October,Q4,2024,42,1,Monday,False,FY2024-25
20241015,2024-10-15,15,10,October,Q4,2024,42,2,Tuesday,False,FY2024-25
20241016,2024-10-16,16,10,October,Q4,2024,42,3,Wednesday,False,FY2024-25
20241017,2024-10-17,17,10,October,Q4,2024,42,4,Thursday,False,FY2024-25
20241018,2024-10-18,18,10,October,Q4,2024,42,5,Friday,False,FY2024-25
20241019,2024-10-19,19,10,October,Q4,2024,42,6,Saturday,True,FY2024-25
20241020,2024-10-20,20,10,October,Q4,2024,42,7,Sunday,True,FY2024-25
20241021,2024-10-21,21,10,October,Q4,2024,43,1,Monday,False,FY2024-25
20241022,2024-10-22,22,10,October,Q4,2024,43,2,Tuesday,False,FY2024-25
20241023,2024-10-23,23,10,October,Q4,2024,43,3,Wednesday,False,FY2024-25
20241024,2024-10-24,24,10,October,Q4,2024,43,4,Thursday,False,FY2024-25
20241025,2024-10-25,25,10,October,Q4,2024,43,5,Friday,False,FY2024-25
20241026,2024-10-26,26,10,October,Q4,2024,43,6,Saturday,True,FY2024-25
20241027,2024-10-27,27,10,October,Q4,2024,43,7,Sunday,True,FY2024-25
20241028,2024-10-28,28,10,October,Q4,2024,44,1,Monday,False,FY2024-25
20241029,2024-10-29,29,10,October,Q4,2024,44,2,Tuesday,False,FY2024-25
20241030,2024-10-30,30,10,October,Q4,2024,44,3,Wednesday,False,FY2024-25
20241031,2024-10-31,31,10,October,Q4,2024,44,4,Thursday,False,FY2024-25
20241101,2024-11-01,1,11,November,Q4,2024,44,5,Friday,False,FY2024-25
20241102,2024-11-02,2,11,November,Q4,2024,44,6,Saturday,True,FY2024-25
20241103,2024-11-03,3,11,November,Q4,2024,44,7,Sunday,True,FY2024-25
20241104,2024-11-04,4,11,November,Q4,2024,45,1,Monday,False,FY2024-25
20241105,2024-11-05,5,11,November,Q4,2024,45,2,Tuesday,False,FY2024-25
20241106,2024-11-06,6,11,November,Q4,2024,45,3,Wednesday,False,FY2024-25
20241107,2024-11-07,7,11,November,Q4,2024,45,4,Thursday,False,FY2024-25
20241108,2024-11-08,8,11,November,Q4,2024,45,5,Friday,False,FY2024-25
20241109,2024-11-09,9,11,November,Q4,2024,45,6,Saturday,True,FY2024-25
20241110,2024-11-10,10,11,November,Q4,2024,45,7,Sunday,True,FY2024-25
20241111,2024-11-11,11,11,November,Q4,2024,46,1,Monday,False,FY2024-25
20241112,2024-11-12,12,11,November,Q4,2024,46,2,Tuesday,False,FY2024-25
20241113,2024-11-13,13,11,November,Q4,2024,46,3,Wednesday,False,FY2024-25
20241114,2024-11-14,14,11,November,Q4,2024,46,4,Thursday,False,FY2024-25
20241115,2024-11-15,15,11,November,Q4,2024,46,5,Friday,False,FY2024-25
20241116,2024-11-16,16,11,November,Q4,2024,46,6,Saturday,True,FY2024-25
20241117,2024-11-17,17,11,November,Q4,2024,46,7,Sunday,True,FY2024-25
20241118,2024-11-18,18,11,November,Q4,2024,47,1,Monday,False,FY2024-25
20241119,2024-11-19,19,11,November,Q4,2024,47,2,Tuesday,False,FY2024-25
20241120,2024-11-20,20,11,November,Q4,2024,47,3,Wednesday,False,FY2024-25
20241121,2024-11-21,21,11,November,Q4,2024,47,4,Thursday,False,FY2024-25
20241122,2024-11-22,22,11,November,Q4,2024,47,5,Friday,False,FY2024-25
20241123,2024-11-23,23,11,November,Q4,2024,47,6,Saturday,True,FY2024-25
20241124,2024-11-24,24,11,November,Q4,2024,47,7,Sunday,True,FY2024-25
20241125,2024-11-25,25,11,November,Q4,2024,48,1,Monday,False,FY2024-25
20241126,2024-11-26,26,11,November,Q4,2024,48,2,Tuesday,False,FY2024-25
20241127,2024-11-27,27,11,November,Q4,2024,48,3,Wednesday,False,FY2024-25
20241128,2024-11-28,28,11,November,Q4,2024,48,4,Thursday,False,FY2024-25
20241129,2024-11-29,29,11,November,Q4,2024,48,5,Friday,False,FY2024-25
20241130,2024-11-30,30,11,November,Q4,2024,48,6,Saturday,True,FY2024-25
20241201,2024-12-01,1,12,December,Q4,2024,48,7,Sunday,True,FY2024-25
20241202,2024-12-02,2,12,December,Q4,2024,49,1,Monday,False,FY2024-25
20241203,2024-12-03,3,12,December,Q4,2024,49,2,Tuesday,False,FY2024-25
20241204,2024-12-04,4,12,December,Q4,2024,49,3,Wednesday,False,FY2024-25
20241205,2024-12-05,5,12,December,Q4,2024,49,4,Thursday,False,FY2024-25
20241206,2024-12-06,6,12,December,Q4,2024,49,5,Friday,False,FY2024-25
20241207,2024-12-07,7,12,December,Q4,2024,49,6,Saturday,True,FY2024-25
20241208,2024-12-08,8,12,December,Q4,2024,49,7,Sunday,True,FY2024-25
20241209,2024-12-09,9,12,December,Q4,2024,50,1,Monday,False,FY2024-25
20241210,2024-12-10,10,12,December,Q4,2024,50,2,Tuesday,False,FY2024-25
20241211,2024-12-11,11,12,December,Q4,2024,50,3,Wednesday,False,FY2024-25
20241212,2024-12-12,12,12,December,Q4,2024,50,4,Thursday,False,FY2024-25
20241213,2024-12-13,13,12,December,Q4,2024,50,5,Friday,False,FY2024-25
20241214,2024-12-14,14,12,December,Q4,2024,50,6,Saturday,True,FY2024-25
20241215,2024-12-15,15,12,December,Q4,2024,50,7,Sunday,True,FY2024-25
20241216,2024-12-16,16,12,December,Q4,2024,51,1,Monday,False,FY2024-25
20241217,2024-12-17,17,12,December,Q4,2024,51,2,Tuesday,False,FY2024-25
20241218,2024-12-18,18,12,December,Q4,2024,51,3,Wednesday,False,FY2024-25
20241219,2024-12-19,19,12,December,Q4,2024,51,4,Thursday,False,FY2024-25
20241220,2024-12-20,20,12,December,Q4,2024,51,5,Friday,False,FY2024-25
20241221,2024-12-21,21,12,December,Q4,2024,51,6,Saturday,True,FY2024-25
20241222,2024-12-22,22,12,December,Q4,2024,51,7,Sunday,True,FY2024-25
20241223,2024-12-23,23,12,December,Q4,2024,52,1,Monday,False,FY2024-25
20241224,2024-12-24,24,12,December,Q4,2024,52,2,Tuesday,False,FY2024-25
20241225,2024-12-25,25,12,December,Q4,2024,52,3,Wednesday,False,FY2024-25
20241226,2024-12-26,26,12,December,Q4,2024,52,4,Thursday,False,FY2024-25
20241227,2024-12-27,27,12,December,Q4,2024,52,5,Friday,False,FY2024-25
20241228,2024-12-28,28,12,December,Q4,2024,52,6,Saturday,True,FY2024-25
20241229,2024-12-29,29,12,December,Q4,2024,52,7,Sunday,True,FY2024-25
20241230,2024-12-30,30,12,December,Q4,2024,1,1,Monday,False,FY2024-25
20241231,2024-12-31,31,12,December,Q4,2024,1,2,Tuesday,False,FY2024-25
20250101,2025-01-01,1,1,January,Q1,2025,1,3,Wednesday,False,FY2024-25
20250102,2025-01-02,2,1,January,Q1,2025,1,4,Thursday,False,FY2024-25
20250103,2025-01-03,3,1,January,Q1,2025,1,5,Friday,False,FY2024-25
20250104,2025-01-04,4,1,January,Q1,2025,1,6,Saturday,True,FY2024-25
20250105,2025-01-05,5,1,January,Q1,2025,1,7,Sunday,True,FY2024-25
20250106,2025-01-06,6,1,January,Q1,2025,2,1,Monday,False,FY2024-25
20250107,2025-01-07,7,1,January,Q1,2025,2,2,Tuesday,False,FY2024-25
20250108,2025-01-08,8,1,January,Q1,2025,2,3,Wednesday,False,FY2024-25
20250109,2025-01-09,9,1,January,Q1,2025,2,4,Thursday,False,FY2024-25
20250110,2025-01-10,10,1,January,Q1,2025,2,5,Friday,False,FY2024-25
20250111,2025-01-11,11,1,January,Q1,2025,2,6,Saturday,True,FY2024-25
20250112,2025-01-12,12,1,January,Q1,2025,2,7,Sunday,True,FY2024-25
20250113,2025-01-13,13,1,January,Q1,2025,3,1,Monday,False,FY2024-25
20250114,2025-01-14,14,1,January,Q1,2025,3,2,Tuesday,False,FY2024-25
20250115,2025-01-15,15,1,January,Q1,2025,3,3,Wednesday,False,FY2024-25
20250116,2025-01-16,16,1,January,Q1,2025,3,4,Thursday,False,FY2024-25
20250117,2025-01-17,17,1,January,Q1,2025,3,5,Friday,False,FY2024-25
20250118,2025-01-18,18,1,January,Q1,2025,3,6,Saturday,True,FY2024-25
20250119,2025-01-19,19,1,January,Q1,2025,3,7,Sunday,True,FY2024-25
20250120,2025-01-20,20,1,January,Q1,2025,4,1,Monday,False,FY2024-25
20250121,2025-01-21,21,1,January,Q1,2025,4,2,Tuesday,False,FY2024-25
20250122,2025-01-22,22,1,January,Q1,2025,4,3,Wednesday,False,FY2024-25
20250123,2025-01-23,23,1,January,Q1,2025,4,4,Thursday,False,FY2024-25
20250124,2025-01-24,24,1,January,Q1,2025,4,5,Friday,False,FY2024-25
20250125,2025-01-25,25,1,January,Q1,2025,4,6,Saturday,True,FY2024-25
20250126,2025-01-26,26,1,January,Q1,2025,4,7,Sunday,True,FY2024-25
20250127,2025-01-27,27,1,January,Q1,2025,5,1,Monday,False,FY2024-25
20250128,2025-01-28,28,1,January,Q1,2025,5,2,Tuesday,False,FY2024-25
20250129,2025-01-29,29,1,January,Q1,2025,5,3,Wednesday,False,FY2024-25
20250130,2025-01-30,30,1,January,Q1,2025,5,4,Thursday,False,FY2024-25
20250131,2025-01-31,31,1,January,Q1,2025,5,5,Friday,False,FY2024-25
20250201,2025-02-01,1,2,February,Q1,2025,5,6,Saturday,True,FY2024-25
20250202,2025-02-02,2,2,February,Q1,2025,5,7,Sunday,True,FY2024-25
20250203,2025-02-03,3,2,February,Q1,2025,6,1,Monday,False,FY2024-25
20250204,2025-02-04,4,2,February,Q1,2025,6,2,Tuesday,False,FY2024-25
20250205,2025-02-05,5,2,February,Q1,2025,6,3,Wednesday,False,FY2024-25
20250206,2025-02-06,6,2,February,Q1,2025,6,4,Thursday,False,FY2024-25
20250207,2025-02-07,7,2,February,Q1,2025,6,5,Friday,False,FY2024-25
20250208,2025-02-08,8,2,February,Q1,2025,6,6,Saturday,True,FY2024-25
20250209,2025-02-09,9,2,February,Q1,2025,6,7,Sunday,True,FY2024-25
20250210,2025-02-10,10,2,February,Q1,2025,7,1,Monday,False,FY2024-25
20250211,2025-02-11,11,2,February,Q1,2025,7,2,Tuesday,False,FY2024-25
20250212,2025-02-12,12,2,February,Q1,2025,7,3,Wednesday,False,FY2024-25
20250213,2025-02-13,13,2,February,Q1,2025,7,4,Thursday,False,FY2024-25
20250214,2025-02-14,14,2,February,Q1,2025,7,5,Friday,False,FY2024-25
20250215,2025-02-15,15,2,February,Q1,2025,7,6,Saturday,True,FY2024-25
20250216,2025-02-16,16,2,February,Q1,2025,7,7,Sunday,True,FY2024-25
20250217,2025-02-17,17,2,February,Q1,2025,8,1,Monday,False,FY2024-25
20250218,2025-02-18,18,2,February,Q1,2025,8,2,Tuesday,False,FY2024-25
20250219,2025-02-19,19,2,February,Q1,2025,8,3,Wednesday,False,FY2024-25
20250220,2025-02-20,20,2,February,Q1,2025,8,4,Thursday,False,FY2024-25
20250221,2025-02-21,21,2,February,Q1,2025,8,5,Friday,False,FY2024-25
20250222,2025-02-22,22,2,February,Q1,2025,8,6,Saturday,True,FY2024-25
20250223,2025-02-23,23,2,February,Q1,2025,8,7,Sunday,True,FY2024-25
20250224,2025-02-24,24,2,February,Q1,2025,9,1,Monday,False,FY2024-25
20250225,2025-02-25,25,2,February,Q1,2025,9,2,Tuesday,False,FY2024-25
20250226,2025-02-26,26,2,February,Q1,2025,9,3,Wednesday,False,FY2024-25
20250227,2025-02-27,27,2,February,Q1,2025,9,4,Thursday,False,FY2024-25
20250228,2025-02-28,28,2,February,Q1,2025,9,5,Friday,False,FY2024-25
20250301,2025-03-01,1,3,March,Q1,2025,9,6,Saturday,True,FY2024-25
20250302,2025-03-02,2,3,March,Q1,2025,9,7,Sunday,True,FY2024-25
20250303,2025-03-03,3,3,March,Q1,2025,10,1,Monday,False,FY2024-25
20250304,2025-03-04,4,3,March,Q1,2025,10,2,Tuesday,False,FY2024-25
20250305,2025-03-05,5,3,March,Q1,2025,10,3,Wednesday,False,FY2024-25
20250306,2025-03-06,6,3,March,Q1,2025,10,4,Thursday,False,FY2024-25
20250307,2025-03-07,7,3,March,Q1,2025,10,5,Friday,False,FY2024-25
20250308,2025-03-08,8,3,March,Q1,2025,10,6,Saturday,True,FY2024-25
20250309,2025-03-09,9,3,March,Q1,2025,10,7,Sunday,True,FY2024-25
20250310,2025-03-10,10,3,March,Q1,2025,11,1,Monday,False,FY2024-25
20250311,2025-03-11,11,3,March,Q1,2025,11,2,Tuesday,False,FY2024-25
20250312,2025-03-12,12,3,March,Q1,2025,11,3,Wednesday,False,FY2024-25
20250313,2025-03-13,13,3,March,Q1,2025,11,4,Thursday,False,FY2024-25
20250314,2025-03-14,14,3,March,Q1,2025,11,5,Friday,False,FY2024-25
20250315,2025-03-15,15,3,March,Q1,2025,11,6,Saturday,True,FY2024-25
20250316,2025-03-16,16,3,March,Q1,2025,11,7,Sunday,True,FY2024-25
20250317,2025-03-17,17,3,March,Q1,2025,12,1,Monday,False,FY2024-25
20250318,2025-03-18,18,3,March,Q1,2025,12,2,Tuesday,False,FY2024-25
20250319,2025-03-19,19,3,March,Q1,2025,12,3,Wednesday,False,FY2024-25
20250320,2025-03-20,20,3,March,Q1,2025,12,4,Thursday,False,FY2024-25
20250321,2025-03-21,21,3,March,Q1,2025,12,5,Friday,False,FY2024-25
20250322,2025-03-22,22,3,March,Q1,2025,12,6,Saturday,True,FY2024-25
20250323,2025-03-23,23,3,March,Q1,2025,12,7,Sunday,True,FY2024-25
20250324,2025-03-24,24,3,March,Q1,2025,13,1,Monday,False,FY2024-25
20250325,2025-03-25,25,3,March,Q1,2025,13,2,Tuesday,False,FY2024-25
20250326,2025-03-26,26,3,March,Q1,2025,13,3,Wednesday,False,FY2024-25
20250327,2025-03-27,27,3,March,Q1,2025,13,4,Thursday,False,FY2024-25
20250328,2025-03-28,28,3,March,Q1,2025,13,5,Friday,False,FY2024-25
20250329,2025-03-29,29,3,March,Q1,2025,13,6,Saturday,True,FY2024-25
20250330,2025-03-30,30,3,March,Q1,2025,13,7,Sunday,True,FY2024-25
20250331,2025-03-31,31,3,March,Q1,2025,14,1,Monday,False,FY2024-25
20250401,2025-04-01,1,4,April,Q2,2025,14,2,Tuesday,False,FY2025-26
20250402,2025-04-02,2,4,April,Q2,2025,14,3,Wednesday,False,FY2025-26
20250403,2025-04-03,3,4,April,Q2,2025,14,4,Thursday,False,FY2025-26
20250404,2025-04-04,4,4,April,Q2,2025,14,5,Friday,False,FY2025-26
20250405,2025-04-05,5,4,April,Q2,2025,14,6,Saturday,True,FY2025-26
20250406,2025-04-06,6,4,April,Q2,2025,14,7,Sunday,True,FY2025-26
20250407,2025-04-07,7,4,April,Q2,2025,15,1,Monday,False,FY2025-26
20250408,2025-04-08,8,4,April,Q2,2025,15,2,Tuesday,False,FY2025-26
20250409,2025-04-09,9,4,April,Q2,2025,15,3,Wednesday,False,FY2025-26
20250410,2025-04-10,10,4,April,Q2,2025,15,4,Thursday,False,FY2025-26
20250411,2025-04-11,11,4,April,Q2,2025,15,5,Friday,False,FY2025-26
20250412,2025-04-12,12,4,April,Q2,2025,15,6,Saturday,True,FY2025-26
20250413,2025-04-13,13,4,April,Q2,2025,15,7,Sunday,True,FY2025-26
20250414,2025-04-14,14,4,April,Q2,2025,16,1,Monday,False,FY2025-26
20250415,2025-04-15,15,4,April,Q2,2025,16,2,Tuesday,False,FY2025-26
20250416,2025-04-16,16,4,April,Q2,2025,16,3,Wednesday,False,FY2025-26
20250417,2025-04-17,17,4,April,Q2,2025,16,4,Thursday,False,FY2025-26
20250418,2025-04-18,18,4,April,Q2,2025,16,5,Friday,False,FY2025-26
20250419,2025-04-19,19,4,April,Q2,2025,16,6,Saturday,True,FY2025-26
20250420,2025-04-20,20,4,April,Q2,2025,16,7,Sunday,True,FY2025-26
20250421,2025-04-21,21,4,April,Q2,2025,17,1,Monday,False,FY2025-26
20250422,2025-04-22,22,4,April,Q2,2025,17,2,Tuesday,False,FY2025-26
20250423,2025-04-23,23,4,April,Q2,2025,17,3,Wednesday,False,FY2025-26
20250424,2025-04-24,24,4,April,Q2,2025,17,4,Thursday,False,FY2025-26
20250425,2025-04-25,25,4,April,Q2,2025,17,5,Friday,False,FY2025-26
20250426,2025-04-26,26,4,April,Q2,2025,17,6,Saturday,True,FY2025-26
20250427,2025-04-27,27,4,April,Q2,2025,17,7,Sunday,True,FY2025-26
20250428,2025-04-28,28,4,April,Q2,2025,18,1,Monday,False,FY2025-26
20250429,2025-04-29,29,4,April,Q2,2025,18,2,Tuesday,False,FY2025-26
20250430,2025-04-30,30,4,April,Q2,2025,18,3,Wednesday,False,FY2025-26
20250501,2025-05-01,1,5,May,Q2,2025,18,4,Thursday,False,FY2025-26
20250502,2025-05-02,2,5,May,Q2,2025,18,5,Friday,False,FY2025-26
20250503,2025-05-03,3,5,May,Q2,2025,18,6,Saturday,True,FY2025-26
20250504,2025-05-04,4,5,May,Q2,2025,18,7,Sunday,True,FY2025-26
20250505,2025-05-05,5,5,May,Q2,2025,19,1,Monday,False,FY2025-26
20250506,2025-05-06,6,5,May,Q2,2025,19,2,Tuesday,False,FY2025-26
20250507,2025-05-07,7,5,May,Q2,2025,19,3,Wednesday,False,FY2025-26
20250508,2025-05-08,8,5,May,Q2,2025,19,4,Thursday,False,FY2025-26
20250509,2025-05-09,9,5,May,Q2,2025,19,5,Friday,False,FY2025-26
20250510,2025-05-10,10,5,May,Q2,2025,19,6,Saturday,True,FY2025-26
20250511,2025-05-11,11,5,May,Q2,2025,19,7,Sunday,True,FY2025-26
20250512,2025-05-12,12,5,May,Q2,2025,20,1,Monday,False,FY2025-26
20250513,2025-05-13,13,5,May,Q2,2025,20,2,Tuesday,False,FY2025-26
20250514,2025-05-14,14,5,May,Q2,2025,20,3,Wednesday,False,FY2025-26
20250515,2025-05-15,15,5,May,Q2,2025,20,4,Thursday,False,FY2025-26
20250516,2025-05-16,16,5,May,Q2,2025,20,5,Friday,False,FY2025-26
20250517,2025-05-17,17,5,May,Q2,2025,20,6,Saturday,True,FY2025-26
20250518,2025-05-18,18,5,May,Q2,2025,20,7,Sunday,True,FY2025-26
20250519,2025-05-19,19,5,May,Q2,2025,21,1,Monday,False,FY2025-26
20250520,2025-05-20,20,5,May,Q2,2025,21,2,Tuesday,False,FY2025-26
20250521,2025-05-21,21,5,May,Q2,2025,21,3,Wednesday,False,FY2025-26
20250522,2025-05-22,22,5,May,Q2,2025,21,4,Thursday,False,FY2025-26
20250523,2025-05-23,23,5,May,Q2,2025,21,5,Friday,False,FY2025-26
20250524,2025-05-24,24,5,May,Q2,2025,21,6,Saturday,True,FY2025-26
20250525,2025-05-25,25,5,May,Q2,2025,21,7,Sunday,True,FY2025-26
20250526,2025-05-26,26,5,May,Q2,2025,22,1,Monday,False,FY2025-26
20250527,2025-05-27,27,5,May,Q2,2025,22,2,Tuesday,False,FY2025-26
20250528,2025-05-28,28,5,May,Q2,2025,22,3,Wednesday,False,FY2025-26
20250529,2025-05-29,29,5,May,Q2,2025,22,4,Thursday,False,FY2025-26
20250530,2025-05-30,30,5,May,Q2,2025,22,5,Friday,False,FY2025-26
20250531,2025-05-31,31,5,May,Q2,2025,22,6,Saturday,True,FY2025-26
20250601,2025-06-01,1,6,June,Q2,2025,22,7,Sunday,True,FY2025-26
20250602,2025-06-02,2,6,June,Q2,2025,23,1,Monday,False,FY2025-26
20250603,2025-06-03,3,6,June,Q2,2025,23,2,Tuesday,False,FY2025-26
20250604,2025-06-04,4,6,June,Q2,2025,23,3,Wednesday,False,FY2025-26
20250605,2025-06-05,5,6,June,Q2,2025,23,4,Thursday,False,FY2025-26
20250606,2025-06-06,6,6,June,Q2,2025,23,5,Friday,False,FY2025-26
20250607,2025-06-07,7,6,June,Q2,2025,23,6,Saturday,True,FY2025-26
20250608,2025-06-08,8,6,June,Q2,2025,23,7,Sunday,True,FY2025-26
20250609,2025-06-09,9,6,June,Q2,2025,24,1,Monday,False,FY2025-26
20250610,2025-06-10,10,6,June,Q2,2025,24,2,Tuesday,False,FY2025-26
20250611,2025-06-11,11,6,June,Q2,2025,24,3,Wednesday,False,FY2025-26
20250612,2025-06-12,12,6,June,Q2,2025,24,4,Thursday,False,FY2025-26
20250613,2025-06-13,13,6,June,Q2,2025,24,5,Friday,False,FY2025-26
20250614,2025-06-14,14,6,June,Q2,2025,24,6,Saturday,True,FY2025-26
20250615,2025-06-15,15,6,June,Q2,2025,24,7,Sunday,True,FY2025-26
20250616,2025-06-16,16,6,June,Q2,2025,25,1,Monday,False,FY2025-26
20250617,2025-06-17,17,6,June,Q2,2025,25,2,Tuesday,False,FY2025-26
20250618,2025-06-18,18,6,June,Q2,2025,25,3,Wednesday,False,FY2025-26
20250619,2025-06-19,19,6,June,Q2,2025,25,4,Thursday,False,FY2025-26
20250620,2025-06-20,20,6,June,Q2,2025,25,5,Friday,False,FY2025-26
20250621,2025-06-21,21,6,June,Q2,2025,25,6,Saturday,True,FY2025-26
20250622,2025-06-22,22,6,June,Q2,2025,25,7,Sunday,True,FY2025-26
20250623,2025-06-23,23,6,June,Q2,2025,26,1,Monday,False,FY2025-26
20250624,2025-06-24,24,6,June,Q2,2025,26,2,Tuesday,False,FY2025-26
20250625,2025-06-25,25,6,June,Q2,2025,26,3,Wednesday,False,FY2025-26
20250626,2025-06-26,26,6,June,Q2,2025,26,4,Thursday,False,FY2025-26
20250627,2025-06-27,27,6,June,Q2,2025,26,5,Friday,False,FY2025-26
20250628,2025-06-28,28,6,June,Q2,2025,26,6,Saturday,True,FY2025-26
20250629,2025-06-29,29,6,June,Q2,2025,26,7,Sunday,True,FY2025-26
20250630,2025-06-30,30,6,June,Q2,2025,27,1,Monday,False,FY2025-26
20250701,2025-07-01,1,7,July,Q3,2025,27,2,Tuesday,False,FY2025-26
20250702,2025-07-02,2,7,July,Q3,2025,27,3,Wednesday,False,FY2025-26
20250703,2025-07-03,3,7,July,Q3,2025,27,4,Thursday,False,FY2025-26
20250704,2025-07-04,4,7,July,Q3,2025,27,5,Friday,False,FY2025-26
20250705,2025-07-05,5,7,July,Q3,2025,27,6,Saturday,True,FY2025-26
20250706,2025-07-06,6,7,July,Q3,2025,27,7,Sunday,True,FY2025-26
20250707,2025-07-07,7,7,July,Q3,2025,28,1,Monday,False,FY2025-26
20250708,2025-07-08,8,7,July,Q3,2025,28,2,Tuesday,False,FY2025-26
20250709,2025-07-09,9,7,July,Q3,2025,28,3,Wednesday,False,FY2025-26
20250710,2025-07-10,10,7,July,Q3,2025,28,4,Thursday,False,FY2025-26
20250711,2025-07-11,11,7,July,Q3,2025,28,5,Friday,False,FY2025-26
20250712,2025-07-12,12,7,July,Q3,2025,28,6,Saturday,True,FY2025-26
20250713,2025-07-13,13,7,July,Q3,2025,28,7,Sunday,True,FY2025-26
20250714,2025-07-14,14,7,July,Q3,2025,29,1,Monday,False,FY2025-26
20250715,2025-07-15,15,7,July,Q3,2025,29,2,Tuesday,False,FY2025-26
20250716,2025-07-16,16,7,July,Q3,2025,29,3,Wednesday,False,FY2025-26
20250717,2025-07-17,17,7,July,Q3,2025,29,4,Thursday,False,FY2025-26
20250718,2025-07-18,18,7,July,Q3,2025,29,5,Friday,False,FY2025-26
20250719,2025-07-19,19,7,July,Q3,2025,29,6,Saturday,True,FY2025-26
20250720,2025-07-20,20,7,July,Q3,2025,29,7,Sunday,True,FY2025-26
20250721,2025-07-21,21,7,July,Q3,2025,30,1,Monday,False,FY2025-26
20250722,2025-07-22,22,7,July,Q3,2025,30,2,Tuesday,False,FY2025-26
20250723,2025-07-23,23,7,July,Q3,2025,30,3,Wednesday,False,FY2025-26
20250724,2025-07-24,24,7,July,Q3,2025,30,4,Thursday,False,FY2025-26
20250725,2025-07-25,25,7,July,Q3,2025,30,5,Friday,False,FY2025-26
20250726,2025-07-26,26,7,July,Q3,2025,30,6,Saturday,True,FY2025-26
20250727,2025-07-27,27,7,July,Q3,2025,30,7,Sunday,True,FY2025-26
20250728,2025-07-28,28,7,July,Q3,2025,31,1,Monday,False,FY2025-26
20250729,2025-07-29,29,7,July,Q3,2025,31,2,Tuesday,False,FY2025-26
20250730,2025-07-30,30,7,July,Q3,2025,31,3,Wednesday,False,FY2025-26
20250731,2025-07-31,31,7,July,Q3,2025,31,4,Thursday,False,FY2025-26
20250801,2025-08-01,1,8,August,Q3,2025,31,5,Friday,False,FY2025-26
20250802,2025-08-02,2,8,August,Q3,2025,31,6,Saturday,True,FY2025-26
20250803,2025-08-03,3,8,August,Q3,2025,31,7,Sunday,True,FY2025-26
20250804,2025-08-04,4,8,August,Q3,2025,32,1,Monday,False,FY2025-26
20250805,2025-08-05,5,8,August,Q3,2025,32,2,Tuesday,False,FY2025-26
20250806,2025-08-06,6,8,August,Q3,2025,32,3,Wednesday,False,FY2025-26
20250807,2025-08-07,7,8,August,Q3,2025,32,4,Thursday,False,FY2025-26
20250808,2025-08-08,8,8,August,Q3,2025,32,5,Friday,False,FY2025-26
20250809,2025-08-09,9,8,August,Q3,2025,32,6,Saturday,True,FY2025-26
20250810,2025-08-10,10,8,August,Q3,2025,32,7,Sunday,True,FY2025-26
20250811,2025-08-11,11,8,August,Q3,2025,33,1,Monday,False,FY2025-26
20250812,2025-08-12,12,8,August,Q3,2025,33,2,Tuesday,False,FY2025-26
20250813,2025-08-13,13,8,August,Q3,2025,33,3,Wednesday,False,FY2025-26
20250814,2025-08-14,14,8,August,Q3,2025,33,4,Thursday,False,FY2025-26
20250815,2025-08-15,15,8,August,Q3,2025,33,5,Friday,False,FY2025-26
20250816,2025-08-16,16,8,August,Q3,2025,33,6,Saturday,True,FY2025-26
20250817,2025-08-17,17,8,August,Q3,2025,33,7,Sunday,True,FY2025-26
20250818,2025-08-18,18,8,August,Q3,2025,34,1,Monday,False,FY2025-26
20250819,2025-08-19,19,8,August,Q3,2025,34,2,Tuesday,False,FY2025-26
20250820,2025-08-20,20,8,August,Q3,2025,34,3,Wednesday,False,FY2025-26
20250821,2025-08-21,21,8,August,Q3,2025,34,4,Thursday,False,FY2025-26
20250822,2025-08-22,22,8,August,Q3,2025,34,5,Friday,False,FY2025-26
20250823,2025-08-23,23,8,August,Q3,2025,34,6,Saturday,True,FY2025-26
20250824,2025-08-24,24,8,August,Q3,2025,34,7,Sunday,True,FY2025-26
20250825,2025-08-25,25,8,August,Q3,2025,35,1,Monday,False,FY2025-26
20250826,2025-08-26,26,8,August,Q3,2025,35,2,Tuesday,False,FY2025-26
20250827,2025-08-27,27,8,August,Q3,2025,35,3,Wednesday,False,FY2025-26
20250828,2025-08-28,28,8,August,Q3,2025,35,4,Thursday,False,FY2025-26
20250829,2025-08-29,29,8,August,Q3,2025,35,5,Friday,False,FY2025-26
20250830,2025-08-30,30,8,August,Q3,2025,35,6,Saturday,True,FY2025-26
20250831,2025-08-31,31,8,August,Q3,2025,35,7,Sunday,True,FY2025-26
20250901,2025-09-01,1,9,September,Q3,2025,36,1,Monday,False,FY2025-26
20250902,2025-09-02,2,9,September,Q3,2025,36,2,Tuesday,False,FY2025-26
20250903,2025-09-03,3,9,September,Q3,2025,36,3,Wednesday,False,FY2025-26
20250904,2025-09-04,4,9,September,Q3,2025,36,4,Thursday,False,FY2025-26
20250905,2025-09-05,5,9,September,Q3,2025,36,5,Friday,False,FY2025-26
20250906,2025-09-06,6,9,September,Q3,2025,36,6,Saturday,True,FY2025-26
20250907,2025-09-07,7,9,September,Q3,2025,36,7,Sunday,True,FY2025-26
20250908,2025-09-08,8,9,September,Q3,2025,37,1,Monday,False,FY2025-26
20250909,2025-09-09,9,9,September,Q3,2025,37,2,Tuesday,False,FY2025-26
20250910,2025-09-10,10,9,September,Q3,2025,37,3,Wednesday,False,FY2025-26
20250911,2025-09-11,11,9,September,Q3,2025,37,4,Thursday,False,FY2025-26
20250912,2025-09-12,12,9,September,Q3,2025,37,5,Friday,False,FY2025-26
20250913,2025-09-13,13,9,September,Q3,2025,37,6,Saturday,True,FY2025-26
20250914,2025-09-14,14,9,September,Q3,2025,37,7,Sunday,True,FY2025-26
20250915,2025-09-15,15,9,September,Q3,2025,38,1,Monday,False,FY2025-26
20250916,2025-09-16,16,9,September,Q3,2025,38,2,Tuesday,False,FY2025-26
20250917,2025-09-17,17,9,September,Q3,2025,38,3,Wednesday,False,FY2025-26
20250918,2025-09-18,18,9,September,Q3,2025,38,4,Thursday,False,FY2025-26
20250919,2025-09-19,19,9,September,Q3,2025,38,5,Friday,False,FY2025-26
20250920,2025-09-20,20,9,September,Q3,2025,38,6,Saturday,True,FY2025-26
20250921,2025-09-21,21,9,September,Q3,2025,38,7,Sunday,True,FY2025-26
20250922,2025-09-22,22,9,September,Q3,2025,39,1,Monday,False,FY2025-26
20250923,2025-09-23,23,9,September,Q3,2025,39,2,Tuesday,False,FY2025-26
20250924,2025-09-24,24,9,September,Q3,2025,39,3,Wednesday,False,FY2025-26
20250925,2025-09-25,25,9,September,Q3,2025,39,4,Thursday,False,FY2025-26
20250926,2025-09-26,26,9,September,Q3,2025,39,5,Friday,False,FY2025-26
20250927,2025-09-27,27,9,September,Q3,2025,39,6,Saturday,True,FY2025-26
20250928,2025-09-28,28,9,September,Q3,2025,39,7,Sunday,True,FY2025-26
20250929,2025-09-29,29,9,September,Q3,2025,40,1,Monday,False,FY2025-26
20250930,2025-09-30,30,9,September,Q3,2025,40,2,Tuesday,False,FY2025-26
20251001,2025-10-01,1,10,October,Q4,2025,40,3,Wednesday,False,FY2025-26
20251002,2025-10-02,2,10,October,Q4,2025,40,4,Thursday,False,FY2025-26
20251003,2025-10-03,3,10,October,Q4,2025,40,5,Friday,False,FY2025-26
20251004,2025-10-04,4,10,October,Q4,2025,40,6,Saturday,True,FY2025-26
20251005,2025-10-05,5,10,October,Q4,2025,40,7,Sunday,True,FY2025-26
20251006,2025-10-06,6,10,October,Q4,2025,41,1,Monday,False,FY2025-26
20251007,2025-10-07,7,10,October,Q4,2025,41,2,Tuesday,False,FY2025-26
20251008,2025-10-08,8,10,October,Q4,2025,41,3,Wednesday,False,FY2025-26
20251009,2025-10-09,9,10,October,Q4,2025,41,4,Thursday,False,FY2025-26
20251010,2025-10-10,10,10,October,Q4,2025,41,5,Friday,False,FY2025-26
20251011,2025-10-11,11,10,October,Q4,2025,41,6,Saturday,True,FY2025-26
20251012,2025-10-12,12,10,October,Q4,2025,41,7,Sunday,True,FY2025-26
20251013,2025-10-13,13,10,October,Q4,2025,42,1,Monday,False,FY2025-26
20251014,2025-10-14,14,10,October,Q4,2025,42,2,Tuesday,False,FY2025-26
20251015,2025-10-15,15,10,October,Q4,2025,42,3,Wednesday,False,FY2025-26
20251016,2025-10-16,16,10,October,Q4,2025,42,4,Thursday,False,FY2025-26
20251017,2025-10-17,17,10,October,Q4,2025,42,5,Friday,False,FY2025-26
20251018,2025-10-18,18,10,October,Q4,2025,42,6,Saturday,True,FY2025-26
20251019,2025-10-19,19,10,October,Q4,2025,42,7,Sunday,True,FY2025-26
20251020,2025-10-20,20,10,October,Q4,2025,43,1,Monday,False,FY2025-26
20251021,2025-10-21,21,10,October,Q4,2025,43,2,Tuesday,False,FY2025-26
20251022,2025-10-22,22,10,October,Q4,2025,43,3,Wednesday,False,FY2025-26
20251023,2025-10-23,23,10,October,Q4,2025,43,4,Thursday,False,FY2025-26
20251024,2025-10-24,24,10,October,Q4,2025,43,5,Friday,False,FY2025-26
20251025,2025-10-25,25,10,October,Q4,2025,43,6,Saturday,True,FY2025-26
20251026,2025-10-26,26,10,October,Q4,2025,43,7,Sunday,True,FY2025-26
20251027,2025-10-27,27,10,October,Q4,2025,44,1,Monday,False,FY2025-26
20251028,2025-10-28,28,10,October,Q4,2025,44,2,Tuesday,False,FY2025-26
20251029,2025-10-29,29,10,October,Q4,2025,44,3,Wednesday,False,FY2025-26
20251030,2025-10-30,30,10,October,Q4,2025,44,4,Thursday,False,FY2025-26
20251031,2025-10-31,31,10,October,Q4,2025,44,5,Friday,False,FY2025-26
20251101,2025-11-01,1,11,November,Q4,2025,44,6,Saturday,True,FY2025-26
20251102,2025-11-02,2,11,November,Q4,2025,44,7,Sunday,True,FY2025-26
20251103,2025-11-03,3,11,November,Q4,2025,45,1,Monday,False,FY2025-26
20251104,2025-11-04,4,11,November,Q4,2025,45,2,Tuesday,False,FY2025-26
20251105,2025-11-05,5,11,November,Q4,2025,45,3,Wednesday,False,FY2025-26
20251106,2025-11-06,6,11,November,Q4,2025,45,4,Thursday,False,FY2025-26
20251107,2025-11-07,7,11,November,Q4,2025,45,5,Friday,False,FY2025-26
20251108,2025-11-08,8,11,November,Q4,2025,45,6,Saturday,True,FY2025-26
20251109,2025-11-09,9,11,November,Q4,2025,45,7,Sunday,True,FY2025-26
20251110,2025-11-10,10,11,November,Q4,2025,46,1,Monday,False,FY2025-26
20251111,2025-11-11,11,11,November,Q4,2025,46,2,Tuesday,False,FY2025-26
20251112,2025-11-12,12,11,November,Q4,2025,46,3,Wednesday,False,FY2025-26
20251113,2025-11-13,13,11,November,Q4,2025,46,4,Thursday,False,FY2025-26
20251114,2025-11-14,14,11,November,Q4,2025,46,5,Friday,False,FY2025-26
20251115,2025-11-15,15,11,November,Q4,2025,46,6,Saturday,True,FY2025-26
20251116,2025-11-16,16,11,November,Q4,2025,46,7,Sunday,True,FY2025-26
20251117,2025-11-17,17,11,November,Q4,2025,47,1,Monday,False,FY2025-26
20251118,2025-11-18,18,11,November,Q4,2025,47,2,Tuesday,False,FY2025-26
20251119,2025-11-19,19,11,November,Q4,2025,47,3,Wednesday,False,FY2025-26
20251120,2025-11-20,20,11,November,Q4,2025,47,4,Thursday,False,FY2025-26
20251121,2025-11-21,21,11,November,Q4,2025,47,5,Friday,False,FY2025-26
20251122,2025-11-22,22,11,November,Q4,2025,47,6,Saturday,True,FY2025-26
20251123,2025-11-23,23,11,November,Q4,2025,47,7,Sunday,True,FY2025-26
20251124,2025-11-24,24,11,November,Q4,2025,48,1,Monday,False,FY2025-26
20251125,2025-11-25,25,11,November,Q4,2025,48,2,Tuesday,False,FY2025-26
20251126,2025-11-26,26,11,November,Q4,2025,48,3,Wednesday,False,FY2025-26
20251127,2025-11-27,27,11,November,Q4,2025,48,4,Thursday,False,FY2025-26
20251128,2025-11-28,28,11,November,Q4,2025,48,5,Friday,False,FY2025-26
20251129,2025-11-29,29,11,November,Q4,2025,48,6,Saturday,True,FY2025-26
20251130,2025-11-30,30,11,November,Q4,2025,48,7,Sunday,True,FY2025-26
20251201,2025-12-01,1,12,December,Q4,2025,49,1,Monday,False,FY2025-26
20251202,2025-12-02,2,12,December,Q4,2025,49,2,Tuesday,False,FY2025-26
20251203,2025-12-03,3,12,December,Q4,2025,49,3,Wednesday,False,FY2025-26
20251204,2025-12-04,4,12,December,Q4,2025,49,4,Thursday,False,FY2025-26
20251205,2025-12-05,5,12,December,Q4,2025,49,5,Friday,False,FY2025-26
20251206,2025-12-06,6,12,December,Q4,2025,49,6,Saturday,True,FY2025-26
20251207,2025-12-07,7,12,December,Q4,2025,49,7,Sunday,True,FY2025-26
20251208,2025-12-08,8,12,December,Q4,2025,50,1,Monday,False,FY2025-26
20251209,2025-12-09,9,12,December,Q4,2025,50,2,Tuesday,False,FY2025-26
20251210,2025-12-10,10,12,December,Q4,2025,50,3,Wednesday,False,FY2025-26
20251211,2025-12-11,11,12,December,Q4,2025,50,4,Thursday,False,FY2025-26
20251212,2025-12-12,12,12,December,Q4,2025,50,5,Friday,False,FY2025-26
20251213,2025-12-13,13,12,December,Q4,2025,50,6,Saturday,True,FY2025-26
20251214,2025-12-14,14,12,December,Q4,2025,50,7,Sunday,True,FY2025-26
20251215,2025-12-15,15,12,December,Q4,2025,51,1,Monday,False,FY2025-26
20251216,2025-12-16,16,12,December,Q4,2025,51,2,Tuesday,False,FY2025-26
20251217,2025-12-17,17,12,December,Q4,2025,51,3,Wednesday,False,FY2025-26
20251218,2025-12-18,18,12,December,Q4,2025,51,4,Thursday,False,FY2025-26
20251219,2025-12-19,19,12,December,Q4,2025,51,5,Friday,False,FY2025-26
20251220,2025-12-20,20,12,December,Q4,2025,51,6,Saturday,True,FY2025-26
20251221,2025-12-21,21,12,December,Q4,2025,51,7,Sunday,True,FY2025-26
20251222,2025-12-22,22,12,December,Q4,2025,52,1,Monday,False,FY2025-26
20251223,2025-12-23,23,12,December,Q4,2025,52,2,Tuesday,False,FY2025-26
20251224,2025-12-24,24,12,December,Q4,2025,52,3,Wednesday,False,FY2025-26
20251225,2025-12-25,25,12,December,Q4,2025,52,4,Thursday,False,FY2025-26
20251226,2025-12-26,26,12,December,Q4,2025,52,5,Friday,False,FY2025-26
20251227,2025-12-27,27,12,December,Q4,2025,52,6,Saturday,True,FY2025-26
20251228,2025-12-28,28,12,December,Q4,2025,52,7,Sunday,True,FY2025-26
20251229,2025-12-29,29,12,December,Q4,2025,1,1,Monday,False,FY2025-26
20251230,2025-12-30,30,12,December,Q4,2025,1,2,Tuesday,False,FY2025-26
20251231,2025-12-31,31,12,December,Q4,2025,1,3,Wednesday,False,FY2025-26
