date_sk,date,year,quarter,quarter_name,month,month_name,month_short,week,week_of_month,day,day_name,day_of_week,day_of_year,is_weekend,is_month_start,is_month_end,is_quarter_start,is_quarter_end,is_year_start,is_year_end,financial_year,financial_quarter
20220101,2022-01-01,2022,1,Q1,1,January,Jan,52,1,1,Saturday,6,1,True,True,False,True,False,True,False,2021-2022,Q4
20220102,2022-01-02,2022,1,Q1,1,January,Jan,52,1,2,Sunday,7,2,True,False,False,False,False,False,False,2021-2022,Q4
20220103,2022-01-03,2022,1,Q1,1,January,Jan,1,1,3,Monday,1,3,False,False,False,False,False,False,False,2021-2022,Q4
20220104,2022-01-04,2022,1,Q1,1,January,Jan,1,1,4,Tuesday,2,4,False,False,False,False,False,False,False,2021-2022,Q4
20220105,2022-01-05,2022,1,Q1,1,January,Jan,1,1,5,Wednesday,3,5,False,False,False,False,False,False,False,2021-2022,Q4
20220106,2022-01-06,2022,1,Q1,1,January,Jan,1,1,6,Thursday,4,6,False,False,False,False,False,False,False,2021-2022,Q4
20220107,2022-01-07,2022,1,Q1,1,January,Jan,1,1,7,Friday,5,7,False,False,False,False,False,False,False,2021-2022,Q4
20220108,2022-01-08,2022,1,Q1,1,January,Jan,1,2,8,Saturday,6,8,True,False,False,False,False,False,False,2021-2022,Q4
20220109,2022-01-09,2022,1,Q1,1,January,Jan,1,2,9,Sunday,7,9,True,False,False,False,False,False,False,2021-2022,Q4
20220110,2022-01-10,2022,1,Q1,1,January,Jan,2,2,10,Monday,1,10,False,False,False,False,False,False,False,2021-2022,Q4
20220111,2022-01-11,2022,1,Q1,1,January,Jan,2,2,11,Tuesday,2,11,False,False,False,False,False,False,False,2021-2022,Q4
20220112,2022-01-12,2022,1,Q1,1,January,Jan,2,2,12,Wednesday,3,12,False,False,False,False,False,False,False,2021-2022,Q4
20220113,2022-01-13,2022,1,Q1,1,January,Jan,2,2,13,Thursday,4,13,False,False,False,False,False,False,False,2021-2022,Q4
20220114,2022-01-14,2022,1,Q1,1,January,Jan,2,2,14,Friday,5,14,False,False,False,False,False,False,False,2021-2022,Q4
20220115,2022-01-15,2022,1,Q1,1,January,Jan,2,3,15,Saturday,6,15,True,False,False,False,False,False,False,2021-2022,Q4
20220116,2022-01-16,2022,1,Q1,1,January,Jan,2,3,16,Sunday,7,16,True,False,False,False,False,False,False,2021-2022,Q4
20220117,2022-01-17,2022,1,Q1,1,January,Jan,3,3,17,Monday,1,17,False,False,False,False,False,False,False,2021-2022,Q4
20220118,2022-01-18,2022,1,Q1,1,January,Jan,3,3,18,Tuesday,2,18,False,False,False,False,False,False,False,2021-2022,Q4
20220119,2022-01-19,2022,1,Q1,1,January,Jan,3,3,19,Wednesday,3,19,False,False,False,False,False,False,False,2021-2022,Q4
20220120,2022-01-20,2022,1,Q1,1,January,Jan,3,3,20,Thursday,4,20,False,False,False,False,False,False,False,2021-2022,Q4
20220121,2022-01-21,2022,1,Q1,1,January,Jan,3,3,21,Friday,5,21,False,False,False,False,False,False,False,2021-2022,Q4
20220122,2022-01-22,2022,1,Q1,1,January,Jan,3,4,22,Saturday,6,22,True,False,False,False,False,False,False,2021-2022,Q4
20220123,2022-01-23,2022,1,Q1,1,January,Jan,3,4,23,Sunday,7,23,True,False,False,False,False,False,False,2021-2022,Q4
20220124,2022-01-24,2022,1,Q1,1,January,Jan,4,4,24,Monday,1,24,False,False,False,False,False,False,False,2021-2022,Q4
20220125,2022-01-25,2022,1,Q1,1,January,Jan,4,4,25,Tuesday,2,25,False,False,False,False,False,False,False,2021-2022,Q4
20220126,2022-01-26,2022,1,Q1,1,January,Jan,4,4,26,Wednesday,3,26,False,False,False,False,False,False,False,2021-2022,Q4
20220127,2022-01-27,2022,1,Q1,1,January,Jan,4,4,27,Thursday,4,27,False,False,False,False,False,False,False,2021-2022,Q4
20220128,2022-01-28,2022,1,Q1,1,January,Jan,4,4,28,Friday,5,28,False,False,False,False,False,False,False,2021-2022,Q4
20220129,2022-01-29,2022,1,Q1,1,January,Jan,4,5,29,Saturday,6,29,True,False,False,False,False,False,False,2021-2022,Q4
20220130,2022-01-30,2022,1,Q1,1,January,Jan,4,5,30,Sunday,7,30,True,False,False,False,False,False,False,2021-2022,Q4
20220131,2022-01-31,2022,1,Q1,1,January,Jan,5,5,31,Monday,1,31,False,False,True,False,False,False,False,2021-2022,Q4
20220201,2022-02-01,2022,1,Q1,2,February,Feb,5,1,1,Tuesday,2,32,False,True,False,False,False,False,False,2021-2022,Q4
20220202,2022-02-02,2022,1,Q1,2,February,Feb,5,1,2,Wednesday,3,33,False,False,False,False,False,False,False,2021-2022,Q4
20220203,2022-02-03,2022,1,Q1,2,February,Feb,5,1,3,Thursday,4,34,False,False,False,False,False,False,False,2021-2022,Q4
20220204,2022-02-04,2022,1,Q1,2,February,Feb,5,1,4,Friday,5,35,False,False,False,False,False,False,False,2021-2022,Q4
20220205,2022-02-05,2022,1,Q1,2,February,Feb,5,1,5,Saturday,6,36,True,False,False,False,False,False,False,2021-2022,Q4
20220206,2022-02-06,2022,1,Q1,2,February,Feb,5,1,6,Sunday,7,37,True,False,False,False,False,False,False,2021-2022,Q4
20220207,2022-02-07,2022,1,Q1,2,February,Feb,6,1,7,Monday,1,38,False,False,False,False,False,False,False,2021-2022,Q4
20220208,2022-02-08,2022,1,Q1,2,February,Feb,6,2,8,Tuesday,2,39,False,False,False,False,False,False,False,2021-2022,Q4
20220209,2022-02-09,2022,1,Q1,2,February,Feb,6,2,9,Wednesday,3,40,False,False,False,False,False,False,False,2021-2022,Q4
20220210,2022-02-10,2022,1,Q1,2,February,Feb,6,2,10,Thursday,4,41,False,False,False,False,False,False,False,2021-2022,Q4
20220211,2022-02-11,2022,1,Q1,2,February,Feb,6,2,11,Friday,5,42,False,False,False,False,False,False,False,2021-2022,Q4
20220212,2022-02-12,2022,1,Q1,2,February,Feb,6,2,12,Saturday,6,43,True,False,False,False,False,False,False,2021-2022,Q4
20220213,2022-02-13,2022,1,Q1,2,February,Feb,6,2,13,Sunday,7,44,True,False,False,False,False,False,False,2021-2022,Q4
20220214,2022-02-14,2022,1,Q1,2,February,Feb,7,2,14,Monday,1,45,False,False,False,False,False,False,False,2021-2022,Q4
20220215,2022-02-15,2022,1,Q1,2,February,Feb,7,3,15,Tuesday,2,46,False,False,False,False,False,False,False,2021-2022,Q4
20220216,2022-02-16,2022,1,Q1,2,February,Feb,7,3,16,Wednesday,3,47,False,False,False,False,False,False,False,2021-2022,Q4
20220217,2022-02-17,2022,1,Q1,2,February,Feb,7,3,17,Thursday,4,48,False,False,False,False,False,False,False,2021-2022,Q4
20220218,2022-02-18,2022,1,Q1,2,February,Feb,7,3,18,Friday,5,49,False,False,False,False,False,False,False,2021-2022,Q4
20220219,2022-02-19,2022,1,Q1,2,February,Feb,7,3,19,Saturday,6,50,True,False,False,False,False,False,False,2021-2022,Q4
20220220,2022-02-20,2022,1,Q1,2,February,Feb,7,3,20,Sunday,7,51,True,False,False,False,False,False,False,2021-2022,Q4
20220221,2022-02-21,2022,1,Q1,2,February,Feb,8,3,21,Monday,1,52,False,False,False,False,False,False,False,2021-2022,Q4
20220222,2022-02-22,2022,1,Q1,2,February,Feb,8,4,22,Tuesday,2,53,False,False,False,False,False,False,False,2021-2022,Q4
20220223,2022-02-23,2022,1,Q1,2,February,Feb,8,4,23,Wednesday,3,54,False,False,False,False,False,False,False,2021-2022,Q4
20220224,2022-02-24,2022,1,Q1,2,February,Feb,8,4,24,Thursday,4,55,False,False,False,False,False,False,False,2021-2022,Q4
20220225,2022-02-25,2022,1,Q1,2,February,Feb,8,4,25,Friday,5,56,False,False,False,False,False,False,False,2021-2022,Q4
20220226,2022-02-26,2022,1,Q1,2,February,Feb,8,4,26,Saturday,6,57,True,False,False,False,False,False,False,2021-2022,Q4
20220227,2022-02-27,2022,1,Q1,2,February,Feb,8,4,27,Sunday,7,58,True,False,False,False,False,False,False,2021-2022,Q4
20220228,2022-02-28,2022,1,Q1,2,February,Feb,9,4,28,Monday,1,59,False,False,True,False,False,False,False,2021-2022,Q4
20220301,2022-03-01,2022,1,Q1,3,March,Mar,9,1,1,Tuesday,2,60,False,True,False,False,False,False,False,2021-2022,Q4
20220302,2022-03-02,2022,1,Q1,3,March,Mar,9,1,2,Wednesday,3,61,False,False,False,False,False,False,False,2021-2022,Q4
20220303,2022-03-03,2022,1,Q1,3,March,Mar,9,1,3,Thursday,4,62,False,False,False,False,False,False,False,2021-2022,Q4
20220304,2022-03-04,2022,1,Q1,3,March,Mar,9,1,4,Friday,5,63,False,False,False,False,False,False,False,2021-2022,Q4
20220305,2022-03-05,2022,1,Q1,3,March,Mar,9,1,5,Saturday,6,64,True,False,False,False,False,False,False,2021-2022,Q4
20220306,2022-03-06,2022,1,Q1,3,March,Mar,9,1,6,Sunday,7,65,True,False,False,False,False,False,False,2021-2022,Q4
20220307,2022-03-07,2022,1,Q1,3,March,Mar,10,1,7,Monday,1,66,False,False,False,False,False,False,False,2021-2022,Q4
20220308,2022-03-08,2022,1,Q1,3,March,Mar,10,2,8,Tuesday,2,67,False,False,False,False,False,False,False,2021-2022,Q4
20220309,2022-03-09,2022,1,Q1,3,March,Mar,10,2,9,Wednesday,3,68,False,False,False,False,False,False,False,2021-2022,Q4
20220310,2022-03-10,2022,1,Q1,3,March,Mar,10,2,10,Thursday,4,69,False,False,False,False,False,False,False,2021-2022,Q4
20220311,2022-03-11,2022,1,Q1,3,March,Mar,10,2,11,Friday,5,70,False,False,False,False,False,False,False,2021-2022,Q4
20220312,2022-03-12,2022,1,Q1,3,March,Mar,10,2,12,Saturday,6,71,True,False,False,False,False,False,False,2021-2022,Q4
20220313,2022-03-13,2022,1,Q1,3,March,Mar,10,2,13,Sunday,7,72,True,False,False,False,False,False,False,2021-2022,Q4
20220314,2022-03-14,2022,1,Q1,3,March,Mar,11,2,14,Monday,1,73,False,False,False,False,False,False,False,2021-2022,Q4
20220315,2022-03-15,2022,1,Q1,3,March,Mar,11,3,15,Tuesday,2,74,False,False,False,False,False,False,False,2021-2022,Q4
20220316,2022-03-16,2022,1,Q1,3,March,Mar,11,3,16,Wednesday,3,75,False,False,False,False,False,False,False,2021-2022,Q4
20220317,2022-03-17,2022,1,Q1,3,March,Mar,11,3,17,Thursday,4,76,False,False,False,False,False,False,False,2021-2022,Q4
20220318,2022-03-18,2022,1,Q1,3,March,Mar,11,3,18,Friday,5,77,False,False,False,False,False,False,False,2021-2022,Q4
20220319,2022-03-19,2022,1,Q1,3,March,Mar,11,3,19,Saturday,6,78,True,False,False,False,False,False,False,2021-2022,Q4
20220320,2022-03-20,2022,1,Q1,3,March,Mar,11,3,20,Sunday,7,79,True,False,False,False,False,False,False,2021-2022,Q4
20220321,2022-03-21,2022,1,Q1,3,March,Mar,12,3,21,Monday,1,80,False,False,False,False,False,False,False,2021-2022,Q4
20220322,2022-03-22,2022,1,Q1,3,March,Mar,12,4,22,Tuesday,2,81,False,False,False,False,False,False,False,2021-2022,Q4
20220323,2022-03-23,2022,1,Q1,3,March,Mar,12,4,23,Wednesday,3,82,False,False,False,False,False,False,False,2021-2022,Q4
20220324,2022-03-24,2022,1,Q1,3,March,Mar,12,4,24,Thursday,4,83,False,False,False,False,False,False,False,2021-2022,Q4
20220325,2022-03-25,2022,1,Q1,3,March,Mar,12,4,25,Friday,5,84,False,False,False,False,False,False,False,2021-2022,Q4
20220326,2022-03-26,2022,1,Q1,3,March,Mar,12,4,26,Saturday,6,85,True,False,False,False,False,False,False,2021-2022,Q4
20220327,2022-03-27,2022,1,Q1,3,March,Mar,12,4,27,Sunday,7,86,True,False,False,False,False,False,False,2021-2022,Q4
20220328,2022-03-28,2022,1,Q1,3,March,Mar,13,4,28,Monday,1,87,False,False,False,False,False,False,False,2021-2022,Q4
20220329,2022-03-29,2022,1,Q1,3,March,Mar,13,5,29,Tuesday,2,88,False,False,False,False,False,False,False,2021-2022,Q4
20220330,2022-03-30,2022,1,Q1,3,March,Mar,13,5,30,Wednesday,3,89,False,False,False,False,False,False,False,2021-2022,Q4
20220331,2022-03-31,2022,1,Q1,3,March,Mar,13,5,31,Thursday,4,90,False,False,True,False,True,False,False,2021-2022,Q4
20220401,2022-04-01,2022,2,Q2,4,April,Apr,13,1,1,Friday,5,91,False,True,False,True,False,False,False,2022-2023,Q1
20220402,2022-04-02,2022,2,Q2,4,April,Apr,13,1,2,Saturday,6,92,True,False,False,False,False,False,False,2022-2023,Q1
20220403,2022-04-03,2022,2,Q2,4,April,Apr,13,1,3,Sunday,7,93,True,False,False,False,False,False,False,2022-2023,Q1
20220404,2022-04-04,2022,2,Q2,4,April,Apr,14,1,4,Monday,1,94,False,False,False,False,False,False,False,2022-2023,Q1
20220405,2022-04-05,2022,2,Q2,4,April,Apr,14,1,5,Tuesday,2,95,False,False,False,False,False,False,False,2022-2023,Q1
20220406,2022-04-06,2022,2,Q2,4,April,Apr,14,1,6,Wednesday,3,96,False,False,False,False,False,False,False,2022-2023,Q1
20220407,2022-04-07,2022,2,Q2,4,April,Apr,14,1,7,Thursday,4,97,False,False,False,False,False,False,False,2022-2023,Q1
20220408,2022-04-08,2022,2,Q2,4,April,Apr,14,2,8,Friday,5,98,False,False,False,False,False,False,False,2022-2023,Q1
20220409,2022-04-09,2022,2,Q2,4,April,Apr,14,2,9,Saturday,6,99,True,False,False,False,False,False,False,2022-2023,Q1
20220410,2022-04-10,2022,2,Q2,4,April,Apr,14,2,10,Sunday,7,100,True,False,False,False,False,False,False,2022-2023,Q1
20220411,2022-04-11,2022,2,Q2,4,April,Apr,15,2,11,Monday,1,101,False,False,False,False,False,False,False,2022-2023,Q1
20220412,2022-04-12,2022,2,Q2,4,April,Apr,15,2,12,Tuesday,2,102,False,False,False,False,False,False,False,2022-2023,Q1
20220413,2022-04-13,2022,2,Q2,4,April,Apr,15,2,13,Wednesday,3,103,False,False,False,False,False,False,False,2022-2023,Q1
20220414,2022-04-14,2022,2,Q2,4,April,Apr,15,2,14,Thursday,4,104,False,False,False,False,False,False,False,2022-2023,Q1
20220415,2022-04-15,2022,2,Q2,4,April,Apr,15,3,15,Friday,5,105,False,False,False,False,False,False,False,2022-2023,Q1
20220416,2022-04-16,2022,2,Q2,4,April,Apr,15,3,16,Saturday,6,106,True,False,False,False,False,False,False,2022-2023,Q1
20220417,2022-04-17,2022,2,Q2,4,April,Apr,15,3,17,Sunday,7,107,True,False,False,False,False,False,False,2022-2023,Q1
20220418,2022-04-18,2022,2,Q2,4,April,Apr,16,3,18,Monday,1,108,False,False,False,False,False,False,False,2022-2023,Q1
20220419,2022-04-19,2022,2,Q2,4,April,Apr,16,3,19,Tuesday,2,109,False,False,False,False,False,False,False,2022-2023,Q1
20220420,2022-04-20,2022,2,Q2,4,April,Apr,16,3,20,Wednesday,3,110,False,False,False,False,False,False,False,2022-2023,Q1
20220421,2022-04-21,2022,2,Q2,4,April,Apr,16,3,21,Thursday,4,111,False,False,False,False,False,False,False,2022-2023,Q1
20220422,2022-04-22,2022,2,Q2,4,April,Apr,16,4,22,Friday,5,112,False,False,False,False,False,False,False,2022-2023,Q1
20220423,2022-04-23,2022,2,Q2,4,April,Apr,16,4,23,Saturday,6,113,True,False,False,False,False,False,False,2022-2023,Q1
20220424,2022-04-24,2022,2,Q2,4,April,Apr,16,4,24,Sunday,7,114,True,False,False,False,False,False,False,2022-2023,Q1
20220425,2022-04-25,2022,2,Q2,4,April,Apr,17,4,25,Monday,1,115,False,False,False,False,False,False,False,2022-2023,Q1
20220426,2022-04-26,2022,2,Q2,4,April,Apr,17,4,26,Tuesday,2,116,False,False,False,False,False,False,False,2022-2023,Q1
20220427,2022-04-27,2022,2,Q2,4,April,Apr,17,4,27,Wednesday,3,117,False,False,False,False,False,False,False,2022-2023,Q1
20220428,2022-04-28,2022,2,Q2,4,April,Apr,17,4,28,Thursday,4,118,False,False,False,False,False,False,False,2022-2023,Q1
20220429,2022-04-29,2022,2,Q2,4,April,Apr,17,5,29,Friday,5,119,False,False,False,False,False,False,False,2022-2023,Q1
20220430,2022-04-30,2022,2,Q2,4,April,Apr,17,5,30,Saturday,6,120,True,False,True,False,False,False,False,2022-2023,Q1
20220501,2022-05-01,2022,2,Q2,5,May,May,17,1,1,Sunday,7,121,True,True,False,False,False,False,False,2022-2023,Q1
20220502,2022-05-02,2022,2,Q2,5,May,May,18,1,2,Monday,1,122,False,False,False,False,False,False,False,2022-2023,Q1
20220503,2022-05-03,2022,2,Q2,5,May,May,18,1,3,Tuesday,2,123,False,False,False,False,False,False,False,2022-2023,Q1
20220504,2022-05-04,2022,2,Q2,5,May,May,18,1,4,Wednesday,3,124,False,False,False,False,False,False,False,2022-2023,Q1
20220505,2022-05-05,2022,2,Q2,5,May,May,18,1,5,Thursday,4,125,False,False,False,False,False,False,False,2022-2023,Q1
20220506,2022-05-06,2022,2,Q2,5,May,May,18,1,6,Friday,5,126,False,False,False,False,False,False,False,2022-2023,Q1
20220507,2022-05-07,2022,2,Q2,5,May,May,18,1,7,Saturday,6,127,True,False,False,False,False,False,False,2022-2023,Q1
20220508,2022-05-08,2022,2,Q2,5,May,May,18,2,8,Sunday,7,128,True,False,False,False,False,False,False,2022-2023,Q1
20220509,2022-05-09,2022,2,Q2,5,May,May,19,2,9,Monday,1,129,False,False,False,False,False,False,False,2022-2023,Q1
20220510,2022-05-10,2022,2,Q2,5,May,May,19,2,10,Tuesday,2,130,False,False,False,False,False,False,False,2022-2023,Q1
20220511,2022-05-11,2022,2,Q2,5,May,May,19,2,11,Wednesday,3,131,False,False,False,False,False,False,False,2022-2023,Q1
20220512,2022-05-12,2022,2,Q2,5,May,May,19,2,12,Thursday,4,132,False,False,False,False,False,False,False,2022-2023,Q1
20220513,2022-05-13,2022,2,Q2,5,May,May,19,2,13,Friday,5,133,False,False,False,False,False,False,False,2022-2023,Q1
20220514,2022-05-14,2022,2,Q2,5,May,May,19,2,14,Saturday,6,134,True,False,False,False,False,False,False,2022-2023,Q1
20220515,2022-05-15,2022,2,Q2,5,May,May,19,3,15,Sunday,7,135,True,False,False,False,False,False,False,2022-2023,Q1
20220516,2022-05-16,2022,2,Q2,5,May,May,20,3,16,Monday,1,136,False,False,False,False,False,False,False,2022-2023,Q1
20220517,2022-05-17,2022,2,Q2,5,May,May,20,3,17,Tuesday,2,137,False,False,False,False,False,False,False,2022-2023,Q1
20220518,2022-05-18,2022,2,Q2,5,May,May,20,3,18,Wednesday,3,138,False,False,False,False,False,False,False,2022-2023,Q1
20220519,2022-05-19,2022,2,Q2,5,May,May,20,3,19,Thursday,4,139,False,False,False,False,False,False,False,2022-2023,Q1
20220520,2022-05-20,2022,2,Q2,5,May,May,20,3,20,Friday,5,140,False,False,False,False,False,False,False,2022-2023,Q1
20220521,2022-05-21,2022,2,Q2,5,May,May,20,3,21,Saturday,6,141,True,False,False,False,False,False,False,2022-2023,Q1
20220522,2022-05-22,2022,2,Q2,5,May,May,20,4,22,Sunday,7,142,True,False,False,False,False,False,False,2022-2023,Q1
20220523,2022-05-23,2022,2,Q2,5,May,May,21,4,23,Monday,1,143,False,False,False,False,False,False,False,2022-2023,Q1
20220524,2022-05-24,2022,2,Q2,5,May,May,21,4,24,Tuesday,2,144,False,False,False,False,False,False,False,2022-2023,Q1
20220525,2022-05-25,2022,2,Q2,5,May,May,21,4,25,Wednesday,3,145,False,False,False,False,False,False,False,2022-2023,Q1
20220526,2022-05-26,2022,2,Q2,5,May,May,21,4,26,Thursday,4,146,False,False,False,False,False,False,False,2022-2023,Q1
20220527,2022-05-27,2022,2,Q2,5,May,May,21,4,27,Friday,5,147,False,False,False,False,False,False,False,2022-2023,Q1
20220528,2022-05-28,2022,2,Q2,5,May,May,21,4,28,Saturday,6,148,True,False,False,False,False,False,False,2022-2023,Q1
20220529,2022-05-29,2022,2,Q2,5,May,May,21,5,29,Sunday,7,149,True,False,False,False,False,False,False,2022-2023,Q1
20220530,2022-05-30,2022,2,Q2,5,May,May,22,5,30,Monday,1,150,False,False,False,False,False,False,False,2022-2023,Q1
20220531,2022-05-31,2022,2,Q2,5,May,May,22,5,31,Tuesday,2,151,False,False,True,False,False,False,False,2022-2023,Q1
20220601,2022-06-01,2022,2,Q2,6,June,Jun,22,1,1,Wednesday,3,152,False,True,False,False,False,False,False,2022-2023,Q1
20220602,2022-06-02,2022,2,Q2,6,June,Jun,22,1,2,Thursday,4,153,False,False,False,False,False,False,False,2022-2023,Q1
20220603,2022-06-03,2022,2,Q2,6,June,Jun,22,1,3,Friday,5,154,False,False,False,False,False,False,False,2022-2023,Q1
20220604,2022-06-04,2022,2,Q2,6,June,Jun,22,1,4,Saturday,6,155,True,False,False,False,False,False,False,2022-2023,Q1
20220605,2022-06-05,2022,2,Q2,6,June,Jun,22,1,5,Sunday,7,156,True,False,False,False,False,False,False,2022-2023,Q1
20220606,2022-06-06,2022,2,Q2,6,June,Jun,23,1,6,Monday,1,157,False,False,False,False,False,False,False,2022-2023,Q1
20220607,2022-06-07,2022,2,Q2,6,June,Jun,23,1,7,Tuesday,2,158,False,False,False,False,False,False,False,2022-2023,Q1
20220608,2022-06-08,2022,2,Q2,6,June,Jun,23,2,8,Wednesday,3,159,False,False,False,False,False,False,False,2022-2023,Q1
20220609,2022-06-09,2022,2,Q2,6,June,Jun,23,2,9,Thursday,4,160,False,False,False,False,False,False,False,2022-2023,Q1
20220610,2022-06-10,2022,2,Q2,6,June,Jun,23,2,10,Friday,5,161,False,False,False,False,False,False,False,2022-2023,Q1
20220611,2022-06-11,2022,2,Q2,6,June,Jun,23,2,11,Saturday,6,162,True,False,False,False,False,False,False,2022-2023,Q1
20220612,2022-06-12,2022,2,Q2,6,June,Jun,23,2,12,Sunday,7,163,True,False,False,False,False,False,False,2022-2023,Q1
20220613,2022-06-13,2022,2,Q2,6,June,Jun,24,2,13,Monday,1,164,False,False,False,False,False,False,False,2022-2023,Q1
20220614,2022-06-14,2022,2,Q2,6,June,Jun,24,2,14,Tuesday,2,165,False,False,False,False,False,False,False,2022-2023,Q1
20220615,2022-06-15,2022,2,Q2,6,June,Jun,24,3,15,Wednesday,3,166,False,False,False,False,False,False,False,2022-2023,Q1
20220616,2022-06-16,2022,2,Q2,6,June,Jun,24,3,16,Thursday,4,167,False,False,False,False,False,False,False,2022-2023,Q1
20220617,2022-06-17,2022,2,Q2,6,June,Jun,24,3,17,Friday,5,168,False,False,False,False,False,False,False,2022-2023,Q1
20220618,2022-06-18,2022,2,Q2,6,June,Jun,24,3,18,Saturday,6,169,True,False,False,False,False,False,False,2022-2023,Q1
20220619,2022-06-19,2022,2,Q2,6,June,Jun,24,3,19,Sunday,7,170,True,False,False,False,False,False,False,2022-2023,Q1
20220620,2022-06-20,2022,2,Q2,6,June,Jun,25,3,20,Monday,1,171,False,False,False,False,False,False,False,2022-2023,Q1
20220621,2022-06-21,2022,2,Q2,6,June,Jun,25,3,21,Tuesday,2,172,False,False,False,False,False,False,False,2022-2023,Q1
20220622,2022-06-22,2022,2,Q2,6,June,Jun,25,4,22,Wednesday,3,173,False,False,False,False,False,False,False,2022-2023,Q1
20220623,2022-06-23,2022,2,Q2,6,June,Jun,25,4,23,Thursday,4,174,False,False,False,False,False,False,False,2022-2023,Q1
20220624,2022-06-24,2022,2,Q2,6,June,Jun,25,4,24,Friday,5,175,False,False,False,False,False,False,False,2022-2023,Q1
20220625,2022-06-25,2022,2,Q2,6,June,Jun,25,4,25,Saturday,6,176,True,False,False,False,False,False,False,2022-2023,Q1
20220626,2022-06-26,2022,2,Q2,6,June,Jun,25,4,26,Sunday,7,177,True,False,False,False,False,False,False,2022-2023,Q1
20220627,2022-06-27,2022,2,Q2,6,June,Jun,26,4,27,Monday,1,178,False,False,False,False,False,False,False,2022-2023,Q1
20220628,2022-06-28,2022,2,Q2,6,June,Jun,26,4,28,Tuesday,2,179,False,False,False,False,False,False,False,2022-2023,Q1
20220629,2022-06-29,2022,2,Q2,6,June,Jun,26,5,29,Wednesday,3,180,False,False,False,False,False,False,False,2022-2023,Q1
20220630,2022-06-30,2022,2,Q2,6,June,Jun,26,5,30,Thursday,4,181,False,False,True,False,True,False,False,2022-2023,Q1
20220701,2022-07-01,2022,3,Q3,7,July,Jul,26,1,1,Friday,5,182,False,True,False,True,False,False,False,2022-2023,Q2
20220702,2022-07-02,2022,3,Q3,7,July,Jul,26,1,2,Saturday,6,183,True,False,False,False,False,False,False,2022-2023,Q2
20220703,2022-07-03,2022,3,Q3,7,July,Jul,26,1,3,Sunday,7,184,True,False,False,False,False,False,False,2022-2023,Q2
20220704,2022-07-04,2022,3,Q3,7,July,Jul,27,1,4,Monday,1,185,False,False,False,False,False,False,False,2022-2023,Q2
20220705,2022-07-05,2022,3,Q3,7,July,Jul,27,1,5,Tuesday,2,186,False,False,False,False,False,False,False,2022-2023,Q2
20220706,2022-07-06,2022,3,Q3,7,July,Jul,27,1,6,Wednesday,3,187,False,False,False,False,False,False,False,2022-2023,Q2
20220707,2022-07-07,2022,3,Q3,7,July,Jul,27,1,7,Thursday,4,188,False,False,False,False,False,False,False,2022-2023,Q2
20220708,2022-07-08,2022,3,Q3,7,July,Jul,27,2,8,Friday,5,189,False,False,False,False,False,False,False,2022-2023,Q2
20220709,2022-07-09,2022,3,Q3,7,July,Jul,27,2,9,Saturday,6,190,True,False,False,False,False,False,False,2022-2023,Q2
20220710,2022-07-10,2022,3,Q3,7,July,Jul,27,2,10,Sunday,7,191,True,False,False,False,False,False,False,2022-2023,Q2
20220711,2022-07-11,2022,3,Q3,7,July,Jul,28,2,11,Monday,1,192,False,False,False,False,False,False,False,2022-2023,Q2
20220712,2022-07-12,2022,3,Q3,7,July,Jul,28,2,12,Tuesday,2,193,False,False,False,False,False,False,False,2022-2023,Q2
20220713,2022-07-13,2022,3,Q3,7,July,Jul,28,2,13,Wednesday,3,194,False,False,False,False,False,False,False,2022-2023,Q2
20220714,2022-07-14,2022,3,Q3,7,July,Jul,28,2,14,Thursday,4,195,False,False,False,False,False,False,False,2022-2023,Q2
20220715,2022-07-15,2022,3,Q3,7,July,Jul,28,3,15,Friday,5,196,False,False,False,False,False,False,False,2022-2023,Q2
20220716,2022-07-16,2022,3,Q3,7,July,Jul,28,3,16,Saturday,6,197,True,False,False,False,False,False,False,2022-2023,Q2
20220717,2022-07-17,2022,3,Q3,7,July,Jul,28,3,17,Sunday,7,198,True,False,False,False,False,False,False,2022-2023,Q2
20220718,2022-07-18,2022,3,Q3,7,July,Jul,29,3,18,Monday,1,199,False,False,False,False,False,False,False,2022-2023,Q2
20220719,2022-07-19,2022,3,Q3,7,July,Jul,29,3,19,Tuesday,2,200,False,False,False,False,False,False,False,2022-2023,Q2
20220720,2022-07-20,2022,3,Q3,7,July,Jul,29,3,20,Wednesday,3,201,False,False,False,False,False,False,False,2022-2023,Q2
20220721,2022-07-21,2022,3,Q3,7,July,Jul,29,3,21,Thursday,4,202,False,False,False,False,False,False,False,2022-2023,Q2
20220722,2022-07-22,2022,3,Q3,7,July,Jul,29,4,22,Friday,5,203,False,False,False,False,False,False,False,2022-2023,Q2
20220723,2022-07-23,2022,3,Q3,7,July,Jul,29,4,23,Saturday,6,204,True,False,False,False,False,False,False,2022-2023,Q2
20220724,2022-07-24,2022,3,Q3,7,July,Jul,29,4,24,Sunday,7,205,True,False,False,False,False,False,False,2022-2023,Q2
20220725,2022-07-25,2022,3,Q3,7,July,Jul,30,4,25,Monday,1,206,False,False,False,False,False,False,False,2022-2023,Q2
20220726,2022-07-26,2022,3,Q3,7,July,Jul,30,4,26,Tuesday,2,207,False,False,False,False,False,False,False,2022-2023,Q2
20220727,2022-07-27,2022,3,Q3,7,July,Jul,30,4,27,Wednesday,3,208,False,False,False,False,False,False,False,2022-2023,Q2
20220728,2022-07-28,2022,3,Q3,7,July,Jul,30,4,28,Thursday,4,209,False,False,False,False,False,False,False,2022-2023,Q2
20220729,2022-07-29,2022,3,Q3,7,July,Jul,30,5,29,Friday,5,210,False,False,False,False,False,False,False,2022-2023,Q2
20220730,2022-07-30,2022,3,Q3,7,July,Jul,30,5,30,Saturday,6,211,True,False,False,False,False,False,False,2022-2023,Q2
20220731,2022-07-31,2022,3,Q3,7,July,Jul,30,5,31,Sunday,7,212,True,False,True,False,False,False,False,2022-2023,Q2
20220801,2022-08-01,2022,3,Q3,8,August,Aug,31,1,1,Monday,1,213,False,True,False,False,False,False,False,2022-2023,Q2
20220802,2022-08-02,2022,3,Q3,8,August,Aug,31,1,2,Tuesday,2,214,False,False,False,False,False,False,False,2022-2023,Q2
20220803,2022-08-03,2022,3,Q3,8,August,Aug,31,1,3,Wednesday,3,215,False,False,False,False,False,False,False,2022-2023,Q2
20220804,2022-08-04,2022,3,Q3,8,August,Aug,31,1,4,Thursday,4,216,False,False,False,False,False,False,False,2022-2023,Q2
20220805,2022-08-05,2022,3,Q3,8,August,Aug,31,1,5,Friday,5,217,False,False,False,False,False,False,False,2022-2023,Q2
20220806,2022-08-06,2022,3,Q3,8,August,Aug,31,1,6,Saturday,6,218,True,False,False,False,False,False,False,2022-2023,Q2
20220807,2022-08-07,2022,3,Q3,8,August,Aug,31,1,7,Sunday,7,219,True,False,False,False,False,False,False,2022-2023,Q2
20220808,2022-08-08,2022,3,Q3,8,August,Aug,32,2,8,Monday,1,220,False,False,False,False,False,False,False,2022-2023,Q2
20220809,2022-08-09,2022,3,Q3,8,August,Aug,32,2,9,Tuesday,2,221,False,False,False,False,False,False,False,2022-2023,Q2
20220810,2022-08-10,2022,3,Q3,8,August,Aug,32,2,10,Wednesday,3,222,False,False,False,False,False,False,False,2022-2023,Q2
20220811,2022-08-11,2022,3,Q3,8,August,Aug,32,2,11,Thursday,4,223,False,False,False,False,False,False,False,2022-2023,Q2
20220812,2022-08-12,2022,3,Q3,8,August,Aug,32,2,12,Friday,5,224,False,False,False,False,False,False,False,2022-2023,Q2
20220813,2022-08-13,2022,3,Q3,8,August,Aug,32,2,13,Saturday,6,225,True,False,False,False,False,False,False,2022-2023,Q2
20220814,2022-08-14,2022,3,Q3,8,August,Aug,32,2,14,Sunday,7,226,True,False,False,False,False,False,False,2022-2023,Q2
20220815,2022-08-15,2022,3,Q3,8,August,Aug,33,3,15,Monday,1,227,False,False,False,False,False,False,False,2022-2023,Q2
20220816,2022-08-16,2022,3,Q3,8,August,Aug,33,3,16,Tuesday,2,228,False,False,False,False,False,False,False,2022-2023,Q2
20220817,2022-08-17,2022,3,Q3,8,August,Aug,33,3,17,Wednesday,3,229,False,False,False,False,False,False,False,2022-2023,Q2
20220818,2022-08-18,2022,3,Q3,8,August,Aug,33,3,18,Thursday,4,230,False,False,False,False,False,False,False,2022-2023,Q2
20220819,2022-08-19,2022,3,Q3,8,August,Aug,33,3,19,Friday,5,231,False,False,False,False,False,False,False,2022-2023,Q2
20220820,2022-08-20,2022,3,Q3,8,August,Aug,33,3,20,Saturday,6,232,True,False,False,False,False,False,False,2022-2023,Q2
20220821,2022-08-21,2022,3,Q3,8,August,Aug,33,3,21,Sunday,7,233,True,False,False,False,False,False,False,2022-2023,Q2
20220822,2022-08-22,2022,3,Q3,8,August,Aug,34,4,22,Monday,1,234,False,False,False,False,False,False,False,2022-2023,Q2
20220823,2022-08-23,2022,3,Q3,8,August,Aug,34,4,23,Tuesday,2,235,False,False,False,False,False,False,False,2022-2023,Q2
20220824,2022-08-24,2022,3,Q3,8,August,Aug,34,4,24,Wednesday,3,236,False,False,False,False,False,False,False,2022-2023,Q2
20220825,2022-08-25,2022,3,Q3,8,August,Aug,34,4,25,Thursday,4,237,False,False,False,False,False,False,False,2022-2023,Q2
20220826,2022-08-26,2022,3,Q3,8,August,Aug,34,4,26,Friday,5,238,False,False,False,False,False,False,False,2022-2023,Q2
20220827,2022-08-27,2022,3,Q3,8,August,Aug,34,4,27,Saturday,6,239,True,False,False,False,False,False,False,2022-2023,Q2
20220828,2022-08-28,2022,3,Q3,8,August,Aug,34,4,28,Sunday,7,240,True,False,False,False,False,False,False,2022-2023,Q2
20220829,2022-08-29,2022,3,Q3,8,August,Aug,35,5,29,Monday,1,241,False,False,False,False,False,False,False,2022-2023,Q2
20220830,2022-08-30,2022,3,Q3,8,August,Aug,35,5,30,Tuesday,2,242,False,False,False,False,False,False,False,2022-2023,Q2
20220831,2022-08-31,2022,3,Q3,8,August,Aug,35,5,31,Wednesday,3,243,False,False,True,False,False,False,False,2022-2023,Q2
20220901,2022-09-01,2022,3,Q3,9,September,Sep,35,1,1,Thursday,4,244,False,True,False,False,False,False,False,2022-2023,Q2
20220902,2022-09-02,2022,3,Q3,9,September,Sep,35,1,2,Friday,5,245,False,False,False,False,False,False,False,2022-2023,Q2
20220903,2022-09-03,2022,3,Q3,9,September,Sep,35,1,3,Saturday,6,246,True,False,False,False,False,False,False,2022-2023,Q2
20220904,2022-09-04,2022,3,Q3,9,September,Sep,35,1,4,Sunday,7,247,True,False,False,False,False,False,False,2022-2023,Q2
20220905,2022-09-05,2022,3,Q3,9,September,Sep,36,1,5,Monday,1,248,False,False,False,False,False,False,False,2022-2023,Q2
20220906,2022-09-06,2022,3,Q3,9,September,Sep,36,1,6,Tuesday,2,249,False,False,False,False,False,False,False,2022-2023,Q2
20220907,2022-09-07,2022,3,Q3,9,September,Sep,36,1,7,Wednesday,3,250,False,False,False,False,False,False,False,2022-2023,Q2
20220908,2022-09-08,2022,3,Q3,9,September,Sep,36,2,8,Thursday,4,251,False,False,False,False,False,False,False,2022-2023,Q2
20220909,2022-09-09,2022,3,Q3,9,September,Sep,36,2,9,Friday,5,252,False,False,False,False,False,False,False,2022-2023,Q2
20220910,2022-09-10,2022,3,Q3,9,September,Sep,36,2,10,Saturday,6,253,True,False,False,False,False,False,False,2022-2023,Q2
20220911,2022-09-11,2022,3,Q3,9,September,Sep,36,2,11,Sunday,7,254,True,False,False,False,False,False,False,2022-2023,Q2
20220912,2022-09-12,2022,3,Q3,9,September,Sep,37,2,12,Monday,1,255,False,False,False,False,False,False,False,2022-2023,Q2
20220913,2022-09-13,2022,3,Q3,9,September,Sep,37,2,13,Tuesday,2,256,False,False,False,False,False,False,False,2022-2023,Q2
20220914,2022-09-14,2022,3,Q3,9,September,Sep,37,2,14,Wednesday,3,257,False,False,False,False,False,False,False,2022-2023,Q2
20220915,2022-09-15,2022,3,Q3,9,September,Sep,37,3,15,Thursday,4,258,False,False,False,False,False,False,False,2022-2023,Q2
20220916,2022-09-16,2022,3,Q3,9,September,Sep,37,3,16,Friday,5,259,False,False,False,False,False,False,False,2022-2023,Q2
20220917,2022-09-17,2022,3,Q3,9,September,Sep,37,3,17,Saturday,6,260,True,False,False,False,False,False,False,2022-2023,Q2
20220918,2022-09-18,2022,3,Q3,9,September,Sep,37,3,18,Sunday,7,261,True,False,False,False,False,False,False,2022-2023,Q2
20220919,2022-09-19,2022,3,Q3,9,September,Sep,38,3,19,Monday,1,262,False,False,False,False,False,False,False,2022-2023,Q2
20220920,2022-09-20,2022,3,Q3,9,September,Sep,38,3,20,Tuesday,2,263,False,False,False,False,False,False,False,2022-2023,Q2
20220921,2022-09-21,2022,3,Q3,9,September,Sep,38,3,21,Wednesday,3,264,False,False,False,False,False,False,False,2022-2023,Q2
20220922,2022-09-22,2022,3,Q3,9,September,Sep,38,4,22,Thursday,4,265,False,False,False,False,False,False,False,2022-2023,Q2
20220923,2022-09-23,2022,3,Q3,9,September,Sep,38,4,23,Friday,5,266,False,False,False,False,False,False,False,2022-2023,Q2
20220924,2022-09-24,2022,3,Q3,9,September,Sep,38,4,24,Saturday,6,267,True,False,False,False,False,False,False,2022-2023,Q2
20220925,2022-09-25,2022,3,Q3,9,September,Sep,38,4,25,Sunday,7,268,True,False,False,False,False,False,False,2022-2023,Q2
20220926,2022-09-26,2022,3,Q3,9,September,Sep,39,4,26,Monday,1,269,False,False,False,False,False,False,False,2022-2023,Q2
20220927,2022-09-27,2022,3,Q3,9,September,Sep,39,4,27,Tuesday,2,270,False,False,False,False,False,False,False,2022-2023,Q2
20220928,2022-09-28,2022,3,Q3,9,September,Sep,39,4,28,Wednesday,3,271,False,False,False,False,False,False,False,2022-2023,Q2
20220929,2022-09-29,2022,3,Q3,9,September,Sep,39,5,29,Thursday,4,272,False,False,False,False,False,False,False,2022-2023,Q2
20220930,2022-09-30,2022,3,Q3,9,September,Sep,39,5,30,Friday,5,273,False,False,True,False,True,False,False,2022-2023,Q2
20221001,2022-10-01,2022,4,Q4,10,October,Oct,39,1,1,Saturday,6,274,True,True,False,True,False,False,False,2022-2023,Q3
20221002,2022-10-02,2022,4,Q4,10,October,Oct,39,1,2,Sunday,7,275,True,False,False,False,False,False,False,2022-2023,Q3
20221003,2022-10-03,2022,4,Q4,10,October,Oct,40,1,3,Monday,1,276,False,False,False,False,False,False,False,2022-2023,Q3
20221004,2022-10-04,2022,4,Q4,10,October,Oct,40,1,4,Tuesday,2,277,False,False,False,False,False,False,False,2022-2023,Q3
20221005,2022-10-05,2022,4,Q4,10,October,Oct,40,1,5,Wednesday,3,278,False,False,False,False,False,False,False,2022-2023,Q3
20221006,2022-10-06,2022,4,Q4,10,October,Oct,40,1,6,Thursday,4,279,False,False,False,False,False,False,False,2022-2023,Q3
20221007,2022-10-07,2022,4,Q4,10,October,Oct,40,1,7,Friday,5,280,False,False,False,False,False,False,False,2022-2023,Q3
20221008,2022-10-08,2022,4,Q4,10,October,Oct,40,2,8,Saturday,6,281,True,False,False,False,False,False,False,2022-2023,Q3
20221009,2022-10-09,2022,4,Q4,10,October,Oct,40,2,9,Sunday,7,282,True,False,False,False,False,False,False,2022-2023,Q3
20221010,2022-10-10,2022,4,Q4,10,October,Oct,41,2,10,Monday,1,283,False,False,False,False,False,False,False,2022-2023,Q3
20221011,2022-10-11,2022,4,Q4,10,October,Oct,41,2,11,Tuesday,2,284,False,False,False,False,False,False,False,2022-2023,Q3
20221012,2022-10-12,2022,4,Q4,10,October,Oct,41,2,12,Wednesday,3,285,False,False,False,False,False,False,False,2022-2023,Q3
20221013,2022-10-13,2022,4,Q4,10,October,Oct,41,2,13,Thursday,4,286,False,False,False,False,False,False,False,2022-2023,Q3
20221014,2022-10-14,2022,4,Q4,10,October,Oct,41,2,14,Friday,5,287,False,False,False,False,False,False,False,2022-2023,Q3
20221015,2022-10-15,2022,4,Q4,10,October,Oct,41,3,15,Saturday,6,288,True,False,False,False,False,False,False,2022-2023,Q3
20221016,2022-10-16,2022,4,Q4,10,October,Oct,41,3,16,Sunday,7,289,True,False,False,False,False,False,False,2022-2023,Q3
20221017,2022-10-17,2022,4,Q4,10,October,Oct,42,3,17,Monday,1,290,False,False,False,False,False,False,False,2022-2023,Q3
20221018,2022-10-18,2022,4,Q4,10,October,Oct,42,3,18,Tuesday,2,291,False,False,False,False,False,False,False,2022-2023,Q3
20221019,2022-10-19,2022,4,Q4,10,October,Oct,42,3,19,Wednesday,3,292,False,False,False,False,False,False,False,2022-2023,Q3
20221020,2022-10-20,2022,4,Q4,10,October,Oct,42,3,20,Thursday,4,293,False,False,False,False,False,False,False,2022-2023,Q3
20221021,2022-10-21,2022,4,Q4,10,October,Oct,42,3,21,Friday,5,294,False,False,False,False,False,False,False,2022-2023,Q3
20221022,2022-10-22,2022,4,Q4,10,October,Oct,42,4,22,Saturday,6,295,True,False,False,False,False,False,False,2022-2023,Q3
20221023,2022-10-23,2022,4,Q4,10,October,Oct,42,4,23,Sunday,7,296,True,False,False,False,False,False,False,2022-2023,Q3
20221024,2022-10-24,2022,4,Q4,10,October,Oct,43,4,24,Monday,1,297,False,False,False,False,False,False,False,2022-2023,Q3
20221025,2022-10-25,2022,4,Q4,10,October,Oct,43,4,25,Tuesday,2,298,False,False,False,False,False,False,False,2022-2023,Q3
20221026,2022-10-26,2022,4,Q4,10,October,Oct,43,4,26,Wednesday,3,299,False,False,False,False,False,False,False,2022-2023,Q3
20221027,2022-10-27,2022,4,Q4,10,October,Oct,43,4,27,Thursday,4,300,False,False,False,False,False,False,False,2022-2023,Q3
20221028,2022-10-28,2022,4,Q4,10,October,Oct,43,4,28,Friday,5,301,False,False,False,False,False,False,False,2022-2023,Q3
20221029,2022-10-29,2022,4,Q4,10,October,Oct,43,5,29,Saturday,6,302,True,False,False,False,False,False,False,2022-2023,Q3
20221030,2022-10-30,2022,4,Q4,10,October,Oct,43,5,30,Sunday,7,303,True,False,False,False,False,False,False,2022-2023,Q3
20221031,2022-10-31,2022,4,Q4,10,October,Oct,44,5,31,Monday,1,304,False,False,True,False,False,False,False,2022-2023,Q3
20221101,2022-11-01,2022,4,Q4,11,November,Nov,44,1,1,Tuesday,2,305,False,True,False,False,False,False,False,2022-2023,Q3
20221102,2022-11-02,2022,4,Q4,11,November,Nov,44,1,2,Wednesday,3,306,False,False,False,False,False,False,False,2022-2023,Q3
20221103,2022-11-03,2022,4,Q4,11,November,Nov,44,1,3,Thursday,4,307,False,False,False,False,False,False,False,2022-2023,Q3
20221104,2022-11-04,2022,4,Q4,11,November,Nov,44,1,4,Friday,5,308,False,False,False,False,False,False,False,2022-2023,Q3
20221105,2022-11-05,2022,4,Q4,11,November,Nov,44,1,5,Saturday,6,309,True,False,False,False,False,False,False,2022-2023,Q3
20221106,2022-11-06,2022,4,Q4,11,November,Nov,44,1,6,Sunday,7,310,True,False,False,False,False,False,False,2022-2023,Q3
20221107,2022-11-07,2022,4,Q4,11,November,Nov,45,1,7,Monday,1,311,False,False,False,False,False,False,False,2022-2023,Q3
20221108,2022-11-08,2022,4,Q4,11,November,Nov,45,2,8,Tuesday,2,312,False,False,False,False,False,False,False,2022-2023,Q3
20221109,2022-11-09,2022,4,Q4,11,November,Nov,45,2,9,Wednesday,3,313,False,False,False,False,False,False,False,2022-2023,Q3
20221110,2022-11-10,2022,4,Q4,11,November,Nov,45,2,10,Thursday,4,314,False,False,False,False,False,False,False,2022-2023,Q3
20221111,2022-11-11,2022,4,Q4,11,November,Nov,45,2,11,Friday,5,315,False,False,False,False,False,False,False,2022-2023,Q3
20221112,2022-11-12,2022,4,Q4,11,November,Nov,45,2,12,Saturday,6,316,True,False,False,False,False,False,False,2022-2023,Q3
20221113,2022-11-13,2022,4,Q4,11,November,Nov,45,2,13,Sunday,7,317,True,False,False,False,False,False,False,2022-2023,Q3
20221114,2022-11-14,2022,4,Q4,11,November,Nov,46,2,14,Monday,1,318,False,False,False,False,False,False,False,2022-2023,Q3
20221115,2022-11-15,2022,4,Q4,11,November,Nov,46,3,15,Tuesday,2,319,False,False,False,False,False,False,False,2022-2023,Q3
20221116,2022-11-16,2022,4,Q4,11,November,Nov,46,3,16,Wednesday,3,320,False,False,False,False,False,False,False,2022-2023,Q3
20221117,2022-11-17,2022,4,Q4,11,November,Nov,46,3,17,Thursday,4,321,False,False,False,False,False,False,False,2022-2023,Q3
20221118,2022-11-18,2022,4,Q4,11,November,Nov,46,3,18,Friday,5,322,False,False,False,False,False,False,False,2022-2023,Q3
20221119,2022-11-19,2022,4,Q4,11,November,Nov,46,3,19,Saturday,6,323,True,False,False,False,False,False,False,2022-2023,Q3
20221120,2022-11-20,2022,4,Q4,11,November,Nov,46,3,20,Sunday,7,324,True,False,False,False,False,False,False,2022-2023,Q3
20221121,2022-11-21,2022,4,Q4,11,November,Nov,47,3,21,Monday,1,325,False,False,False,False,False,False,False,2022-2023,Q3
20221122,2022-11-22,2022,4,Q4,11,November,Nov,47,4,22,Tuesday,2,326,False,False,False,False,False,False,False,2022-2023,Q3
20221123,2022-11-23,2022,4,Q4,11,November,Nov,47,4,23,Wednesday,3,327,False,False,False,False,False,False,False,2022-2023,Q3
20221124,2022-11-24,2022,4,Q4,11,November,Nov,47,4,24,Thursday,4,328,False,False,False,False,False,False,False,2022-2023,Q3
20221125,2022-11-25,2022,4,Q4,11,November,Nov,47,4,25,Friday,5,329,False,False,False,False,False,False,False,2022-2023,Q3
20221126,2022-11-26,2022,4,Q4,11,November,Nov,47,4,26,Saturday,6,330,True,False,False,False,False,False,False,2022-2023,Q3
20221127,2022-11-27,2022,4,Q4,11,November,Nov,47,4,27,Sunday,7,331,True,False,False,False,False,False,False,2022-2023,Q3
20221128,2022-11-28,2022,4,Q4,11,November,Nov,48,4,28,Monday,1,332,False,False,False,False,False,False,False,2022-2023,Q3
20221129,2022-11-29,2022,4,Q4,11,November,Nov,48,5,29,Tuesday,2,333,False,False,False,False,False,False,False,2022-2023,Q3
20221130,2022-11-30,2022,4,Q4,11,November,Nov,48,5,30,Wednesday,3,334,False,False,True,False,False,False,False,2022-2023,Q3
20221201,2022-12-01,2022,4,Q4,12,December,Dec,48,1,1,Thursday,4,335,False,True,False,False,False,False,False,2022-2023,Q3
20221202,2022-12-02,2022,4,Q4,12,December,Dec,48,1,2,Friday,5,336,False,False,False,False,False,False,False,2022-2023,Q3
20221203,2022-12-03,2022,4,Q4,12,December,Dec,48,1,3,Saturday,6,337,True,False,False,False,False,False,False,2022-2023,Q3
20221204,2022-12-04,2022,4,Q4,12,December,Dec,48,1,4,Sunday,7,338,True,False,False,False,False,False,False,2022-2023,Q3
20221205,2022-12-05,2022,4,Q4,12,December,Dec,49,1,5,Monday,1,339,False,False,False,False,False,False,False,2022-2023,Q3
20221206,2022-12-06,2022,4,Q4,12,December,Dec,49,1,6,Tuesday,2,340,False,False,False,False,False,False,False,2022-2023,Q3
20221207,2022-12-07,2022,4,Q4,12,December,Dec,49,1,7,Wednesday,3,341,False,False,False,False,False,False,False,2022-2023,Q3
20221208,2022-12-08,2022,4,Q4,12,December,Dec,49,2,8,Thursday,4,342,False,False,False,False,False,False,False,2022-2023,Q3
20221209,2022-12-09,2022,4,Q4,12,December,Dec,49,2,9,Friday,5,343,False,False,False,False,False,False,False,2022-2023,Q3
20221210,2022-12-10,2022,4,Q4,12,December,Dec,49,2,10,Saturday,6,344,True,False,False,False,False,False,False,2022-2023,Q3
20221211,2022-12-11,2022,4,Q4,12,December,Dec,49,2,11,Sunday,7,345,True,False,False,False,False,False,False,2022-2023,Q3
20221212,2022-12-12,2022,4,Q4,12,December,Dec,50,2,12,Monday,1,346,False,False,False,False,False,False,False,2022-2023,Q3
20221213,2022-12-13,2022,4,Q4,12,December,Dec,50,2,13,Tuesday,2,347,False,False,False,False,False,False,False,2022-2023,Q3
20221214,2022-12-14,2022,4,Q4,12,December,Dec,50,2,14,Wednesday,3,348,False,False,False,False,False,False,False,2022-2023,Q3
20221215,2022-12-15,2022,4,Q4,12,December,Dec,50,3,15,Thursday,4,349,False,False,False,False,False,False,False,2022-2023,Q3
20221216,2022-12-16,2022,4,Q4,12,December,Dec,50,3,16,Friday,5,350,False,False,False,False,False,False,False,2022-2023,Q3
20221217,2022-12-17,2022,4,Q4,12,December,Dec,50,3,17,Saturday,6,351,True,False,False,False,False,False,False,2022-2023,Q3
20221218,2022-12-18,2022,4,Q4,12,December,Dec,50,3,18,Sunday,7,352,True,False,False,False,False,False,False,2022-2023,Q3
20221219,2022-12-19,2022,4,Q4,12,December,Dec,51,3,19,Monday,1,353,False,False,False,False,False,False,False,2022-2023,Q3
20221220,2022-12-20,2022,4,Q4,12,December,Dec,51,3,20,Tuesday,2,354,False,False,False,False,False,False,False,2022-2023,Q3
20221221,2022-12-21,2022,4,Q4,12,December,Dec,51,3,21,Wednesday,3,355,False,False,False,False,False,False,False,2022-2023,Q3
20221222,2022-12-22,2022,4,Q4,12,December,Dec,51,4,22,Thursday,4,356,False,False,False,False,False,False,False,2022-2023,Q3
20221223,2022-12-23,2022,4,Q4,12,December,Dec,51,4,23,Friday,5,357,False,False,False,False,False,False,False,2022-2023,Q3
20221224,2022-12-24,2022,4,Q4,12,December,Dec,51,4,24,Saturday,6,358,True,False,False,False,False,False,False,2022-2023,Q3
20221225,2022-12-25,2022,4,Q4,12,December,Dec,51,4,25,Sunday,7,359,True,False,False,False,False,False,False,2022-2023,Q3
20221226,2022-12-26,2022,4,Q4,12,December,Dec,52,4,26,Monday,1,360,False,False,False,False,False,False,False,2022-2023,Q3
20221227,2022-12-27,2022,4,Q4,12,December,Dec,52,4,27,Tuesday,2,361,False,False,False,False,False,False,False,2022-2023,Q3
20221228,2022-12-28,2022,4,Q4,12,December,Dec,52,4,28,Wednesday,3,362,False,False,False,False,False,False,False,2022-2023,Q3
20221229,2022-12-29,2022,4,Q4,12,December,Dec,52,5,29,Thursday,4,363,False,False,False,False,False,False,False,2022-2023,Q3
20221230,2022-12-30,2022,4,Q4,12,December,Dec,52,5,30,Friday,5,364,False,False,False,False,False,False,False,2022-2023,Q3
20221231,2022-12-31,2022,4,Q4,12,December,Dec,52,5,31,Saturday,6,365,True,False,True,False,True,False,True,2022-2023,Q3
20230101,2023-01-01,2023,1,Q1,1,January,Jan,52,1,1,Sunday,7,1,True,True,False,True,False,True,False,2022-2023,Q4
20230102,2023-01-02,2023,1,Q1,1,January,Jan,1,1,2,Monday,1,2,False,False,False,False,False,False,False,2022-2023,Q4
20230103,2023-01-03,2023,1,Q1,1,January,Jan,1,1,3,Tuesday,2,3,False,False,False,False,False,False,False,2022-2023,Q4
20230104,2023-01-04,2023,1,Q1,1,January,Jan,1,1,4,Wednesday,3,4,False,False,False,False,False,False,False,2022-2023,Q4
20230105,2023-01-05,2023,1,Q1,1,January,Jan,1,1,5,Thursday,4,5,False,False,False,False,False,False,False,2022-2023,Q4
20230106,2023-01-06,2023,1,Q1,1,January,Jan,1,1,6,Friday,5,6,False,False,False,False,False,False,False,2022-2023,Q4
20230107,2023-01-07,2023,1,Q1,1,January,Jan,1,1,7,Saturday,6,7,True,False,False,False,False,False,False,2022-2023,Q4
20230108,2023-01-08,2023,1,Q1,1,January,Jan,1,2,8,Sunday,7,8,True,False,False,False,False,False,False,2022-2023,Q4
20230109,2023-01-09,2023,1,Q1,1,January,Jan,2,2,9,Monday,1,9,False,False,False,False,False,False,False,2022-2023,Q4
20230110,2023-01-10,2023,1,Q1,1,January,Jan,2,2,10,Tuesday,2,10,False,False,False,False,False,False,False,2022-2023,Q4
20230111,2023-01-11,2023,1,Q1,1,January,Jan,2,2,11,Wednesday,3,11,False,False,False,False,False,False,False,2022-2023,Q4
20230112,2023-01-12,2023,1,Q1,1,January,Jan,2,2,12,Thursday,4,12,False,False,False,False,False,False,False,2022-2023,Q4
20230113,2023-01-13,2023,1,Q1,1,January,Jan,2,2,13,Friday,5,13,False,False,False,False,False,False,False,2022-2023,Q4
20230114,2023-01-14,2023,1,Q1,1,January,Jan,2,2,14,Saturday,6,14,True,False,False,False,False,False,False,2022-2023,Q4
20230115,2023-01-15,2023,1,Q1,1,January,Jan,2,3,15,Sunday,7,15,True,False,False,False,False,False,False,2022-2023,Q4
20230116,2023-01-16,2023,1,Q1,1,January,Jan,3,3,16,Monday,1,16,False,False,False,False,False,False,False,2022-2023,Q4
20230117,2023-01-17,2023,1,Q1,1,January,Jan,3,3,17,Tuesday,2,17,False,False,False,False,False,False,False,2022-2023,Q4
20230118,2023-01-18,2023,1,Q1,1,January,Jan,3,3,18,Wednesday,3,18,False,False,False,False,False,False,False,2022-2023,Q4
20230119,2023-01-19,2023,1,Q1,1,January,Jan,3,3,19,Thursday,4,19,False,False,False,False,False,False,False,2022-2023,Q4
20230120,2023-01-20,2023,1,Q1,1,January,Jan,3,3,20,Friday,5,20,False,False,False,False,False,False,False,2022-2023,Q4
20230121,2023-01-21,2023,1,Q1,1,January,Jan,3,3,21,Saturday,6,21,True,False,False,False,False,False,False,2022-2023,Q4
20230122,2023-01-22,2023,1,Q1,1,January,Jan,3,4,22,Sunday,7,22,True,False,False,False,False,False,False,2022-2023,Q4
20230123,2023-01-23,2023,1,Q1,1,January,Jan,4,4,23,Monday,1,23,False,False,False,False,False,False,False,2022-2023,Q4
20230124,2023-01-24,2023,1,Q1,1,January,Jan,4,4,24,Tuesday,2,24,False,False,False,False,False,False,False,2022-2023,Q4
20230125,2023-01-25,2023,1,Q1,1,January,Jan,4,4,25,Wednesday,3,25,False,False,False,False,False,False,False,2022-2023,Q4
20230126,2023-01-26,2023,1,Q1,1,January,Jan,4,4,26,Thursday,4,26,False,False,False,False,False,False,False,2022-2023,Q4
20230127,2023-01-27,2023,1,Q1,1,January,Jan,4,4,27,Friday,5,27,False,False,False,False,False,False,False,2022-2023,Q4
20230128,2023-01-28,2023,1,Q1,1,January,Jan,4,4,28,Saturday,6,28,True,False,False,False,False,False,False,2022-2023,Q4
20230129,2023-01-29,2023,1,Q1,1,January,Jan,4,5,29,Sunday,7,29,True,False,False,False,False,False,False,2022-2023,Q4
20230130,2023-01-30,2023,1,Q1,1,January,Jan,5,5,30,Monday,1,30,False,False,False,False,False,False,False,2022-2023,Q4
20230131,2023-01-31,2023,1,Q1,1,January,Jan,5,5,31,Tuesday,2,31,False,False,True,False,False,False,False,2022-2023,Q4
20230201,2023-02-01,2023,1,Q1,2,February,Feb,5,1,1,Wednesday,3,32,False,True,False,False,False,False,False,2022-2023,Q4
20230202,2023-02-02,2023,1,Q1,2,February,Feb,5,1,2,Thursday,4,33,False,False,False,False,False,False,False,2022-2023,Q4
20230203,2023-02-03,2023,1,Q1,2,February,Feb,5,1,3,Friday,5,34,False,False,False,False,False,False,False,2022-2023,Q4
20230204,2023-02-04,2023,1,Q1,2,February,Feb,5,1,4,Saturday,6,35,True,False,False,False,False,False,False,2022-2023,Q4
20230205,2023-02-05,2023,1,Q1,2,February,Feb,5,1,5,Sunday,7,36,True,False,False,False,False,False,False,2022-2023,Q4
20230206,2023-02-06,2023,1,Q1,2,February,Feb,6,1,6,Monday,1,37,False,False,False,False,False,False,False,2022-2023,Q4
20230207,2023-02-07,2023,1,Q1,2,February,Feb,6,1,7,Tuesday,2,38,False,False,False,False,False,False,False,2022-2023,Q4
20230208,2023-02-08,2023,1,Q1,2,February,Feb,6,2,8,Wednesday,3,39,False,False,False,False,False,False,False,2022-2023,Q4
20230209,2023-02-09,2023,1,Q1,2,February,Feb,6,2,9,Thursday,4,40,False,False,False,False,False,False,False,2022-2023,Q4
20230210,2023-02-10,2023,1,Q1,2,February,Feb,6,2,10,Friday,5,41,False,False,False,False,False,False,False,2022-2023,Q4
20230211,2023-02-11,2023,1,Q1,2,February,Feb,6,2,11,Saturday,6,42,True,False,False,False,False,False,False,2022-2023,Q4
20230212,2023-02-12,2023,1,Q1,2,February,Feb,6,2,12,Sunday,7,43,True,False,False,False,False,False,False,2022-2023,Q4
20230213,2023-02-13,2023,1,Q1,2,February,Feb,7,2,13,Monday,1,44,False,False,False,False,False,False,False,2022-2023,Q4
20230214,2023-02-14,2023,1,Q1,2,February,Feb,7,2,14,Tuesday,2,45,False,False,False,False,False,False,False,2022-2023,Q4
20230215,2023-02-15,2023,1,Q1,2,February,Feb,7,3,15,Wednesday,3,46,False,False,False,False,False,False,False,2022-2023,Q4
20230216,2023-02-16,2023,1,Q1,2,February,Feb,7,3,16,Thursday,4,47,False,False,False,False,False,False,False,2022-2023,Q4
20230217,2023-02-17,2023,1,Q1,2,February,Feb,7,3,17,Friday,5,48,False,False,False,False,False,False,False,2022-2023,Q4
20230218,2023-02-18,2023,1,Q1,2,February,Feb,7,3,18,Saturday,6,49,True,False,False,False,False,False,False,2022-2023,Q4
20230219,2023-02-19,2023,1,Q1,2,February,Feb,7,3,19,Sunday,7,50,True,False,False,False,False,False,False,2022-2023,Q4
20230220,2023-02-20,2023,1,Q1,2,February,Feb,8,3,20,Monday,1,51,False,False,False,False,False,False,False,2022-2023,Q4
20230221,2023-02-21,2023,1,Q1,2,February,Feb,8,3,21,Tuesday,2,52,False,False,False,False,False,False,False,2022-2023,Q4
20230222,2023-02-22,2023,1,Q1,2,February,Feb,8,4,22,Wednesday,3,53,False,False,False,False,False,False,False,2022-2023,Q4
20230223,2023-02-23,2023,1,Q1,2,February,Feb,8,4,23,Thursday,4,54,False,False,False,False,False,False,False,2022-2023,Q4
20230224,2023-02-24,2023,1,Q1,2,February,Feb,8,4,24,Friday,5,55,False,False,False,False,False,False,False,2022-2023,Q4
20230225,2023-02-25,2023,1,Q1,2,February,Feb,8,4,25,Saturday,6,56,True,False,False,False,False,False,False,2022-2023,Q4
20230226,2023-02-26,2023,1,Q1,2,February,Feb,8,4,26,Sunday,7,57,True,False,False,False,False,False,False,2022-2023,Q4
20230227,2023-02-27,2023,1,Q1,2,February,Feb,9,4,27,Monday,1,58,False,False,False,False,False,False,False,2022-2023,Q4
20230228,2023-02-28,2023,1,Q1,2,February,Feb,9,4,28,Tuesday,2,59,False,False,True,False,False,False,False,2022-2023,Q4
20230301,2023-03-01,2023,1,Q1,3,March,Mar,9,1,1,Wednesday,3,60,False,True,False,False,False,False,False,2022-2023,Q4
20230302,2023-03-02,2023,1,Q1,3,March,Mar,9,1,2,Thursday,4,61,False,False,False,False,False,False,False,2022-2023,Q4
20230303,2023-03-03,2023,1,Q1,3,March,Mar,9,1,3,Friday,5,62,False,False,False,False,False,False,False,2022-2023,Q4
20230304,2023-03-04,2023,1,Q1,3,March,Mar,9,1,4,Saturday,6,63,True,False,False,False,False,False,False,2022-2023,Q4
20230305,2023-03-05,2023,1,Q1,3,March,Mar,9,1,5,Sunday,7,64,True,False,False,False,False,False,False,2022-2023,Q4
20230306,2023-03-06,2023,1,Q1,3,March,Mar,10,1,6,Monday,1,65,False,False,False,False,False,False,False,2022-2023,Q4
20230307,2023-03-07,2023,1,Q1,3,March,Mar,10,1,7,Tuesday,2,66,False,False,False,False,False,False,False,2022-2023,Q4
20230308,2023-03-08,2023,1,Q1,3,March,Mar,10,2,8,Wednesday,3,67,False,False,False,False,False,False,False,2022-2023,Q4
20230309,2023-03-09,2023,1,Q1,3,March,Mar,10,2,9,Thursday,4,68,False,False,False,False,False,False,False,2022-2023,Q4
20230310,2023-03-10,2023,1,Q1,3,March,Mar,10,2,10,Friday,5,69,False,False,False,False,False,False,False,2022-2023,Q4
20230311,2023-03-11,2023,1,Q1,3,March,Mar,10,2,11,Saturday,6,70,True,False,False,False,False,False,False,2022-2023,Q4
20230312,2023-03-12,2023,1,Q1,3,March,Mar,10,2,12,Sunday,7,71,True,False,False,False,False,False,False,2022-2023,Q4
20230313,2023-03-13,2023,1,Q1,3,March,Mar,11,2,13,Monday,1,72,False,False,False,False,False,False,False,2022-2023,Q4
20230314,2023-03-14,2023,1,Q1,3,March,Mar,11,2,14,Tuesday,2,73,False,False,False,False,False,False,False,2022-2023,Q4
20230315,2023-03-15,2023,1,Q1,3,March,Mar,11,3,15,Wednesday,3,74,False,False,False,False,False,False,False,2022-2023,Q4
20230316,2023-03-16,2023,1,Q1,3,March,Mar,11,3,16,Thursday,4,75,False,False,False,False,False,False,False,2022-2023,Q4
20230317,2023-03-17,2023,1,Q1,3,March,Mar,11,3,17,Friday,5,76,False,False,False,False,False,False,False,2022-2023,Q4
20230318,2023-03-18,2023,1,Q1,3,March,Mar,11,3,18,Saturday,6,77,True,False,False,False,False,False,False,2022-2023,Q4
20230319,2023-03-19,2023,1,Q1,3,March,Mar,11,3,19,Sunday,7,78,True,False,False,False,False,False,False,2022-2023,Q4
20230320,2023-03-20,2023,1,Q1,3,March,Mar,12,3,20,Monday,1,79,False,False,False,False,False,False,False,2022-2023,Q4
20230321,2023-03-21,2023,1,Q1,3,March,Mar,12,3,21,Tuesday,2,80,False,False,False,False,False,False,False,2022-2023,Q4
20230322,2023-03-22,2023,1,Q1,3,March,Mar,12,4,22,Wednesday,3,81,False,False,False,False,False,False,False,2022-2023,Q4
20230323,2023-03-23,2023,1,Q1,3,March,Mar,12,4,23,Thursday,4,82,False,False,False,False,False,False,False,2022-2023,Q4
20230324,2023-03-24,2023,1,Q1,3,March,Mar,12,4,24,Friday,5,83,False,False,False,False,False,False,False,2022-2023,Q4
20230325,2023-03-25,2023,1,Q1,3,March,Mar,12,4,25,Saturday,6,84,True,False,False,False,False,False,False,2022-2023,Q4
20230326,2023-03-26,2023,1,Q1,3,March,Mar,12,4,26,Sunday,7,85,True,False,False,False,False,False,False,2022-2023,Q4
20230327,2023-03-27,2023,1,Q1,3,March,Mar,13,4,27,Monday,1,86,False,False,False,False,False,False,False,2022-2023,Q4
20230328,2023-03-28,2023,1,Q1,3,March,Mar,13,4,28,Tuesday,2,87,False,False,False,False,False,False,False,2022-2023,Q4
20230329,2023-03-29,2023,1,Q1,3,March,Mar,13,5,29,Wednesday,3,88,False,False,False,False,False,False,False,2022-2023,Q4
20230330,2023-03-30,2023,1,Q1,3,March,Mar,13,5,30,Thursday,4,89,False,False,False,False,False,False,False,2022-2023,Q4
20230331,2023-03-31,2023,1,Q1,3,March,Mar,13,5,31,Friday,5,90,False,False,True,False,True,False,False,2022-2023,Q4
20230401,2023-04-01,2023,2,Q2,4,April,Apr,13,1,1,Saturday,6,91,True,True,False,True,False,False,False,2023-2024,Q1
20230402,2023-04-02,2023,2,Q2,4,April,Apr,13,1,2,Sunday,7,92,True,False,False,False,False,False,False,2023-2024,Q1
20230403,2023-04-03,2023,2,Q2,4,April,Apr,14,1,3,Monday,1,93,False,False,False,False,False,False,False,2023-2024,Q1
20230404,2023-04-04,2023,2,Q2,4,April,Apr,14,1,4,Tuesday,2,94,False,False,False,False,False,False,False,2023-2024,Q1
20230405,2023-04-05,2023,2,Q2,4,April,Apr,14,1,5,Wednesday,3,95,False,False,False,False,False,False,False,2023-2024,Q1
20230406,2023-04-06,2023,2,Q2,4,April,Apr,14,1,6,Thursday,4,96,False,False,False,False,False,False,False,2023-2024,Q1
20230407,2023-04-07,2023,2,Q2,4,April,Apr,14,1,7,Friday,5,97,False,False,False,False,False,False,False,2023-2024,Q1
20230408,2023-04-08,2023,2,Q2,4,April,Apr,14,2,8,Saturday,6,98,True,False,False,False,False,False,False,2023-2024,Q1
20230409,2023-04-09,2023,2,Q2,4,April,Apr,14,2,9,Sunday,7,99,True,False,False,False,False,False,False,2023-2024,Q1
20230410,2023-04-10,2023,2,Q2,4,April,Apr,15,2,10,Monday,1,100,False,False,False,False,False,False,False,2023-2024,Q1
20230411,2023-04-11,2023,2,Q2,4,April,Apr,15,2,11,Tuesday,2,101,False,False,False,False,False,False,False,2023-2024,Q1
20230412,2023-04-12,2023,2,Q2,4,April,Apr,15,2,12,Wednesday,3,102,False,False,False,False,False,False,False,2023-2024,Q1
20230413,2023-04-13,2023,2,Q2,4,April,Apr,15,2,13,Thursday,4,103,False,False,False,False,False,False,False,2023-2024,Q1
20230414,2023-04-14,2023,2,Q2,4,April,Apr,15,2,14,Friday,5,104,False,False,False,False,False,False,False,2023-2024,Q1
20230415,2023-04-15,2023,2,Q2,4,April,Apr,15,3,15,Saturday,6,105,True,False,False,False,False,False,False,2023-2024,Q1
20230416,2023-04-16,2023,2,Q2,4,April,Apr,15,3,16,Sunday,7,106,True,False,False,False,False,False,False,2023-2024,Q1
20230417,2023-04-17,2023,2,Q2,4,April,Apr,16,3,17,Monday,1,107,False,False,False,False,False,False,False,2023-2024,Q1
20230418,2023-04-18,2023,2,Q2,4,April,Apr,16,3,18,Tuesday,2,108,False,False,False,False,False,False,False,2023-2024,Q1
20230419,2023-04-19,2023,2,Q2,4,April,Apr,16,3,19,Wednesday,3,109,False,False,False,False,False,False,False,2023-2024,Q1
20230420,2023-04-20,2023,2,Q2,4,April,Apr,16,3,20,Thursday,4,110,False,False,False,False,False,False,False,2023-2024,Q1
20230421,2023-04-21,2023,2,Q2,4,April,Apr,16,3,21,Friday,5,111,False,False,False,False,False,False,False,2023-2024,Q1
20230422,2023-04-22,2023,2,Q2,4,April,Apr,16,4,22,Saturday,6,112,True,False,False,False,False,False,False,2023-2024,Q1
20230423,2023-04-23,2023,2,Q2,4,April,Apr,16,4,23,Sunday,7,113,True,False,False,False,False,False,False,2023-2024,Q1
20230424,2023-04-24,2023,2,Q2,4,April,Apr,17,4,24,Monday,1,114,False,False,False,False,False,False,False,2023-2024,Q1
20230425,2023-04-25,2023,2,Q2,4,April,Apr,17,4,25,Tuesday,2,115,False,False,False,False,False,False,False,2023-2024,Q1
20230426,2023-04-26,2023,2,Q2,4,April,Apr,17,4,26,Wednesday,3,116,False,False,False,False,False,False,False,2023-2024,Q1
20230427,2023-04-27,2023,2,Q2,4,April,Apr,17,4,27,Thursday,4,117,False,False,False,False,False,False,False,2023-2024,Q1
20230428,2023-04-28,2023,2,Q2,4,April,Apr,17,4,28,Friday,5,118,False,False,False,False,False,False,False,2023-2024,Q1
20230429,2023-04-29,2023,2,Q2,4,April,Apr,17,5,29,Saturday,6,119,True,False,False,False,False,False,False,2023-2024,Q1
20230430,2023-04-30,2023,2,Q2,4,April,Apr,17,5,30,Sunday,7,120,True,False,True,False,False,False,False,2023-2024,Q1
20230501,2023-05-01,2023,2,Q2,5,May,May,18,1,1,Monday,1,121,False,True,False,False,False,False,False,2023-2024,Q1
20230502,2023-05-02,2023,2,Q2,5,May,May,18,1,2,Tuesday,2,122,False,False,False,False,False,False,False,2023-2024,Q1
20230503,2023-05-03,2023,2,Q2,5,May,May,18,1,3,Wednesday,3,123,False,False,False,False,False,False,False,2023-2024,Q1
20230504,2023-05-04,2023,2,Q2,5,May,May,18,1,4,Thursday,4,124,False,False,False,False,False,False,False,2023-2024,Q1
20230505,2023-05-05,2023,2,Q2,5,May,May,18,1,5,Friday,5,125,False,False,False,False,False,False,False,2023-2024,Q1
20230506,2023-05-06,2023,2,Q2,5,May,May,18,1,6,Saturday,6,126,True,False,False,False,False,False,False,2023-2024,Q1
20230507,2023-05-07,2023,2,Q2,5,May,May,18,1,7,Sunday,7,127,True,False,False,False,False,False,False,2023-2024,Q1
20230508,2023-05-08,2023,2,Q2,5,May,May,19,2,8,Monday,1,128,False,False,False,False,False,False,False,2023-2024,Q1
20230509,2023-05-09,2023,2,Q2,5,May,May,19,2,9,Tuesday,2,129,False,False,False,False,False,False,False,2023-2024,Q1
20230510,2023-05-10,2023,2,Q2,5,May,May,19,2,10,Wednesday,3,130,False,False,False,False,False,False,False,2023-2024,Q1
20230511,2023-05-11,2023,2,Q2,5,May,May,19,2,11,Thursday,4,131,False,False,False,False,False,False,False,2023-2024,Q1
20230512,2023-05-12,2023,2,Q2,5,May,May,19,2,12,Friday,5,132,False,False,False,False,False,False,False,2023-2024,Q1
20230513,2023-05-13,2023,2,Q2,5,May,May,19,2,13,Saturday,6,133,True,False,False,False,False,False,False,2023-2024,Q1
20230514,2023-05-14,2023,2,Q2,5,May,May,19,2,14,Sunday,7,134,True,False,False,False,False,False,False,2023-2024,Q1
20230515,2023-05-15,2023,2,Q2,5,May,May,20,3,15,Monday,1,135,False,False,False,False,False,False,False,2023-2024,Q1
20230516,2023-05-16,2023,2,Q2,5,May,May,20,3,16,Tuesday,2,136,False,False,False,False,False,False,False,2023-2024,Q1
20230517,2023-05-17,2023,2,Q2,5,May,May,20,3,17,Wednesday,3,137,False,False,False,False,False,False,False,2023-2024,Q1
20230518,2023-05-18,2023,2,Q2,5,May,May,20,3,18,Thursday,4,138,False,False,False,False,False,False,False,2023-2024,Q1
20230519,2023-05-19,2023,2,Q2,5,May,May,20,3,19,Friday,5,139,False,False,False,False,False,False,False,2023-2024,Q1
20230520,2023-05-20,2023,2,Q2,5,May,May,20,3,20,Saturday,6,140,True,False,False,False,False,False,False,2023-2024,Q1
20230521,2023-05-21,2023,2,Q2,5,May,May,20,3,21,Sunday,7,141,True,False,False,False,False,False,False,2023-2024,Q1
20230522,2023-05-22,2023,2,Q2,5,May,May,21,4,22,Monday,1,142,False,False,False,False,False,False,False,2023-2024,Q1
20230523,2023-05-23,2023,2,Q2,5,May,May,21,4,23,Tuesday,2,143,False,False,False,False,False,False,False,2023-2024,Q1
20230524,2023-05-24,2023,2,Q2,5,May,May,21,4,24,Wednesday,3,144,False,False,False,False,False,False,False,2023-2024,Q1
20230525,2023-05-25,2023,2,Q2,5,May,May,21,4,25,Thursday,4,145,False,False,False,False,False,False,False,2023-2024,Q1
20230526,2023-05-26,2023,2,Q2,5,May,May,21,4,26,Friday,5,146,False,False,False,False,False,False,False,2023-2024,Q1
20230527,2023-05-27,2023,2,Q2,5,May,May,21,4,27,Saturday,6,147,True,False,False,False,False,False,False,2023-2024,Q1
20230528,2023-05-28,2023,2,Q2,5,May,May,21,4,28,Sunday,7,148,True,False,False,False,False,False,False,2023-2024,Q1
20230529,2023-05-29,2023,2,Q2,5,May,May,22,5,29,Monday,1,149,False,False,False,False,False,False,False,2023-2024,Q1
20230530,2023-05-30,2023,2,Q2,5,May,May,22,5,30,Tuesday,2,150,False,False,False,False,False,False,False,2023-2024,Q1
20230531,2023-05-31,2023,2,Q2,5,May,May,22,5,31,Wednesday,3,151,False,False,True,False,False,False,False,2023-2024,Q1
20230601,2023-06-01,2023,2,Q2,6,June,Jun,22,1,1,Thursday,4,152,False,True,False,False,False,False,False,2023-2024,Q1
20230602,2023-06-02,2023,2,Q2,6,June,Jun,22,1,2,Friday,5,153,False,False,False,False,False,False,False,2023-2024,Q1
20230603,2023-06-03,2023,2,Q2,6,June,Jun,22,1,3,Saturday,6,154,True,False,False,False,False,False,False,2023-2024,Q1
20230604,2023-06-04,2023,2,Q2,6,June,Jun,22,1,4,Sunday,7,155,True,False,False,False,False,False,False,2023-2024,Q1
20230605,2023-06-05,2023,2,Q2,6,June,Jun,23,1,5,Monday,1,156,False,False,False,False,False,False,False,2023-2024,Q1
20230606,2023-06-06,2023,2,Q2,6,June,Jun,23,1,6,Tuesday,2,157,False,False,False,False,False,False,False,2023-2024,Q1
20230607,2023-06-07,2023,2,Q2,6,June,Jun,23,1,7,Wednesday,3,158,False,False,False,False,False,False,False,2023-2024,Q1
20230608,2023-06-08,2023,2,Q2,6,June,Jun,23,2,8,Thursday,4,159,False,False,False,False,False,False,False,2023-2024,Q1
20230609,2023-06-09,2023,2,Q2,6,June,Jun,23,2,9,Friday,5,160,False,False,False,False,False,False,False,2023-2024,Q1
20230610,2023-06-10,2023,2,Q2,6,June,Jun,23,2,10,Saturday,6,161,True,False,False,False,False,False,False,2023-2024,Q1
20230611,2023-06-11,2023,2,Q2,6,June,Jun,23,2,11,Sunday,7,162,True,False,False,False,False,False,False,2023-2024,Q1
20230612,2023-06-12,2023,2,Q2,6,June,Jun,24,2,12,Monday,1,163,False,False,False,False,False,False,False,2023-2024,Q1
20230613,2023-06-13,2023,2,Q2,6,June,Jun,24,2,13,Tuesday,2,164,False,False,False,False,False,False,False,2023-2024,Q1
20230614,2023-06-14,2023,2,Q2,6,June,Jun,24,2,14,Wednesday,3,165,False,False,False,False,False,False,False,2023-2024,Q1
20230615,2023-06-15,2023,2,Q2,6,June,Jun,24,3,15,Thursday,4,166,False,False,False,False,False,False,False,2023-2024,Q1
20230616,2023-06-16,2023,2,Q2,6,June,Jun,24,3,16,Friday,5,167,False,False,False,False,False,False,False,2023-2024,Q1
20230617,2023-06-17,2023,2,Q2,6,June,Jun,24,3,17,Saturday,6,168,True,False,False,False,False,False,False,2023-2024,Q1
20230618,2023-06-18,2023,2,Q2,6,June,Jun,24,3,18,Sunday,7,169,True,False,False,False,False,False,False,2023-2024,Q1
20230619,2023-06-19,2023,2,Q2,6,June,Jun,25,3,19,Monday,1,170,False,False,False,False,False,False,False,2023-2024,Q1
20230620,2023-06-20,2023,2,Q2,6,June,Jun,25,3,20,Tuesday,2,171,False,False,False,False,False,False,False,2023-2024,Q1
20230621,2023-06-21,2023,2,Q2,6,June,Jun,25,3,21,Wednesday,3,172,False,False,False,False,False,False,False,2023-2024,Q1
20230622,2023-06-22,2023,2,Q2,6,June,Jun,25,4,22,Thursday,4,173,False,False,False,False,False,False,False,2023-2024,Q1
20230623,2023-06-23,2023,2,Q2,6,June,Jun,25,4,23,Friday,5,174,False,False,False,False,False,False,False,2023-2024,Q1
20230624,2023-06-24,2023,2,Q2,6,June,Jun,25,4,24,Saturday,6,175,True,False,False,False,False,False,False,2023-2024,Q1
20230625,2023-06-25,2023,2,Q2,6,June,Jun,25,4,25,Sunday,7,176,True,False,False,False,False,False,False,2023-2024,Q1
20230626,2023-06-26,2023,2,Q2,6,June,Jun,26,4,26,Monday,1,177,False,False,False,False,False,False,False,2023-2024,Q1
20230627,2023-06-27,2023,2,Q2,6,June,Jun,26,4,27,Tuesday,2,178,False,False,False,False,False,False,False,2023-2024,Q1
20230628,2023-06-28,2023,2,Q2,6,June,Jun,26,4,28,Wednesday,3,179,False,False,False,False,False,False,False,2023-2024,Q1
20230629,2023-06-29,2023,2,Q2,6,June,Jun,26,5,29,Thursday,4,180,False,False,False,False,False,False,False,2023-2024,Q1
20230630,2023-06-30,2023,2,Q2,6,June,Jun,26,5,30,Friday,5,181,False,False,True,False,True,False,False,2023-2024,Q1
20230701,2023-07-01,2023,3,Q3,7,July,Jul,26,1,1,Saturday,6,182,True,True,False,True,False,False,False,2023-2024,Q2
20230702,2023-07-02,2023,3,Q3,7,July,Jul,26,1,2,Sunday,7,183,True,False,False,False,False,False,False,2023-2024,Q2
20230703,2023-07-03,2023,3,Q3,7,July,Jul,27,1,3,Monday,1,184,False,False,False,False,False,False,False,2023-2024,Q2
20230704,2023-07-04,2023,3,Q3,7,July,Jul,27,1,4,Tuesday,2,185,False,False,False,False,False,False,False,2023-2024,Q2
20230705,2023-07-05,2023,3,Q3,7,July,Jul,27,1,5,Wednesday,3,186,False,False,False,False,False,False,False,2023-2024,Q2
20230706,2023-07-06,2023,3,Q3,7,July,Jul,27,1,6,Thursday,4,187,False,False,False,False,False,False,False,2023-2024,Q2
20230707,2023-07-07,2023,3,Q3,7,July,Jul,27,1,7,Friday,5,188,False,False,False,False,False,False,False,2023-2024,Q2
20230708,2023-07-08,2023,3,Q3,7,July,Jul,27,2,8,Saturday,6,189,True,False,False,False,False,False,False,2023-2024,Q2
20230709,2023-07-09,2023,3,Q3,7,July,Jul,27,2,9,Sunday,7,190,True,False,False,False,False,False,False,2023-2024,Q2
20230710,2023-07-10,2023,3,Q3,7,July,Jul,28,2,10,Monday,1,191,False,False,False,False,False,False,False,2023-2024,Q2
20230711,2023-07-11,2023,3,Q3,7,July,Jul,28,2,11,Tuesday,2,192,False,False,False,False,False,False,False,2023-2024,Q2
20230712,2023-07-12,2023,3,Q3,7,July,Jul,28,2,12,Wednesday,3,193,False,False,False,False,False,False,False,2023-2024,Q2
20230713,2023-07-13,2023,3,Q3,7,July,Jul,28,2,13,Thursday,4,194,False,False,False,False,False,False,False,2023-2024,Q2
20230714,2023-07-14,2023,3,Q3,7,July,Jul,28,2,14,Friday,5,195,False,False,False,False,False,False,False,2023-2024,Q2
20230715,2023-07-15,2023,3,Q3,7,July,Jul,28,3,15,Saturday,6,196,True,False,False,False,False,False,False,2023-2024,Q2
20230716,2023-07-16,2023,3,Q3,7,July,Jul,28,3,16,Sunday,7,197,True,False,False,False,False,False,False,2023-2024,Q2
20230717,2023-07-17,2023,3,Q3,7,July,Jul,29,3,17,Monday,1,198,False,False,False,False,False,False,False,2023-2024,Q2
20230718,2023-07-18,2023,3,Q3,7,July,Jul,29,3,18,Tuesday,2,199,False,False,False,False,False,False,False,2023-2024,Q2
20230719,2023-07-19,2023,3,Q3,7,July,Jul,29,3,19,Wednesday,3,200,False,False,False,False,False,False,False,2023-2024,Q2
20230720,2023-07-20,2023,3,Q3,7,July,Jul,29,3,20,Thursday,4,201,False,False,False,False,False,False,False,2023-2024,Q2
20230721,2023-07-21,2023,3,Q3,7,July,Jul,29,3,21,Friday,5,202,False,False,False,False,False,False,False,2023-2024,Q2
20230722,2023-07-22,2023,3,Q3,7,July,Jul,29,4,22,Saturday,6,203,True,False,False,False,False,False,False,2023-2024,Q2
20230723,2023-07-23,2023,3,Q3,7,July,Jul,29,4,23,Sunday,7,204,True,False,False,False,False,False,False,2023-2024,Q2
20230724,2023-07-24,2023,3,Q3,7,July,Jul,30,4,24,Monday,1,205,False,False,False,False,False,False,False,2023-2024,Q2
20230725,2023-07-25,2023,3,Q3,7,July,Jul,30,4,25,Tuesday,2,206,False,False,False,False,False,False,False,2023-2024,Q2
20230726,2023-07-26,2023,3,Q3,7,July,Jul,30,4,26,Wednesday,3,207,False,False,False,False,False,False,False,2023-2024,Q2
20230727,2023-07-27,2023,3,Q3,7,July,Jul,30,4,27,Thursday,4,208,False,False,False,False,False,False,False,2023-2024,Q2
20230728,2023-07-28,2023,3,Q3,7,July,Jul,30,4,28,Friday,5,209,False,False,False,False,False,False,False,2023-2024,Q2
20230729,2023-07-29,2023,3,Q3,7,July,Jul,30,5,29,Saturday,6,210,True,False,False,False,False,False,False,2023-2024,Q2
20230730,2023-07-30,2023,3,Q3,7,July,Jul,30,5,30,Sunday,7,211,True,False,False,False,False,False,False,2023-2024,Q2
20230731,2023-07-31,2023,3,Q3,7,July,Jul,31,5,31,Monday,1,212,False,False,True,False,False,False,False,2023-2024,Q2
20230801,2023-08-01,2023,3,Q3,8,August,Aug,31,1,1,Tuesday,2,213,False,True,False,False,False,False,False,2023-2024,Q2
20230802,2023-08-02,2023,3,Q3,8,August,Aug,31,1,2,Wednesday,3,214,False,False,False,False,False,False,False,2023-2024,Q2
20230803,2023-08-03,2023,3,Q3,8,August,Aug,31,1,3,Thursday,4,215,False,False,False,False,False,False,False,2023-2024,Q2
20230804,2023-08-04,2023,3,Q3,8,August,Aug,31,1,4,Friday,5,216,False,False,False,False,False,False,False,2023-2024,Q2
20230805,2023-08-05,2023,3,Q3,8,August,Aug,31,1,5,Saturday,6,217,True,False,False,False,False,False,False,2023-2024,Q2
20230806,2023-08-06,2023,3,Q3,8,August,Aug,31,1,6,Sunday,7,218,True,False,False,False,False,False,False,2023-2024,Q2
20230807,2023-08-07,2023,3,Q3,8,August,Aug,32,1,7,Monday,1,219,False,False,False,False,False,False,False,2023-2024,Q2
20230808,2023-08-08,2023,3,Q3,8,August,Aug,32,2,8,Tuesday,2,220,False,False,False,False,False,False,False,2023-2024,Q2
20230809,2023-08-09,2023,3,Q3,8,August,Aug,32,2,9,Wednesday,3,221,False,False,False,False,False,False,False,2023-2024,Q2
20230810,2023-08-10,2023,3,Q3,8,August,Aug,32,2,10,Thursday,4,222,False,False,False,False,False,False,False,2023-2024,Q2
20230811,2023-08-11,2023,3,Q3,8,August,Aug,32,2,11,Friday,5,223,False,False,False,False,False,False,False,2023-2024,Q2
20230812,2023-08-12,2023,3,Q3,8,August,Aug,32,2,12,Saturday,6,224,True,False,False,False,False,False,False,2023-2024,Q2
20230813,2023-08-13,2023,3,Q3,8,August,Aug,32,2,13,Sunday,7,225,True,False,False,False,False,False,False,2023-2024,Q2
20230814,2023-08-14,2023,3,Q3,8,August,Aug,33,2,14,Monday,1,226,False,False,False,False,False,False,False,2023-2024,Q2
20230815,2023-08-15,2023,3,Q3,8,August,Aug,33,3,15,Tuesday,2,227,False,False,False,False,False,False,False,2023-2024,Q2
20230816,2023-08-16,2023,3,Q3,8,August,Aug,33,3,16,Wednesday,3,228,False,False,False,False,False,False,False,2023-2024,Q2
20230817,2023-08-17,2023,3,Q3,8,August,Aug,33,3,17,Thursday,4,229,False,False,False,False,False,False,False,2023-2024,Q2
20230818,2023-08-18,2023,3,Q3,8,August,Aug,33,3,18,Friday,5,230,False,False,False,False,False,False,False,2023-2024,Q2
20230819,2023-08-19,2023,3,Q3,8,August,Aug,33,3,19,Saturday,6,231,True,False,False,False,False,False,False,2023-2024,Q2
20230820,2023-08-20,2023,3,Q3,8,August,Aug,33,3,20,Sunday,7,232,True,False,False,False,False,False,False,2023-2024,Q2
20230821,2023-08-21,2023,3,Q3,8,August,Aug,34,3,21,Monday,1,233,False,False,False,False,False,False,False,2023-2024,Q2
20230822,2023-08-22,2023,3,Q3,8,August,Aug,34,4,22,Tuesday,2,234,False,False,False,False,False,False,False,2023-2024,Q2
20230823,2023-08-23,2023,3,Q3,8,August,Aug,34,4,23,Wednesday,3,235,False,False,False,False,False,False,False,2023-2024,Q2
20230824,2023-08-24,2023,3,Q3,8,August,Aug,34,4,24,Thursday,4,236,False,False,False,False,False,False,False,2023-2024,Q2
20230825,2023-08-25,2023,3,Q3,8,August,Aug,34,4,25,Friday,5,237,False,False,False,False,False,False,False,2023-2024,Q2
20230826,2023-08-26,2023,3,Q3,8,August,Aug,34,4,26,Saturday,6,238,True,False,False,False,False,False,False,2023-2024,Q2
20230827,2023-08-27,2023,3,Q3,8,August,Aug,34,4,27,Sunday,7,239,True,False,False,False,False,False,False,2023-2024,Q2
20230828,2023-08-28,2023,3,Q3,8,August,Aug,35,4,28,Monday,1,240,False,False,False,False,False,False,False,2023-2024,Q2
20230829,2023-08-29,2023,3,Q3,8,August,Aug,35,5,29,Tuesday,2,241,False,False,False,False,False,False,False,2023-2024,Q2
20230830,2023-08-30,2023,3,Q3,8,August,Aug,35,5,30,Wednesday,3,242,False,False,False,False,False,False,False,2023-2024,Q2
20230831,2023-08-31,2023,3,Q3,8,August,Aug,35,5,31,Thursday,4,243,False,False,True,False,False,False,False,2023-2024,Q2
20230901,2023-09-01,2023,3,Q3,9,September,Sep,35,1,1,Friday,5,244,False,True,False,False,False,False,False,2023-2024,Q2
20230902,2023-09-02,2023,3,Q3,9,September,Sep,35,1,2,Saturday,6,245,True,False,False,False,False,False,False,2023-2024,Q2
20230903,2023-09-03,2023,3,Q3,9,September,Sep,35,1,3,Sunday,7,246,True,False,False,False,False,False,False,2023-2024,Q2
20230904,2023-09-04,2023,3,Q3,9,September,Sep,36,1,4,Monday,1,247,False,False,False,False,False,False,False,2023-2024,Q2
20230905,2023-09-05,2023,3,Q3,9,September,Sep,36,1,5,Tuesday,2,248,False,False,False,False,False,False,False,2023-2024,Q2
20230906,2023-09-06,2023,3,Q3,9,September,Sep,36,1,6,Wednesday,3,249,False,False,False,False,False,False,False,2023-2024,Q2
20230907,2023-09-07,2023,3,Q3,9,September,Sep,36,1,7,Thursday,4,250,False,False,False,False,False,False,False,2023-2024,Q2
20230908,2023-09-08,2023,3,Q3,9,September,Sep,36,2,8,Friday,5,251,False,False,False,False,False,False,False,2023-2024,Q2
20230909,2023-09-09,2023,3,Q3,9,September,Sep,36,2,9,Saturday,6,252,True,False,False,False,False,False,False,2023-2024,Q2
20230910,2023-09-10,2023,3,Q3,9,September,Sep,36,2,10,Sunday,7,253,True,False,False,False,False,False,False,2023-2024,Q2
20230911,2023-09-11,2023,3,Q3,9,September,Sep,37,2,11,Monday,1,254,False,False,False,False,False,False,False,2023-2024,Q2
20230912,2023-09-12,2023,3,Q3,9,September,Sep,37,2,12,Tuesday,2,255,False,False,False,False,False,False,False,2023-2024,Q2
20230913,2023-09-13,2023,3,Q3,9,September,Sep,37,2,13,Wednesday,3,256,False,False,False,False,False,False,False,2023-2024,Q2
20230914,2023-09-14,2023,3,Q3,9,September,Sep,37,2,14,Thursday,4,257,False,False,False,False,False,False,False,2023-2024,Q2
20230915,2023-09-15,2023,3,Q3,9,September,Sep,37,3,15,Friday,5,258,False,False,False,False,False,False,False,2023-2024,Q2
20230916,2023-09-16,2023,3,Q3,9,September,Sep,37,3,16,Saturday,6,259,True,False,False,False,False,False,False,2023-2024,Q2
20230917,2023-09-17,2023,3,Q3,9,September,Sep,37,3,17,Sunday,7,260,True,False,False,False,False,False,False,2023-2024,Q2
20230918,2023-09-18,2023,3,Q3,9,September,Sep,38,3,18,Monday,1,261,False,False,False,False,False,False,False,2023-2024,Q2
20230919,2023-09-19,2023,3,Q3,9,September,Sep,38,3,19,Tuesday,2,262,False,False,False,False,False,False,False,2023-2024,Q2
20230920,2023-09-20,2023,3,Q3,9,September,Sep,38,3,20,Wednesday,3,263,False,False,False,False,False,False,False,2023-2024,Q2
20230921,2023-09-21,2023,3,Q3,9,September,Sep,38,3,21,Thursday,4,264,False,False,False,False,False,False,False,2023-2024,Q2
20230922,2023-09-22,2023,3,Q3,9,September,Sep,38,4,22,Friday,5,265,False,False,False,False,False,False,False,2023-2024,Q2
20230923,2023-09-23,2023,3,Q3,9,September,Sep,38,4,23,Saturday,6,266,True,False,False,False,False,False,False,2023-2024,Q2
20230924,2023-09-24,2023,3,Q3,9,September,Sep,38,4,24,Sunday,7,267,True,False,False,False,False,False,False,2023-2024,Q2
20230925,2023-09-25,2023,3,Q3,9,September,Sep,39,4,25,Monday,1,268,False,False,False,False,False,False,False,2023-2024,Q2
20230926,2023-09-26,2023,3,Q3,9,September,Sep,39,4,26,Tuesday,2,269,False,False,False,False,False,False,False,2023-2024,Q2
20230927,2023-09-27,2023,3,Q3,9,September,Sep,39,4,27,Wednesday,3,270,False,False,False,False,False,False,False,2023-2024,Q2
20230928,2023-09-28,2023,3,Q3,9,September,Sep,39,4,28,Thursday,4,271,False,False,False,False,False,False,False,2023-2024,Q2
20230929,2023-09-29,2023,3,Q3,9,September,Sep,39,5,29,Friday,5,272,False,False,False,False,False,False,False,2023-2024,Q2
20230930,2023-09-30,2023,3,Q3,9,September,Sep,39,5,30,Saturday,6,273,True,False,True,False,True,False,False,2023-2024,Q2
20231001,2023-10-01,2023,4,Q4,10,October,Oct,39,1,1,Sunday,7,274,True,True,False,True,False,False,False,2023-2024,Q3
20231002,2023-10-02,2023,4,Q4,10,October,Oct,40,1,2,Monday,1,275,False,False,False,False,False,False,False,2023-2024,Q3
20231003,2023-10-03,2023,4,Q4,10,October,Oct,40,1,3,Tuesday,2,276,False,False,False,False,False,False,False,2023-2024,Q3
20231004,2023-10-04,2023,4,Q4,10,October,Oct,40,1,4,Wednesday,3,277,False,False,False,False,False,False,False,2023-2024,Q3
20231005,2023-10-05,2023,4,Q4,10,October,Oct,40,1,5,Thursday,4,278,False,False,False,False,False,False,False,2023-2024,Q3
20231006,2023-10-06,2023,4,Q4,10,October,Oct,40,1,6,Friday,5,279,False,False,False,False,False,False,False,2023-2024,Q3
20231007,2023-10-07,2023,4,Q4,10,October,Oct,40,1,7,Saturday,6,280,True,False,False,False,False,False,False,2023-2024,Q3
20231008,2023-10-08,2023,4,Q4,10,October,Oct,40,2,8,Sunday,7,281,True,False,False,False,False,False,False,2023-2024,Q3
20231009,2023-10-09,2023,4,Q4,10,October,Oct,41,2,9,Monday,1,282,False,False,False,False,False,False,False,2023-2024,Q3
20231010,2023-10-10,2023,4,Q4,10,October,Oct,41,2,10,Tuesday,2,283,False,False,False,False,False,False,False,2023-2024,Q3
20231011,2023-10-11,2023,4,Q4,10,October,Oct,41,2,11,Wednesday,3,284,False,False,False,False,False,False,False,2023-2024,Q3
20231012,2023-10-12,2023,4,Q4,10,October,Oct,41,2,12,Thursday,4,285,False,False,False,False,False,False,False,2023-2024,Q3
20231013,2023-10-13,2023,4,Q4,10,October,Oct,41,2,13,Friday,5,286,False,False,False,False,False,False,False,2023-2024,Q3
20231014,2023-10-14,2023,4,Q4,10,October,Oct,41,2,14,Saturday,6,287,True,False,False,False,False,False,False,2023-2024,Q3
20231015,2023-10-15,2023,4,Q4,10,October,Oct,41,3,15,Sunday,7,288,True,False,False,False,False,False,False,2023-2024,Q3
20231016,2023-10-16,2023,4,Q4,10,October,Oct,42,3,16,Monday,1,289,False,False,False,False,False,False,False,2023-2024,Q3
20231017,2023-10-17,2023,4,Q4,10,October,Oct,42,3,17,Tuesday,2,290,False,False,False,False,False,False,False,2023-2024,Q3
20231018,2023-10-18,2023,4,Q4,10,October,Oct,42,3,18,Wednesday,3,291,False,False,False,False,False,False,False,2023-2024,Q3
20231019,2023-10-19,2023,4,Q4,10,October,Oct,42,3,19,Thursday,4,292,False,False,False,False,False,False,False,2023-2024,Q3
20231020,2023-10-20,2023,4,Q4,10,October,Oct,42,3,20,Friday,5,293,False,False,False,False,False,False,False,2023-2024,Q3
20231021,2023-10-21,2023,4,Q4,10,October,Oct,42,3,21,Saturday,6,294,True,False,False,False,False,False,False,2023-2024,Q3
20231022,2023-10-22,2023,4,Q4,10,October,Oct,42,4,22,Sunday,7,295,True,False,False,False,False,False,False,2023-2024,Q3
20231023,2023-10-23,2023,4,Q4,10,October,Oct,43,4,23,Monday,1,296,False,False,False,False,False,False,False,2023-2024,Q3
20231024,2023-10-24,2023,4,Q4,10,October,Oct,43,4,24,Tuesday,2,297,False,False,False,False,False,False,False,2023-2024,Q3
20231025,2023-10-25,2023,4,Q4,10,October,Oct,43,4,25,Wednesday,3,298,False,False,False,False,False,False,False,2023-2024,Q3
20231026,2023-10-26,2023,4,Q4,10,October,Oct,43,4,26,Thursday,4,299,False,False,False,False,False,False,False,2023-2024,Q3
20231027,2023-10-27,2023,4,Q4,10,October,Oct,43,4,27,Friday,5,300,False,False,False,False,False,False,False,2023-2024,Q3
20231028,2023-10-28,2023,4,Q4,10,October,Oct,43,4,28,Saturday,6,301,True,False,False,False,False,False,False,2023-2024,Q3
20231029,2023-10-29,2023,4,Q4,10,October,Oct,43,5,29,Sunday,7,302,True,False,False,False,False,False,False,2023-2024,Q3
20231030,2023-10-30,2023,4,Q4,10,October,Oct,44,5,30,Monday,1,303,False,False,False,False,False,False,False,2023-2024,Q3
20231031,2023-10-31,2023,4,Q4,10,October,Oct,44,5,31,Tuesday,2,304,False,False,True,False,False,False,False,2023-2024,Q3
20231101,2023-11-01,2023,4,Q4,11,November,Nov,44,1,1,Wednesday,3,305,False,True,False,False,False,False,False,2023-2024,Q3
20231102,2023-11-02,2023,4,Q4,11,November,Nov,44,1,2,Thursday,4,306,False,False,False,False,False,False,False,2023-2024,Q3
20231103,2023-11-03,2023,4,Q4,11,November,Nov,44,1,3,Friday,5,307,False,False,False,False,False,False,False,2023-2024,Q3
20231104,2023-11-04,2023,4,Q4,11,November,Nov,44,1,4,Saturday,6,308,True,False,False,False,False,False,False,2023-2024,Q3
20231105,2023-11-05,2023,4,Q4,11,November,Nov,44,1,5,Sunday,7,309,True,False,False,False,False,False,False,2023-2024,Q3
20231106,2023-11-06,2023,4,Q4,11,November,Nov,45,1,6,Monday,1,310,False,False,False,False,False,False,False,2023-2024,Q3
20231107,2023-11-07,2023,4,Q4,11,November,Nov,45,1,7,Tuesday,2,311,False,False,False,False,False,False,False,2023-2024,Q3
20231108,2023-11-08,2023,4,Q4,11,November,Nov,45,2,8,Wednesday,3,312,False,False,False,False,False,False,False,2023-2024,Q3
20231109,2023-11-09,2023,4,Q4,11,November,Nov,45,2,9,Thursday,4,313,False,False,False,False,False,False,False,2023-2024,Q3
20231110,2023-11-10,2023,4,Q4,11,November,Nov,45,2,10,Friday,5,314,False,False,False,False,False,False,False,2023-2024,Q3
20231111,2023-11-11,2023,4,Q4,11,November,Nov,45,2,11,Saturday,6,315,True,False,False,False,False,False,False,2023-2024,Q3
20231112,2023-11-12,2023,4,Q4,11,November,Nov,45,2,12,Sunday,7,316,True,False,False,False,False,False,False,2023-2024,Q3
20231113,2023-11-13,2023,4,Q4,11,November,Nov,46,2,13,Monday,1,317,False,False,False,False,False,False,False,2023-2024,Q3
20231114,2023-11-14,2023,4,Q4,11,November,Nov,46,2,14,Tuesday,2,318,False,False,False,False,False,False,False,2023-2024,Q3
20231115,2023-11-15,2023,4,Q4,11,November,Nov,46,3,15,Wednesday,3,319,False,False,False,False,False,False,False,2023-2024,Q3
20231116,2023-11-16,2023,4,Q4,11,November,Nov,46,3,16,Thursday,4,320,False,False,False,False,False,False,False,2023-2024,Q3
20231117,2023-11-17,2023,4,Q4,11,November,Nov,46,3,17,Friday,5,321,False,False,False,False,False,False,False,2023-2024,Q3
20231118,2023-11-18,2023,4,Q4,11,November,Nov,46,3,18,Saturday,6,322,True,False,False,False,False,False,False,2023-2024,Q3
20231119,2023-11-19,2023,4,Q4,11,November,Nov,46,3,19,Sunday,7,323,True,False,False,False,False,False,False,2023-2024,Q3
20231120,2023-11-20,2023,4,Q4,11,November,Nov,47,3,20,Monday,1,324,False,False,False,False,False,False,False,2023-2024,Q3
20231121,2023-11-21,2023,4,Q4,11,November,Nov,47,3,21,Tuesday,2,325,False,False,False,False,False,False,False,2023-2024,Q3
20231122,2023-11-22,2023,4,Q4,11,November,Nov,47,4,22,Wednesday,3,326,False,False,False,False,False,False,False,2023-2024,Q3
20231123,2023-11-23,2023,4,Q4,11,November,Nov,47,4,23,Thursday,4,327,False,False,False,False,False,False,False,2023-2024,Q3
20231124,2023-11-24,2023,4,Q4,11,November,Nov,47,4,24,Friday,5,328,False,False,False,False,False,False,False,2023-2024,Q3
20231125,2023-11-25,2023,4,Q4,11,November,Nov,47,4,25,Saturday,6,329,True,False,False,False,False,False,False,2023-2024,Q3
20231126,2023-11-26,2023,4,Q4,11,November,Nov,47,4,26,Sunday,7,330,True,False,False,False,False,False,False,2023-2024,Q3
20231127,2023-11-27,2023,4,Q4,11,November,Nov,48,4,27,Monday,1,331,False,False,False,False,False,False,False,2023-2024,Q3
20231128,2023-11-28,2023,4,Q4,11,November,Nov,48,4,28,Tuesday,2,332,False,False,False,False,False,False,False,2023-2024,Q3
20231129,2023-11-29,2023,4,Q4,11,November,Nov,48,5,29,Wednesday,3,333,False,False,False,False,False,False,False,2023-2024,Q3
20231130,2023-11-30,2023,4,Q4,11,November,Nov,48,5,30,Thursday,4,334,False,False,True,False,False,False,False,2023-2024,Q3
20231201,2023-12-01,2023,4,Q4,12,December,Dec,48,1,1,Friday,5,335,False,True,False,False,False,False,False,2023-2024,Q3
20231202,2023-12-02,2023,4,Q4,12,December,Dec,48,1,2,Saturday,6,336,True,False,False,False,False,False,False,2023-2024,Q3
20231203,2023-12-03,2023,4,Q4,12,December,Dec,48,1,3,Sunday,7,337,True,False,False,False,False,False,False,2023-2024,Q3
20231204,2023-12-04,2023,4,Q4,12,December,Dec,49,1,4,Monday,1,338,False,False,False,False,False,False,False,2023-2024,Q3
20231205,2023-12-05,2023,4,Q4,12,December,Dec,49,1,5,Tuesday,2,339,False,False,False,False,False,False,False,2023-2024,Q3
20231206,2023-12-06,2023,4,Q4,12,December,Dec,49,1,6,Wednesday,3,340,False,False,False,False,False,False,False,2023-2024,Q3
20231207,2023-12-07,2023,4,Q4,12,December,Dec,49,1,7,Thursday,4,341,False,False,False,False,False,False,False,2023-2024,Q3
20231208,2023-12-08,2023,4,Q4,12,December,Dec,49,2,8,Friday,5,342,False,False,False,False,False,False,False,2023-2024,Q3
20231209,2023-12-09,2023,4,Q4,12,December,Dec,49,2,9,Saturday,6,343,True,False,False,False,False,False,False,2023-2024,Q3
20231210,2023-12-10,2023,4,Q4,12,December,Dec,49,2,10,Sunday,7,344,True,False,False,False,False,False,False,2023-2024,Q3
20231211,2023-12-11,2023,4,Q4,12,December,Dec,50,2,11,Monday,1,345,False,False,False,False,False,False,False,2023-2024,Q3
20231212,2023-12-12,2023,4,Q4,12,December,Dec,50,2,12,Tuesday,2,346,False,False,False,False,False,False,False,2023-2024,Q3
20231213,2023-12-13,2023,4,Q4,12,December,Dec,50,2,13,Wednesday,3,347,False,False,False,False,False,False,False,2023-2024,Q3
20231214,2023-12-14,2023,4,Q4,12,December,Dec,50,2,14,Thursday,4,348,False,False,False,False,False,False,False,2023-2024,Q3
20231215,2023-12-15,2023,4,Q4,12,December,Dec,50,3,15,Friday,5,349,False,False,False,False,False,False,False,2023-2024,Q3
20231216,2023-12-16,2023,4,Q4,12,December,Dec,50,3,16,Saturday,6,350,True,False,False,False,False,False,False,2023-2024,Q3
20231217,2023-12-17,2023,4,Q4,12,December,Dec,50,3,17,Sunday,7,351,True,False,False,False,False,False,False,2023-2024,Q3
20231218,2023-12-18,2023,4,Q4,12,December,Dec,51,3,18,Monday,1,352,False,False,False,False,False,False,False,2023-2024,Q3
20231219,2023-12-19,2023,4,Q4,12,December,Dec,51,3,19,Tuesday,2,353,False,False,False,False,False,False,False,2023-2024,Q3
20231220,2023-12-20,2023,4,Q4,12,December,Dec,51,3,20,Wednesday,3,354,False,False,False,False,False,False,False,2023-2024,Q3
20231221,2023-12-21,2023,4,Q4,12,December,Dec,51,3,21,Thursday,4,355,False,False,False,False,False,False,False,2023-2024,Q3
20231222,2023-12-22,2023,4,Q4,12,December,Dec,51,4,22,Friday,5,356,False,False,False,False,False,False,False,2023-2024,Q3
20231223,2023-12-23,2023,4,Q4,12,December,Dec,51,4,23,Saturday,6,357,True,False,False,False,False,False,False,2023-2024,Q3
20231224,2023-12-24,2023,4,Q4,12,December,Dec,51,4,24,Sunday,7,358,True,False,False,False,False,False,False,2023-2024,Q3
20231225,2023-12-25,2023,4,Q4,12,December,Dec,52,4,25,Monday,1,359,False,False,False,False,False,False,False,2023-2024,Q3
20231226,2023-12-26,2023,4,Q4,12,December,Dec,52,4,26,Tuesday,2,360,False,False,False,False,False,False,False,2023-2024,Q3
20231227,2023-12-27,2023,4,Q4,12,December,Dec,52,4,27,Wednesday,3,361,False,False,False,False,False,False,False,2023-2024,Q3
20231228,2023-12-28,2023,4,Q4,12,December,Dec,52,4,28,Thursday,4,362,False,False,False,False,False,False,False,2023-2024,Q3
20231229,2023-12-29,2023,4,Q4,12,December,Dec,52,5,29,Friday,5,363,False,False,False,False,False,False,False,2023-2024,Q3
20231230,2023-12-30,2023,4,Q4,12,December,Dec,52,5,30,Saturday,6,364,True,False,False,False,False,False,False,2023-2024,Q3
20231231,2023-12-31,2023,4,Q4,12,December,Dec,52,5,31,Sunday,7,365,True,False,True,False,True,False,True,2023-2024,Q3
20240101,2024-01-01,2024,1,Q1,1,January,Jan,1,1,1,Monday,1,1,False,True,False,True,False,True,False,2023-2024,Q4
20240102,2024-01-02,2024,1,Q1,1,January,Jan,1,1,2,Tuesday,2,2,False,False,False,False,False,False,False,2023-2024,Q4
20240103,2024-01-03,2024,1,Q1,1,January,Jan,1,1,3,Wednesday,3,3,False,False,False,False,False,False,False,2023-2024,Q4
20240104,2024-01-04,2024,1,Q1,1,January,Jan,1,1,4,Thursday,4,4,False,False,False,False,False,False,False,2023-2024,Q4
20240105,2024-01-05,2024,1,Q1,1,January,Jan,1,1,5,Friday,5,5,False,False,False,False,False,False,False,2023-2024,Q4
20240106,2024-01-06,2024,1,Q1,1,January,Jan,1,1,6,Saturday,6,6,True,False,False,False,False,False,False,2023-2024,Q4
20240107,2024-01-07,2024,1,Q1,1,January,Jan,1,1,7,Sunday,7,7,True,False,False,False,False,False,False,2023-2024,Q4
20240108,2024-01-08,2024,1,Q1,1,January,Jan,2,2,8,Monday,1,8,False,False,False,False,False,False,False,2023-2024,Q4
20240109,2024-01-09,2024,1,Q1,1,January,Jan,2,2,9,Tuesday,2,9,False,False,False,False,False,False,False,2023-2024,Q4
20240110,2024-01-10,2024,1,Q1,1,January,Jan,2,2,10,Wednesday,3,10,False,False,False,False,False,False,False,2023-2024,Q4
20240111,2024-01-11,2024,1,Q1,1,January,Jan,2,2,11,Thursday,4,11,False,False,False,False,False,False,False,2023-2024,Q4
20240112,2024-01-12,2024,1,Q1,1,January,Jan,2,2,12,Friday,5,12,False,False,False,False,False,False,False,2023-2024,Q4
20240113,2024-01-13,2024,1,Q1,1,January,Jan,2,2,13,Saturday,6,13,True,False,False,False,False,False,False,2023-2024,Q4
20240114,2024-01-14,2024,1,Q1,1,January,Jan,2,2,14,Sunday,7,14,True,False,False,False,False,False,False,2023-2024,Q4
20240115,2024-01-15,2024,1,Q1,1,January,Jan,3,3,15,Monday,1,15,False,False,False,False,False,False,False,2023-2024,Q4
20240116,2024-01-16,2024,1,Q1,1,January,Jan,3,3,16,Tuesday,2,16,False,False,False,False,False,False,False,2023-2024,Q4
20240117,2024-01-17,2024,1,Q1,1,January,Jan,3,3,17,Wednesday,3,17,False,False,False,False,False,False,False,2023-2024,Q4
20240118,2024-01-18,2024,1,Q1,1,January,Jan,3,3,18,Thursday,4,18,False,False,False,False,False,False,False,2023-2024,Q4
20240119,2024-01-19,2024,1,Q1,1,January,Jan,3,3,19,Friday,5,19,False,False,False,False,False,False,False,2023-2024,Q4
20240120,2024-01-20,2024,1,Q1,1,January,Jan,3,3,20,Saturday,6,20,True,False,False,False,False,False,False,2023-2024,Q4
20240121,2024-01-21,2024,1,Q1,1,January,Jan,3,3,21,Sunday,7,21,True,False,False,False,False,False,False,2023-2024,Q4
20240122,2024-01-22,2024,1,Q1,1,January,Jan,4,4,22,Monday,1,22,False,False,False,False,False,False,False,2023-2024,Q4
20240123,2024-01-23,2024,1,Q1,1,January,Jan,4,4,23,Tuesday,2,23,False,False,False,False,False,False,False,2023-2024,Q4
20240124,2024-01-24,2024,1,Q1,1,January,Jan,4,4,24,Wednesday,3,24,False,False,False,False,False,False,False,2023-2024,Q4
20240125,2024-01-25,2024,1,Q1,1,January,Jan,4,4,25,Thursday,4,25,False,False,False,False,False,False,False,2023-2024,Q4
20240126,2024-01-26,2024,1,Q1,1,January,Jan,4,4,26,Friday,5,26,False,False,False,False,False,False,False,2023-2024,Q4
20240127,2024-01-27,2024,1,Q1,1,January,Jan,4,4,27,Saturday,6,27,True,False,False,False,False,False,False,2023-2024,Q4
20240128,2024-01-28,2024,1,Q1,1,January,Jan,4,4,28,Sunday,7,28,True,False,False,False,False,False,False,2023-2024,Q4
20240129,2024-01-29,2024,1,Q1,1,January,Jan,5,5,29,Monday,1,29,False,False,False,False,False,False,False,2023-2024,Q4
20240130,2024-01-30,2024,1,Q1,1,January,Jan,5,5,30,Tuesday,2,30,False,False,False,False,False,False,False,2023-2024,Q4
20240131,2024-01-31,2024,1,Q1,1,January,Jan,5,5,31,Wednesday,3,31,False,False,True,False,False,False,False,2023-2024,Q4
20240201,2024-02-01,2024,1,Q1,2,February,Feb,5,1,1,Thursday,4,32,False,True,False,False,False,False,False,2023-2024,Q4
20240202,2024-02-02,2024,1,Q1,2,February,Feb,5,1,2,Friday,5,33,False,False,False,False,False,False,False,2023-2024,Q4
20240203,2024-02-03,2024,1,Q1,2,February,Feb,5,1,3,Saturday,6,34,True,False,False,False,False,False,False,2023-2024,Q4
20240204,2024-02-04,2024,1,Q1,2,February,Feb,5,1,4,Sunday,7,35,True,False,False,False,False,False,False,2023-2024,Q4
20240205,2024-02-05,2024,1,Q1,2,February,Feb,6,1,5,Monday,1,36,False,False,False,False,False,False,False,2023-2024,Q4
20240206,2024-02-06,2024,1,Q1,2,February,Feb,6,1,6,Tuesday,2,37,False,False,False,False,False,False,False,2023-2024,Q4
20240207,2024-02-07,2024,1,Q1,2,February,Feb,6,1,7,Wednesday,3,38,False,False,False,False,False,False,False,2023-2024,Q4
20240208,2024-02-08,2024,1,Q1,2,February,Feb,6,2,8,Thursday,4,39,False,False,False,False,False,False,False,2023-2024,Q4
20240209,2024-02-09,2024,1,Q1,2,February,Feb,6,2,9,Friday,5,40,False,False,False,False,False,False,False,2023-2024,Q4
20240210,2024-02-10,2024,1,Q1,2,February,Feb,6,2,10,Saturday,6,41,True,False,False,False,False,False,False,2023-2024,Q4
20240211,2024-02-11,2024,1,Q1,2,February,Feb,6,2,11,Sunday,7,42,True,False,False,False,False,False,False,2023-2024,Q4
20240212,2024-02-12,2024,1,Q1,2,February,Feb,7,2,12,Monday,1,43,False,False,False,False,False,False,False,2023-2024,Q4
20240213,2024-02-13,2024,1,Q1,2,February,Feb,7,2,13,Tuesday,2,44,False,False,False,False,False,False,False,2023-2024,Q4
20240214,2024-02-14,2024,1,Q1,2,February,Feb,7,2,14,Wednesday,3,45,False,False,False,False,False,False,False,2023-2024,Q4
20240215,2024-02-15,2024,1,Q1,2,February,Feb,7,3,15,Thursday,4,46,False,False,False,False,False,False,False,2023-2024,Q4
20240216,2024-02-16,2024,1,Q1,2,February,Feb,7,3,16,Friday,5,47,False,False,False,False,False,False,False,2023-2024,Q4
20240217,2024-02-17,2024,1,Q1,2,February,Feb,7,3,17,Saturday,6,48,True,False,False,False,False,False,False,2023-2024,Q4
20240218,2024-02-18,2024,1,Q1,2,February,Feb,7,3,18,Sunday,7,49,True,False,False,False,False,False,False,2023-2024,Q4
20240219,2024-02-19,2024,1,Q1,2,February,Feb,8,3,19,Monday,1,50,False,False,False,False,False,False,False,2023-2024,Q4
20240220,2024-02-20,2024,1,Q1,2,February,Feb,8,3,20,Tuesday,2,51,False,False,False,False,False,False,False,2023-2024,Q4
20240221,2024-02-21,2024,1,Q1,2,February,Feb,8,3,21,Wednesday,3,52,False,False,False,False,False,False,False,2023-2024,Q4
20240222,2024-02-22,2024,1,Q1,2,February,Feb,8,4,22,Thursday,4,53,False,False,False,False,False,False,False,2023-2024,Q4
20240223,2024-02-23,2024,1,Q1,2,February,Feb,8,4,23,Friday,5,54,False,False,False,False,False,False,False,2023-2024,Q4
20240224,2024-02-24,2024,1,Q1,2,February,Feb,8,4,24,Saturday,6,55,True,False,False,False,False,False,False,2023-2024,Q4
20240225,2024-02-25,2024,1,Q1,2,February,Feb,8,4,25,Sunday,7,56,True,False,False,False,False,False,False,2023-2024,Q4
20240226,2024-02-26,2024,1,Q1,2,February,Feb,9,4,26,Monday,1,57,False,False,False,False,False,False,False,2023-2024,Q4
20240227,2024-02-27,2024,1,Q1,2,February,Feb,9,4,27,Tuesday,2,58,False,False,False,False,False,False,False,2023-2024,Q4
20240228,2024-02-28,2024,1,Q1,2,February,Feb,9,4,28,Wednesday,3,59,False,False,False,False,False,False,False,2023-2024,Q4
20240229,2024-02-29,2024,1,Q1,2,February,Feb,9,5,29,Thursday,4,60,False,False,True,False,False,False,False,2023-2024,Q4
20240301,2024-03-01,2024,1,Q1,3,March,Mar,9,1,1,Friday,5,61,False,True,False,False,False,False,False,2023-2024,Q4
20240302,2024-03-02,2024,1,Q1,3,March,Mar,9,1,2,Saturday,6,62,True,False,False,False,False,False,False,2023-2024,Q4
20240303,2024-03-03,2024,1,Q1,3,March,Mar,9,1,3,Sunday,7,63,True,False,False,False,False,False,False,2023-2024,Q4
20240304,2024-03-04,2024,1,Q1,3,March,Mar,10,1,4,Monday,1,64,False,False,False,False,False,False,False,2023-2024,Q4
20240305,2024-03-05,2024,1,Q1,3,March,Mar,10,1,5,Tuesday,2,65,False,False,False,False,False,False,False,2023-2024,Q4
20240306,2024-03-06,2024,1,Q1,3,March,Mar,10,1,6,Wednesday,3,66,False,False,False,False,False,False,False,2023-2024,Q4
20240307,2024-03-07,2024,1,Q1,3,March,Mar,10,1,7,Thursday,4,67,False,False,False,False,False,False,False,2023-2024,Q4
20240308,2024-03-08,2024,1,Q1,3,March,Mar,10,2,8,Friday,5,68,False,False,False,False,False,False,False,2023-2024,Q4
20240309,2024-03-09,2024,1,Q1,3,March,Mar,10,2,9,Saturday,6,69,True,False,False,False,False,False,False,2023-2024,Q4
20240310,2024-03-10,2024,1,Q1,3,March,Mar,10,2,10,Sunday,7,70,True,False,False,False,False,False,False,2023-2024,Q4
20240311,2024-03-11,2024,1,Q1,3,March,Mar,11,2,11,Monday,1,71,False,False,False,False,False,False,False,2023-2024,Q4
20240312,2024-03-12,2024,1,Q1,3,March,Mar,11,2,12,Tuesday,2,72,False,False,False,False,False,False,False,2023-2024,Q4
20240313,2024-03-13,2024,1,Q1,3,March,Mar,11,2,13,Wednesday,3,73,False,False,False,False,False,False,False,2023-2024,Q4
20240314,2024-03-14,2024,1,Q1,3,March,Mar,11,2,14,Thursday,4,74,False,False,False,False,False,False,False,2023-2024,Q4
20240315,2024-03-15,2024,1,Q1,3,March,Mar,11,3,15,Friday,5,75,False,False,False,False,False,False,False,2023-2024,Q4
20240316,2024-03-16,2024,1,Q1,3,March,Mar,11,3,16,Saturday,6,76,True,False,False,False,False,False,False,2023-2024,Q4
20240317,2024-03-17,2024,1,Q1,3,March,Mar,11,3,17,Sunday,7,77,True,False,False,False,False,False,False,2023-2024,Q4
20240318,2024-03-18,2024,1,Q1,3,March,Mar,12,3,18,Monday,1,78,False,False,False,False,False,False,False,2023-2024,Q4
20240319,2024-03-19,2024,1,Q1,3,March,Mar,12,3,19,Tuesday,2,79,False,False,False,False,False,False,False,2023-2024,Q4
20240320,2024-03-20,2024,1,Q1,3,March,Mar,12,3,20,Wednesday,3,80,False,False,False,False,False,False,False,2023-2024,Q4
20240321,2024-03-21,2024,1,Q1,3,March,Mar,12,3,21,Thursday,4,81,False,False,False,False,False,False,False,2023-2024,Q4
20240322,2024-03-22,2024,1,Q1,3,March,Mar,12,4,22,Friday,5,82,False,False,False,False,False,False,False,2023-2024,Q4
20240323,2024-03-23,2024,1,Q1,3,March,Mar,12,4,23,Saturday,6,83,True,False,False,False,False,False,False,2023-2024,Q4
20240324,2024-03-24,2024,1,Q1,3,March,Mar,12,4,24,Sunday,7,84,True,False,False,False,False,False,False,2023-2024,Q4
20240325,2024-03-25,2024,1,Q1,3,March,Mar,13,4,25,Monday,1,85,False,False,False,False,False,False,False,2023-2024,Q4
20240326,2024-03-26,2024,1,Q1,3,March,Mar,13,4,26,Tuesday,2,86,False,False,False,False,False,False,False,2023-2024,Q4
20240327,2024-03-27,2024,1,Q1,3,March,Mar,13,4,27,Wednesday,3,87,False,False,False,False,False,False,False,2023-2024,Q4
20240328,2024-03-28,2024,1,Q1,3,March,Mar,13,4,28,Thursday,4,88,False,False,False,False,False,False,False,2023-2024,Q4
20240329,2024-03-29,2024,1,Q1,3,March,Mar,13,5,29,Friday,5,89,False,False,False,False,False,False,False,2023-2024,Q4
20240330,2024-03-30,2024,1,Q1,3,March,Mar,13,5,30,Saturday,6,90,True,False,False,False,False,False,False,2023-2024,Q4
20240331,2024-03-31,2024,1,Q1,3,March,Mar,13,5,31,Sunday,7,91,True,False,True,False,True,False,False,2023-2024,Q4
20240401,2024-04-01,2024,2,Q2,4,April,Apr,14,1,1,Monday,1,92,False,True,False,True,False,False,False,2024-2025,Q1
20240402,2024-04-02,2024,2,Q2,4,April,Apr,14,1,2,Tuesday,2,93,False,False,False,False,False,False,False,2024-2025,Q1
20240403,2024-04-03,2024,2,Q2,4,April,Apr,14,1,3,Wednesday,3,94,False,False,False,False,False,False,False,2024-2025,Q1
20240404,2024-04-04,2024,2,Q2,4,April,Apr,14,1,4,Thursday,4,95,False,False,False,False,False,False,False,2024-2025,Q1
20240405,2024-04-05,2024,2,Q2,4,April,Apr,14,1,5,Friday,5,96,False,False,False,False,False,False,False,2024-2025,Q1
20240406,2024-04-06,2024,2,Q2,4,April,Apr,14,1,6,Saturday,6,97,True,False,False,False,False,False,False,2024-2025,Q1
20240407,2024-04-07,2024,2,Q2,4,April,Apr,14,1,7,Sunday,7,98,True,False,False,False,False,False,False,2024-2025,Q1
20240408,2024-04-08,2024,2,Q2,4,April,Apr,15,2,8,Monday,1,99,False,False,False,False,False,False,False,2024-2025,Q1
20240409,2024-04-09,2024,2,Q2,4,April,Apr,15,2,9,Tuesday,2,100,False,False,False,False,False,False,False,2024-2025,Q1
20240410,2024-04-10,2024,2,Q2,4,April,Apr,15,2,10,Wednesday,3,101,False,False,False,False,False,False,False,2024-2025,Q1
20240411,2024-04-11,2024,2,Q2,4,April,Apr,15,2,11,Thursday,4,102,False,False,False,False,False,False,False,2024-2025,Q1
20240412,2024-04-12,2024,2,Q2,4,April,Apr,15,2,12,Friday,5,103,False,False,False,False,False,False,False,2024-2025,Q1
20240413,2024-04-13,2024,2,Q2,4,April,Apr,15,2,13,Saturday,6,104,True,False,False,False,False,False,False,2024-2025,Q1
20240414,2024-04-14,2024,2,Q2,4,April,Apr,15,2,14,Sunday,7,105,True,False,False,False,False,False,False,2024-2025,Q1
20240415,2024-04-15,2024,2,Q2,4,April,Apr,16,3,15,Monday,1,106,False,False,False,False,False,False,False,2024-2025,Q1
20240416,2024-04-16,2024,2,Q2,4,April,Apr,16,3,16,Tuesday,2,107,False,False,False,False,False,False,False,2024-2025,Q1
20240417,2024-04-17,2024,2,Q2,4,April,Apr,16,3,17,Wednesday,3,108,False,False,False,False,False,False,False,2024-2025,Q1
20240418,2024-04-18,2024,2,Q2,4,April,Apr,16,3,18,Thursday,4,109,False,False,False,False,False,False,False,2024-2025,Q1
20240419,2024-04-19,2024,2,Q2,4,April,Apr,16,3,19,Friday,5,110,False,False,False,False,False,False,False,2024-2025,Q1
20240420,2024-04-20,2024,2,Q2,4,April,Apr,16,3,20,Saturday,6,111,True,False,False,False,False,False,False,2024-2025,Q1
20240421,2024-04-21,2024,2,Q2,4,April,Apr,16,3,21,Sunday,7,112,True,False,False,False,False,False,False,2024-2025,Q1
20240422,2024-04-22,2024,2,Q2,4,April,Apr,17,4,22,Monday,1,113,False,False,False,False,False,False,False,2024-2025,Q1
20240423,2024-04-23,2024,2,Q2,4,April,Apr,17,4,23,Tuesday,2,114,False,False,False,False,False,False,False,2024-2025,Q1
20240424,2024-04-24,2024,2,Q2,4,April,Apr,17,4,24,Wednesday,3,115,False,False,False,False,False,False,False,2024-2025,Q1
20240425,2024-04-25,2024,2,Q2,4,April,Apr,17,4,25,Thursday,4,116,False,False,False,False,False,False,False,2024-2025,Q1
20240426,2024-04-26,2024,2,Q2,4,April,Apr,17,4,26,Friday,5,117,False,False,False,False,False,False,False,2024-2025,Q1
20240427,2024-04-27,2024,2,Q2,4,April,Apr,17,4,27,Saturday,6,118,True,False,False,False,False,False,False,2024-2025,Q1
20240428,2024-04-28,2024,2,Q2,4,April,Apr,17,4,28,Sunday,7,119,True,False,False,False,False,False,False,2024-2025,Q1
20240429,2024-04-29,2024,2,Q2,4,April,Apr,18,5,29,Monday,1,120,False,False,False,False,False,False,False,2024-2025,Q1
20240430,2024-04-30,2024,2,Q2,4,April,Apr,18,5,30,Tuesday,2,121,False,False,True,False,False,False,False,2024-2025,Q1
20240501,2024-05-01,2024,2,Q2,5,May,May,18,1,1,Wednesday,3,122,False,True,False,False,False,False,False,2024-2025,Q1
20240502,2024-05-02,2024,2,Q2,5,May,May,18,1,2,Thursday,4,123,False,False,False,False,False,False,False,2024-2025,Q1
20240503,2024-05-03,2024,2,Q2,5,May,May,18,1,3,Friday,5,124,False,False,False,False,False,False,False,2024-2025,Q1
20240504,2024-05-04,2024,2,Q2,5,May,May,18,1,4,Saturday,6,125,True,False,False,False,False,False,False,2024-2025,Q1
20240505,2024-05-05,2024,2,Q2,5,May,May,18,1,5,Sunday,7,126,True,False,False,False,False,False,False,2024-2025,Q1
20240506,2024-05-06,2024,2,Q2,5,May,May,19,1,6,Monday,1,127,False,False,False,False,False,False,False,2024-2025,Q1
20240507,2024-05-07,2024,2,Q2,5,May,May,19,1,7,Tuesday,2,128,False,False,False,False,False,False,False,2024-2025,Q1
20240508,2024-05-08,2024,2,Q2,5,May,May,19,2,8,Wednesday,3,129,False,False,False,False,False,False,False,2024-2025,Q1
20240509,2024-05-09,2024,2,Q2,5,May,May,19,2,9,Thursday,4,130,False,False,False,False,False,False,False,2024-2025,Q1
20240510,2024-05-10,2024,2,Q2,5,May,May,19,2,10,Friday,5,131,False,False,False,False,False,False,False,2024-2025,Q1
20240511,2024-05-11,2024,2,Q2,5,May,May,19,2,11,Saturday,6,132,True,False,False,False,False,False,False,2024-2025,Q1
20240512,2024-05-12,2024,2,Q2,5,May,May,19,2,12,Sunday,7,133,True,False,False,False,False,False,False,2024-2025,Q1
20240513,2024-05-13,2024,2,Q2,5,May,May,20,2,13,Monday,1,134,False,False,False,False,False,False,False,2024-2025,Q1
20240514,2024-05-14,2024,2,Q2,5,May,May,20,2,14,Tuesday,2,135,False,False,False,False,False,False,False,2024-2025,Q1
20240515,2024-05-15,2024,2,Q2,5,May,May,20,3,15,Wednesday,3,136,False,False,False,False,False,False,False,2024-2025,Q1
20240516,2024-05-16,2024,2,Q2,5,May,May,20,3,16,Thursday,4,137,False,False,False,False,False,False,False,2024-2025,Q1
20240517,2024-05-17,2024,2,Q2,5,May,May,20,3,17,Friday,5,138,False,False,False,False,False,False,False,2024-2025,Q1
20240518,2024-05-18,2024,2,Q2,5,May,May,20,3,18,Saturday,6,139,True,False,False,False,False,False,False,2024-2025,Q1
20240519,2024-05-19,2024,2,Q2,5,May,May,20,3,19,Sunday,7,140,True,False,False,False,False,False,False,2024-2025,Q1
20240520,2024-05-20,2024,2,Q2,5,May,May,21,3,20,Monday,1,141,False,False,False,False,False,False,False,2024-2025,Q1
20240521,2024-05-21,2024,2,Q2,5,May,May,21,3,21,Tuesday,2,142,False,False,False,False,False,False,False,2024-2025,Q1
20240522,2024-05-22,2024,2,Q2,5,May,May,21,4,22,Wednesday,3,143,False,False,False,False,False,False,False,2024-2025,Q1
20240523,2024-05-23,2024,2,Q2,5,May,May,21,4,23,Thursday,4,144,False,False,False,False,False,False,False,2024-2025,Q1
20240524,2024-05-24,2024,2,Q2,5,May,May,21,4,24,Friday,5,145,False,False,False,False,False,False,False,2024-2025,Q1
20240525,2024-05-25,2024,2,Q2,5,May,May,21,4,25,Saturday,6,146,True,False,False,False,False,False,False,2024-2025,Q1
20240526,2024-05-26,2024,2,Q2,5,May,May,21,4,26,Sunday,7,147,True,False,False,False,False,False,False,2024-2025,Q1
20240527,2024-05-27,2024,2,Q2,5,May,May,22,4,27,Monday,1,148,False,False,False,False,False,False,False,2024-2025,Q1
20240528,2024-05-28,2024,2,Q2,5,May,May,22,4,28,Tuesday,2,149,False,False,False,False,False,False,False,2024-2025,Q1
20240529,2024-05-29,2024,2,Q2,5,May,May,22,5,29,Wednesday,3,150,False,False,False,False,False,False,False,2024-2025,Q1
20240530,2024-05-30,2024,2,Q2,5,May,May,22,5,30,Thursday,4,151,False,False,False,False,False,False,False,2024-2025,Q1
20240531,2024-05-31,2024,2,Q2,5,May,May,22,5,31,Friday,5,152,False,False,True,False,False,False,False,2024-2025,Q1
20240601,2024-06-01,2024,2,Q2,6,June,Jun,22,1,1,Saturday,6,153,True,True,False,False,False,False,False,2024-2025,Q1
20240602,2024-06-02,2024,2,Q2,6,June,Jun,22,1,2,Sunday,7,154,True,False,False,False,False,False,False,2024-2025,Q1
20240603,2024-06-03,2024,2,Q2,6,June,Jun,23,1,3,Monday,1,155,False,False,False,False,False,False,False,2024-2025,Q1
20240604,2024-06-04,2024,2,Q2,6,June,Jun,23,1,4,Tuesday,2,156,False,False,False,False,False,False,False,2024-2025,Q1
20240605,2024-06-05,2024,2,Q2,6,June,Jun,23,1,5,Wednesday,3,157,False,False,False,False,False,False,False,2024-2025,Q1
20240606,2024-06-06,2024,2,Q2,6,June,Jun,23,1,6,Thursday,4,158,False,False,False,False,False,False,False,2024-2025,Q1
20240607,2024-06-07,2024,2,Q2,6,June,Jun,23,1,7,Friday,5,159,False,False,False,False,False,False,False,2024-2025,Q1
20240608,2024-06-08,2024,2,Q2,6,June,Jun,23,2,8,Saturday,6,160,True,False,False,False,False,False,False,2024-2025,Q1
20240609,2024-06-09,2024,2,Q2,6,June,Jun,23,2,9,Sunday,7,161,True,False,False,False,False,False,False,2024-2025,Q1
20240610,2024-06-10,2024,2,Q2,6,June,Jun,24,2,10,Monday,1,162,False,False,False,False,False,False,False,2024-2025,Q1
20240611,2024-06-11,2024,2,Q2,6,June,Jun,24,2,11,Tuesday,2,163,False,False,False,False,False,False,False,2024-2025,Q1
20240612,2024-06-12,2024,2,Q2,6,June,Jun,24,2,12,Wednesday,3,164,False,False,False,False,False,False,False,2024-2025,Q1
20240613,2024-06-13,2024,2,Q2,6,June,Jun,24,2,13,Thursday,4,165,False,False,False,False,False,False,False,2024-2025,Q1
20240614,2024-06-14,2024,2,Q2,6,June,Jun,24,2,14,Friday,5,166,False,False,False,False,False,False,False,2024-2025,Q1
20240615,2024-06-15,2024,2,Q2,6,June,Jun,24,3,15,Saturday,6,167,True,False,False,False,False,False,False,2024-2025,Q1
20240616,2024-06-16,2024,2,Q2,6,June,Jun,24,3,16,Sunday,7,168,True,False,False,False,False,False,False,2024-2025,Q1
20240617,2024-06-17,2024,2,Q2,6,June,Jun,25,3,17,Monday,1,169,False,False,False,False,False,False,False,2024-2025,Q1
20240618,2024-06-18,2024,2,Q2,6,June,Jun,25,3,18,Tuesday,2,170,False,False,False,False,False,False,False,2024-2025,Q1
20240619,2024-06-19,2024,2,Q2,6,June,Jun,25,3,19,Wednesday,3,171,False,False,False,False,False,False,False,2024-2025,Q1
20240620,2024-06-20,2024,2,Q2,6,June,Jun,25,3,20,Thursday,4,172,False,False,False,False,False,False,False,2024-2025,Q1
20240621,2024-06-21,2024,2,Q2,6,June,Jun,25,3,21,Friday,5,173,False,False,False,False,False,False,False,2024-2025,Q1
20240622,2024-06-22,2024,2,Q2,6,June,Jun,25,4,22,Saturday,6,174,True,False,False,False,False,False,False,2024-2025,Q1
20240623,2024-06-23,2024,2,Q2,6,June,Jun,25,4,23,Sunday,7,175,True,False,False,False,False,False,False,2024-2025,Q1
20240624,2024-06-24,2024,2,Q2,6,June,Jun,26,4,24,Monday,1,176,False,False,False,False,False,False,False,2024-2025,Q1
20240625,2024-06-25,2024,2,Q2,6,June,Jun,26,4,25,Tuesday,2,177,False,False,False,False,False,False,False,2024-2025,Q1
20240626,2024-06-26,2024,2,Q2,6,June,Jun,26,4,26,Wednesday,3,178,False,False,False,False,False,False,False,2024-2025,Q1
20240627,2024-06-27,2024,2,Q2,6,June,Jun,26,4,27,Thursday,4,179,False,False,False,False,False,False,False,2024-2025,Q1
20240628,2024-06-28,2024,2,Q2,6,June,Jun,26,4,28,Friday,5,180,False,False,False,False,False,False,False,2024-2025,Q1
20240629,2024-06-29,2024,2,Q2,6,June,Jun,26,5,29,Saturday,6,181,True,False,False,False,False,False,False,2024-2025,Q1
20240630,2024-06-30,2024,2,Q2,6,June,Jun,26,5,30,Sunday,7,182,True,False,True,False,True,False,False,2024-2025,Q1
20240701,2024-07-01,2024,3,Q3,7,July,Jul,27,1,1,Monday,1,183,False,True,False,True,False,False,False,2024-2025,Q2
20240702,2024-07-02,2024,3,Q3,7,July,Jul,27,1,2,Tuesday,2,184,False,False,False,False,False,False,False,2024-2025,Q2
20240703,2024-07-03,2024,3,Q3,7,July,Jul,27,1,3,Wednesday,3,185,False,False,False,False,False,False,False,2024-2025,Q2
20240704,2024-07-04,2024,3,Q3,7,July,Jul,27,1,4,Thursday,4,186,False,False,False,False,False,False,False,2024-2025,Q2
20240705,2024-07-05,2024,3,Q3,7,July,Jul,27,1,5,Friday,5,187,False,False,False,False,False,False,False,2024-2025,Q2
20240706,2024-07-06,2024,3,Q3,7,July,Jul,27,1,6,Saturday,6,188,True,False,False,False,False,False,False,2024-2025,Q2
20240707,2024-07-07,2024,3,Q3,7,July,Jul,27,1,7,Sunday,7,189,True,False,False,False,False,False,False,2024-2025,Q2
20240708,2024-07-08,2024,3,Q3,7,July,Jul,28,2,8,Monday,1,190,False,False,False,False,False,False,False,2024-2025,Q2
20240709,2024-07-09,2024,3,Q3,7,July,Jul,28,2,9,Tuesday,2,191,False,False,False,False,False,False,False,2024-2025,Q2
20240710,2024-07-10,2024,3,Q3,7,July,Jul,28,2,10,Wednesday,3,192,False,False,False,False,False,False,False,2024-2025,Q2
20240711,2024-07-11,2024,3,Q3,7,July,Jul,28,2,11,Thursday,4,193,False,False,False,False,False,False,False,2024-2025,Q2
20240712,2024-07-12,2024,3,Q3,7,July,Jul,28,2,12,Friday,5,194,False,False,False,False,False,False,False,2024-2025,Q2
20240713,2024-07-13,2024,3,Q3,7,July,Jul,28,2,13,Saturday,6,195,True,False,False,False,False,False,False,2024-2025,Q2
20240714,2024-07-14,2024,3,Q3,7,July,Jul,28,2,14,Sunday,7,196,True,False,False,False,False,False,False,2024-2025,Q2
20240715,2024-07-15,2024,3,Q3,7,July,Jul,29,3,15,Monday,1,197,False,False,False,False,False,False,False,2024-2025,Q2
20240716,2024-07-16,2024,3,Q3,7,July,Jul,29,3,16,Tuesday,2,198,False,False,False,False,False,False,False,2024-2025,Q2
20240717,2024-07-17,2024,3,Q3,7,July,Jul,29,3,17,Wednesday,3,199,False,False,False,False,False,False,False,2024-2025,Q2
20240718,2024-07-18,2024,3,Q3,7,July,Jul,29,3,18,Thursday,4,200,False,False,False,False,False,False,False,2024-2025,Q2
20240719,2024-07-19,2024,3,Q3,7,July,Jul,29,3,19,Friday,5,201,False,False,False,False,False,False,False,2024-2025,Q2
20240720,2024-07-20,2024,3,Q3,7,July,Jul,29,3,20,Saturday,6,202,True,False,False,False,False,False,False,2024-2025,Q2
20240721,2024-07-21,2024,3,Q3,7,July,Jul,29,3,21,Sunday,7,203,True,False,False,False,False,False,False,2024-2025,Q2
20240722,2024-07-22,2024,3,Q3,7,July,Jul,30,4,22,Monday,1,204,False,False,False,False,False,False,False,2024-2025,Q2
20240723,2024-07-23,2024,3,Q3,7,July,Jul,30,4,23,Tuesday,2,205,False,False,False,False,False,False,False,2024-2025,Q2
20240724,2024-07-24,2024,3,Q3,7,July,Jul,30,4,24,Wednesday,3,206,False,False,False,False,False,False,False,2024-2025,Q2
20240725,2024-07-25,2024,3,Q3,7,July,Jul,30,4,25,Thursday,4,207,False,False,False,False,False,False,False,2024-2025,Q2
20240726,2024-07-26,2024,3,Q3,7,July,Jul,30,4,26,Friday,5,208,False,False,False,False,False,False,False,2024-2025,Q2
20240727,2024-07-27,2024,3,Q3,7,July,Jul,30,4,27,Saturday,6,209,True,False,False,False,False,False,False,2024-2025,Q2
20240728,2024-07-28,2024,3,Q3,7,July,Jul,30,4,28,Sunday,7,210,True,False,False,False,False,False,False,2024-2025,Q2
20240729,2024-07-29,2024,3,Q3,7,July,Jul,31,5,29,Monday,1,211,False,False,False,False,False,False,False,2024-2025,Q2
20240730,2024-07-30,2024,3,Q3,7,July,Jul,31,5,30,Tuesday,2,212,False,False,False,False,False,False,False,2024-2025,Q2
20240731,2024-07-31,2024,3,Q3,7,July,Jul,31,5,31,Wednesday,3,213,False,False,True,False,False,False,False,2024-2025,Q2
20240801,2024-08-01,2024,3,Q3,8,August,Aug,31,1,1,Thursday,4,214,False,True,False,False,False,False,False,2024-2025,Q2
20240802,2024-08-02,2024,3,Q3,8,August,Aug,31,1,2,Friday,5,215,False,False,False,False,False,False,False,2024-2025,Q2
20240803,2024-08-03,2024,3,Q3,8,August,Aug,31,1,3,Saturday,6,216,True,False,False,False,False,False,False,2024-2025,Q2
20240804,2024-08-04,2024,3,Q3,8,August,Aug,31,1,4,Sunday,7,217,True,False,False,False,False,False,False,2024-2025,Q2
20240805,2024-08-05,2024,3,Q3,8,August,Aug,32,1,5,Monday,1,218,False,False,False,False,False,False,False,2024-2025,Q2
20240806,2024-08-06,2024,3,Q3,8,August,Aug,32,1,6,Tuesday,2,219,False,False,False,False,False,False,False,2024-2025,Q2
20240807,2024-08-07,2024,3,Q3,8,August,Aug,32,1,7,Wednesday,3,220,False,False,False,False,False,False,False,2024-2025,Q2
20240808,2024-08-08,2024,3,Q3,8,August,Aug,32,2,8,Thursday,4,221,False,False,False,False,False,False,False,2024-2025,Q2
20240809,2024-08-09,2024,3,Q3,8,August,Aug,32,2,9,Friday,5,222,False,False,False,False,False,False,False,2024-2025,Q2
20240810,2024-08-10,2024,3,Q3,8,August,Aug,32,2,10,Saturday,6,223,True,False,False,False,False,False,False,2024-2025,Q2
20240811,2024-08-11,2024,3,Q3,8,August,Aug,32,2,11,Sunday,7,224,True,False,False,False,False,False,False,2024-2025,Q2
20240812,2024-08-12,2024,3,Q3,8,August,Aug,33,2,12,Monday,1,225,False,False,False,False,False,False,False,2024-2025,Q2
20240813,2024-08-13,2024,3,Q3,8,August,Aug,33,2,13,Tuesday,2,226,False,False,False,False,False,False,False,2024-2025,Q2
20240814,2024-08-14,2024,3,Q3,8,August,Aug,33,2,14,Wednesday,3,227,False,False,False,False,False,False,False,2024-2025,Q2
20240815,2024-08-15,2024,3,Q3,8,August,Aug,33,3,15,Thursday,4,228,False,False,False,False,False,False,False,2024-2025,Q2
20240816,2024-08-16,2024,3,Q3,8,August,Aug,33,3,16,Friday,5,229,False,False,False,False,False,False,False,2024-2025,Q2
20240817,2024-08-17,2024,3,Q3,8,August,Aug,33,3,17,Saturday,6,230,True,False,False,False,False,False,False,2024-2025,Q2
20240818,2024-08-18,2024,3,Q3,8,August,Aug,33,3,18,Sunday,7,231,True,False,False,False,False,False,False,2024-2025,Q2
20240819,2024-08-19,2024,3,Q3,8,August,Aug,34,3,19,Monday,1,232,False,False,False,False,False,False,False,2024-2025,Q2
20240820,2024-08-20,2024,3,Q3,8,August,Aug,34,3,20,Tuesday,2,233,False,False,False,False,False,False,False,2024-2025,Q2
20240821,2024-08-21,2024,3,Q3,8,August,Aug,34,3,21,Wednesday,3,234,False,False,False,False,False,False,False,2024-2025,Q2
20240822,2024-08-22,2024,3,Q3,8,August,Aug,34,4,22,Thursday,4,235,False,False,False,False,False,False,False,2024-2025,Q2
20240823,2024-08-23,2024,3,Q3,8,August,Aug,34,4,23,Friday,5,236,False,False,False,False,False,False,False,2024-2025,Q2
20240824,2024-08-24,2024,3,Q3,8,August,Aug,34,4,24,Saturday,6,237,True,False,False,False,False,False,False,2024-2025,Q2
20240825,2024-08-25,2024,3,Q3,8,August,Aug,34,4,25,Sunday,7,238,True,False,False,False,False,False,False,2024-2025,Q2
20240826,2024-08-26,2024,3,Q3,8,August,Aug,35,4,26,Monday,1,239,False,False,False,False,False,False,False,2024-2025,Q2
20240827,2024-08-27,2024,3,Q3,8,August,Aug,35,4,27,Tuesday,2,240,False,False,False,False,False,False,False,2024-2025,Q2
20240828,2024-08-28,2024,3,Q3,8,August,Aug,35,4,28,Wednesday,3,241,False,False,False,False,False,False,False,2024-2025,Q2
20240829,2024-08-29,2024,3,Q3,8,August,Aug,35,5,29,Thursday,4,242,False,False,False,False,False,False,False,2024-2025,Q2
20240830,2024-08-30,2024,3,Q3,8,August,Aug,35,5,30,Friday,5,243,False,False,False,False,False,False,False,2024-2025,Q2
20240831,2024-08-31,2024,3,Q3,8,August,Aug,35,5,31,Saturday,6,244,True,False,True,False,False,False,False,2024-2025,Q2
20240901,2024-09-01,2024,3,Q3,9,September,Sep,35,1,1,Sunday,7,245,True,True,False,False,False,False,False,2024-2025,Q2
20240902,2024-09-02,2024,3,Q3,9,September,Sep,36,1,2,Monday,1,246,False,False,False,False,False,False,False,2024-2025,Q2
20240903,2024-09-03,2024,3,Q3,9,September,Sep,36,1,3,Tuesday,2,247,False,False,False,False,False,False,False,2024-2025,Q2
20240904,2024-09-04,2024,3,Q3,9,September,Sep,36,1,4,Wednesday,3,248,False,False,False,False,False,False,False,2024-2025,Q2
20240905,2024-09-05,2024,3,Q3,9,September,Sep,36,1,5,Thursday,4,249,False,False,False,False,False,False,False,2024-2025,Q2
20240906,2024-09-06,2024,3,Q3,9,September,Sep,36,1,6,Friday,5,250,False,False,False,False,False,False,False,2024-2025,Q2
20240907,2024-09-07,2024,3,Q3,9,September,Sep,36,1,7,Saturday,6,251,True,False,False,False,False,False,False,2024-2025,Q2
20240908,2024-09-08,2024,3,Q3,9,September,Sep,36,2,8,Sunday,7,252,True,False,False,False,False,False,False,2024-2025,Q2
20240909,2024-09-09,2024,3,Q3,9,September,Sep,37,2,9,Monday,1,253,False,False,False,False,False,False,False,2024-2025,Q2
20240910,2024-09-10,2024,3,Q3,9,September,Sep,37,2,10,Tuesday,2,254,False,False,False,False,False,False,False,2024-2025,Q2
20240911,2024-09-11,2024,3,Q3,9,September,Sep,37,2,11,Wednesday,3,255,False,False,False,False,False,False,False,2024-2025,Q2
20240912,2024-09-12,2024,3,Q3,9,September,Sep,37,2,12,Thursday,4,256,False,False,False,False,False,False,False,2024-2025,Q2
20240913,2024-09-13,2024,3,Q3,9,September,Sep,37,2,13,Friday,5,257,False,False,False,False,False,False,False,2024-2025,Q2
20240914,2024-09-14,2024,3,Q3,9,September,Sep,37,2,14,Saturday,6,258,True,False,False,False,False,False,False,2024-2025,Q2
20240915,2024-09-15,2024,3,Q3,9,September,Sep,37,3,15,Sunday,7,259,True,False,False,False,False,False,False,2024-2025,Q2
20240916,2024-09-16,2024,3,Q3,9,September,Sep,38,3,16,Monday,1,260,False,False,False,False,False,False,False,2024-2025,Q2
20240917,2024-09-17,2024,3,Q3,9,September,Sep,38,3,17,Tuesday,2,261,False,False,False,False,False,False,False,2024-2025,Q2
20240918,2024-09-18,2024,3,Q3,9,September,Sep,38,3,18,Wednesday,3,262,False,False,False,False,False,False,False,2024-2025,Q2
20240919,2024-09-19,2024,3,Q3,9,September,Sep,38,3,19,Thursday,4,263,False,False,False,False,False,False,False,2024-2025,Q2
20240920,2024-09-20,2024,3,Q3,9,September,Sep,38,3,20,Friday,5,264,False,False,False,False,False,False,False,2024-2025,Q2
20240921,2024-09-21,2024,3,Q3,9,September,Sep,38,3,21,Saturday,6,265,True,False,False,False,False,False,False,2024-2025,Q2
20240922,2024-09-22,2024,3,Q3,9,September,Sep,38,4,22,Sunday,7,266,True,False,False,False,False,False,False,2024-2025,Q2
20240923,2024-09-23,2024,3,Q3,9,September,Sep,39,4,23,Monday,1,267,False,False,False,False,False,False,False,2024-2025,Q2
20240924,2024-09-24,2024,3,Q3,9,September,Sep,39,4,24,Tuesday,2,268,False,False,False,False,False,False,False,2024-2025,Q2
20240925,2024-09-25,2024,3,Q3,9,September,Sep,39,4,25,Wednesday,3,269,False,False,False,False,False,False,False,2024-2025,Q2
20240926,2024-09-26,2024,3,Q3,9,September,Sep,39,4,26,Thursday,4,270,False,False,False,False,False,False,False,2024-2025,Q2
20240927,2024-09-27,2024,3,Q3,9,September,Sep,39,4,27,Friday,5,271,False,False,False,False,False,False,False,2024-2025,Q2
20240928,2024-09-28,2024,3,Q3,9,September,Sep,39,4,28,Saturday,6,272,True,False,False,False,False,False,False,2024-2025,Q2
20240929,2024-09-29,2024,3,Q3,9,September,Sep,39,5,29,Sunday,7,273,True,False,False,False,False,False,False,2024-2025,Q2
20240930,2024-09-30,2024,3,Q3,9,September,Sep,40,5,30,Monday,1,274,False,False,True,False,True,False,False,2024-2025,Q2
20241001,2024-10-01,2024,4,Q4,10,October,Oct,40,1,1,Tuesday,2,275,False,True,False,True,False,False,False,2024-2025,Q3
20241002,2024-10-02,2024,4,Q4,10,October,Oct,40,1,2,Wednesday,3,276,False,False,False,False,False,False,False,2024-2025,Q3
20241003,2024-10-03,2024,4,Q4,10,October,Oct,40,1,3,Thursday,4,277,False,False,False,False,False,False,False,2024-2025,Q3
20241004,2024-10-04,2024,4,Q4,10,October,Oct,40,1,4,Friday,5,278,False,False,False,False,False,False,False,2024-2025,Q3
20241005,2024-10-05,2024,4,Q4,10,October,Oct,40,1,5,Saturday,6,279,True,False,False,False,False,False,False,2024-2025,Q3
20241006,2024-10-06,2024,4,Q4,10,October,Oct,40,1,6,Sunday,7,280,True,False,False,False,False,False,False,2024-2025,Q3
20241007,2024-10-07,2024,4,Q4,10,October,Oct,41,1,7,Monday,1,281,False,False,False,False,False,False,False,2024-2025,Q3
20241008,2024-10-08,2024,4,Q4,10,October,Oct,41,2,8,Tuesday,2,282,False,False,False,False,False,False,False,2024-2025,Q3
20241009,2024-10-09,2024,4,Q4,10,October,Oct,41,2,9,Wednesday,3,283,False,False,False,False,False,False,False,2024-2025,Q3
20241010,2024-10-10,2024,4,Q4,10,October,Oct,41,2,10,Thursday,4,284,False,False,False,False,False,False,False,2024-2025,Q3
20241011,2024-10-11,2024,4,Q4,10,October,Oct,41,2,11,Friday,5,285,False,False,False,False,False,False,False,2024-2025,Q3
20241012,2024-10-12,2024,4,Q4,10,October,Oct,41,2,12,Saturday,6,286,True,False,False,False,False,False,False,2024-2025,Q3
20241013,2024-10-13,2024,4,Q4,10,October,Oct,41,2,13,Sunday,7,287,True,False,False,False,False,False,False,2024-2025,Q3
20241014,2024-10-14,2024,4,Q4,10,October,Oct,42,2,14,Monday,1,288,False,False,False,False,False,False,False,2024-2025,Q3
20241015,2024-10-15,2024,4,Q4,10,October,Oct,42,3,15,Tuesday,2,289,False,False,False,False,False,False,False,2024-2025,Q3
20241016,2024-10-16,2024,4,Q4,10,October,Oct,42,3,16,Wednesday,3,290,False,False,False,False,False,False,False,2024-2025,Q3
20241017,2024-10-17,2024,4,Q4,10,October,Oct,42,3,17,Thursday,4,291,False,False,False,False,False,False,False,2024-2025,Q3
20241018,2024-10-18,2024,4,Q4,10,October,Oct,42,3,18,Friday,5,292,False,False,False,False,False,False,False,2024-2025,Q3
20241019,2024-10-19,2024,4,Q4,10,October,Oct,42,3,19,Saturday,6,293,True,False,False,False,False,False,False,2024-2025,Q3
20241020,2024-10-20,2024,4,Q4,10,October,Oct,42,3,20,Sunday,7,294,True,False,False,False,False,False,False,2024-2025,Q3
20241021,2024-10-21,2024,4,Q4,10,October,Oct,43,3,21,Monday,1,295,False,False,False,False,False,False,False,2024-2025,Q3
20241022,2024-10-22,2024,4,Q4,10,October,Oct,43,4,22,Tuesday,2,296,False,False,False,False,False,False,False,2024-2025,Q3
20241023,2024-10-23,2024,4,Q4,10,October,Oct,43,4,23,Wednesday,3,297,False,False,False,False,False,False,False,2024-2025,Q3
20241024,2024-10-24,2024,4,Q4,10,October,Oct,43,4,24,Thursday,4,298,False,False,False,False,False,False,False,2024-2025,Q3
20241025,2024-10-25,2024,4,Q4,10,October,Oct,43,4,25,Friday,5,299,False,False,False,False,False,False,False,2024-2025,Q3
20241026,2024-10-26,2024,4,Q4,10,October,Oct,43,4,26,Saturday,6,300,True,False,False,False,False,False,False,2024-2025,Q3
20241027,2024-10-27,2024,4,Q4,10,October,Oct,43,4,27,Sunday,7,301,True,False,False,False,False,False,False,2024-2025,Q3
20241028,2024-10-28,2024,4,Q4,10,October,Oct,44,4,28,Monday,1,302,False,False,False,False,False,False,False,2024-2025,Q3
20241029,2024-10-29,2024,4,Q4,10,October,Oct,44,5,29,Tuesday,2,303,False,False,False,False,False,False,False,2024-2025,Q3
20241030,2024-10-30,2024,4,Q4,10,October,Oct,44,5,30,Wednesday,3,304,False,False,False,False,False,False,False,2024-2025,Q3
20241031,2024-10-31,2024,4,Q4,10,October,Oct,44,5,31,Thursday,4,305,False,False,True,False,False,False,False,2024-2025,Q3
20241101,2024-11-01,2024,4,Q4,11,November,Nov,44,1,1,Friday,5,306,False,True,False,False,False,False,False,2024-2025,Q3
20241102,2024-11-02,2024,4,Q4,11,November,Nov,44,1,2,Saturday,6,307,True,False,False,False,False,False,False,2024-2025,Q3
20241103,2024-11-03,2024,4,Q4,11,November,Nov,44,1,3,Sunday,7,308,True,False,False,False,False,False,False,2024-2025,Q3
20241104,2024-11-04,2024,4,Q4,11,November,Nov,45,1,4,Monday,1,309,False,False,False,False,False,False,False,2024-2025,Q3
20241105,2024-11-05,2024,4,Q4,11,November,Nov,45,1,5,Tuesday,2,310,False,False,False,False,False,False,False,2024-2025,Q3
20241106,2024-11-06,2024,4,Q4,11,November,Nov,45,1,6,Wednesday,3,311,False,False,False,False,False,False,False,2024-2025,Q3
20241107,2024-11-07,2024,4,Q4,11,November,Nov,45,1,7,Thursday,4,312,False,False,False,False,False,False,False,2024-2025,Q3
20241108,2024-11-08,2024,4,Q4,11,November,Nov,45,2,8,Friday,5,313,False,False,False,False,False,False,False,2024-2025,Q3
20241109,2024-11-09,2024,4,Q4,11,November,Nov,45,2,9,Saturday,6,314,True,False,False,False,False,False,False,2024-2025,Q3
20241110,2024-11-10,2024,4,Q4,11,November,Nov,45,2,10,Sunday,7,315,True,False,False,False,False,False,False,2024-2025,Q3
20241111,2024-11-11,2024,4,Q4,11,November,Nov,46,2,11,Monday,1,316,False,False,False,False,False,False,False,2024-2025,Q3
20241112,2024-11-12,2024,4,Q4,11,November,Nov,46,2,12,Tuesday,2,317,False,False,False,False,False,False,False,2024-2025,Q3
20241113,2024-11-13,2024,4,Q4,11,November,Nov,46,2,13,Wednesday,3,318,False,False,False,False,False,False,False,2024-2025,Q3
20241114,2024-11-14,2024,4,Q4,11,November,Nov,46,2,14,Thursday,4,319,False,False,False,False,False,False,False,2024-2025,Q3
20241115,2024-11-15,2024,4,Q4,11,November,Nov,46,3,15,Friday,5,320,False,False,False,False,False,False,False,2024-2025,Q3
20241116,2024-11-16,2024,4,Q4,11,November,Nov,46,3,16,Saturday,6,321,True,False,False,False,False,False,False,2024-2025,Q3
20241117,2024-11-17,2024,4,Q4,11,November,Nov,46,3,17,Sunday,7,322,True,False,False,False,False,False,False,2024-2025,Q3
20241118,2024-11-18,2024,4,Q4,11,November,Nov,47,3,18,Monday,1,323,False,False,False,False,False,False,False,2024-2025,Q3
20241119,2024-11-19,2024,4,Q4,11,November,Nov,47,3,19,Tuesday,2,324,False,False,False,False,False,False,False,2024-2025,Q3
20241120,2024-11-20,2024,4,Q4,11,November,Nov,47,3,20,Wednesday,3,325,False,False,False,False,False,False,False,2024-2025,Q3
20241121,2024-11-21,2024,4,Q4,11,November,Nov,47,3,21,Thursday,4,326,False,False,False,False,False,False,False,2024-2025,Q3
20241122,2024-11-22,2024,4,Q4,11,November,Nov,47,4,22,Friday,5,327,False,False,False,False,False,False,False,2024-2025,Q3
20241123,2024-11-23,2024,4,Q4,11,November,Nov,47,4,23,Saturday,6,328,True,False,False,False,False,False,False,2024-2025,Q3
20241124,2024-11-24,2024,4,Q4,11,November,Nov,47,4,24,Sunday,7,329,True,False,False,False,False,False,False,2024-2025,Q3
20241125,2024-11-25,2024,4,Q4,11,November,Nov,48,4,25,Monday,1,330,False,False,False,False,False,False,False,2024-2025,Q3
20241126,2024-11-26,2024,4,Q4,11,November,Nov,48,4,26,Tuesday,2,331,False,False,False,False,False,False,False,2024-2025,Q3
20241127,2024-11-27,2024,4,Q4,11,November,Nov,48,4,27,Wednesday,3,332,False,False,False,False,False,False,False,2024-2025,Q3
20241128,2024-11-28,2024,4,Q4,11,November,Nov,48,4,28,Thursday,4,333,False,False,False,False,False,False,False,2024-2025,Q3
20241129,2024-11-29,2024,4,Q4,11,November,Nov,48,5,29,Friday,5,334,False,False,False,False,False,False,False,2024-2025,Q3
20241130,2024-11-30,2024,4,Q4,11,November,Nov,48,5,30,Saturday,6,335,True,False,True,False,False,False,False,2024-2025,Q3
20241201,2024-12-01,2024,4,Q4,12,December,Dec,48,1,1,Sunday,7,336,True,True,False,False,False,False,False,2024-2025,Q3
20241202,2024-12-02,2024,4,Q4,12,December,Dec,49,1,2,Monday,1,337,False,False,False,False,False,False,False,2024-2025,Q3
20241203,2024-12-03,2024,4,Q4,12,December,Dec,49,1,3,Tuesday,2,338,False,False,False,False,False,False,False,2024-2025,Q3
20241204,2024-12-04,2024,4,Q4,12,December,Dec,49,1,4,Wednesday,3,339,False,False,False,False,False,False,False,2024-2025,Q3
20241205,2024-12-05,2024,4,Q4,12,December,Dec,49,1,5,Thursday,4,340,False,False,False,False,False,False,False,2024-2025,Q3
20241206,2024-12-06,2024,4,Q4,12,December,Dec,49,1,6,Friday,5,341,False,False,False,False,False,False,False,2024-2025,Q3
20241207,2024-12-07,2024,4,Q4,12,December,Dec,49,1,7,Saturday,6,342,True,False,False,False,False,False,False,2024-2025,Q3
20241208,2024-12-08,2024,4,Q4,12,December,Dec,49,2,8,Sunday,7,343,True,False,False,False,False,False,False,2024-2025,Q3
20241209,2024-12-09,2024,4,Q4,12,December,Dec,50,2,9,Monday,1,344,False,False,False,False,False,False,False,2024-2025,Q3
20241210,2024-12-10,2024,4,Q4,12,December,Dec,50,2,10,Tuesday,2,345,False,False,False,False,False,False,False,2024-2025,Q3
20241211,2024-12-11,2024,4,Q4,12,December,Dec,50,2,11,Wednesday,3,346,False,False,False,False,False,False,False,2024-2025,Q3
20241212,2024-12-12,2024,4,Q4,12,December,Dec,50,2,12,Thursday,4,347,False,False,False,False,False,False,False,2024-2025,Q3
20241213,2024-12-13,2024,4,Q4,12,December,Dec,50,2,13,Friday,5,348,False,False,False,False,False,False,False,2024-2025,Q3
20241214,2024-12-14,2024,4,Q4,12,December,Dec,50,2,14,Saturday,6,349,True,False,False,False,False,False,False,2024-2025,Q3
20241215,2024-12-15,2024,4,Q4,12,December,Dec,50,3,15,Sunday,7,350,True,False,False,False,False,False,False,2024-2025,Q3
20241216,2024-12-16,2024,4,Q4,12,December,Dec,51,3,16,Monday,1,351,False,False,False,False,False,False,False,2024-2025,Q3
20241217,2024-12-17,2024,4,Q4,12,December,Dec,51,3,17,Tuesday,2,352,False,False,False,False,False,False,False,2024-2025,Q3
20241218,2024-12-18,2024,4,Q4,12,December,Dec,51,3,18,Wednesday,3,353,False,False,False,False,False,False,False,2024-2025,Q3
20241219,2024-12-19,2024,4,Q4,12,December,Dec,51,3,19,Thursday,4,354,False,False,False,False,False,False,False,2024-2025,Q3
20241220,2024-12-20,2024,4,Q4,12,December,Dec,51,3,20,Friday,5,355,False,False,False,False,False,False,False,2024-2025,Q3
20241221,2024-12-21,2024,4,Q4,12,December,Dec,51,3,21,Saturday,6,356,True,False,False,False,False,False,False,2024-2025,Q3
20241222,2024-12-22,2024,4,Q4,12,December,Dec,51,4,22,Sunday,7,357,True,False,False,False,False,False,False,2024-2025,Q3
20241223,2024-12-23,2024,4,Q4,12,December,Dec,52,4,23,Monday,1,358,False,False,False,False,False,False,False,2024-2025,Q3
20241224,2024-12-24,2024,4,Q4,12,December,Dec,52,4,24,Tuesday,2,359,False,False,False,False,False,False,False,2024-2025,Q3
20241225,2024-12-25,2024,4,Q4,12,December,Dec,52,4,25,Wednesday,3,360,False,False,False,False,False,False,False,2024-2025,Q3
20241226,2024-12-26,2024,4,Q4,12,December,Dec,52,4,26,Thursday,4,361,False,False,False,False,False,False,False,2024-2025,Q3
20241227,2024-12-27,2024,4,Q4,12,December,Dec,52,4,27,Friday,5,362,False,False,False,False,False,False,False,2024-2025,Q3
20241228,2024-12-28,2024,4,Q4,12,December,Dec,52,4,28,Saturday,6,363,True,False,False,False,False,False,False,2024-2025,Q3
20241229,2024-12-29,2024,4,Q4,12,December,Dec,52,5,29,Sunday,7,364,True,False,False,False,False,False,False,2024-2025,Q3
20241230,2024-12-30,2024,4,Q4,12,December,Dec,1,5,30,Monday,1,365,False,False,False,False,False,False,False,2024-2025,Q3
20241231,2024-12-31,2024,4,Q4,12,December,Dec,1,5,31,Tuesday,2,366,False,False,True,False,True,False,True,2024-2025,Q3
20250101,2025-01-01,2025,1,Q1,1,January,Jan,1,1,1,Wednesday,3,1,False,True,False,True,False,True,False,2024-2025,Q4
20250102,2025-01-02,2025,1,Q1,1,January,Jan,1,1,2,Thursday,4,2,False,False,False,False,False,False,False,2024-2025,Q4
20250103,2025-01-03,2025,1,Q1,1,January,Jan,1,1,3,Friday,5,3,False,False,False,False,False,False,False,2024-2025,Q4
20250104,2025-01-04,2025,1,Q1,1,January,Jan,1,1,4,Saturday,6,4,True,False,False,False,False,False,False,2024-2025,Q4
20250105,2025-01-05,2025,1,Q1,1,January,Jan,1,1,5,Sunday,7,5,True,False,False,False,False,False,False,2024-2025,Q4
20250106,2025-01-06,2025,1,Q1,1,January,Jan,2,1,6,Monday,1,6,False,False,False,False,False,False,False,2024-2025,Q4
20250107,2025-01-07,2025,1,Q1,1,January,Jan,2,1,7,Tuesday,2,7,False,False,False,False,False,False,False,2024-2025,Q4
20250108,2025-01-08,2025,1,Q1,1,January,Jan,2,2,8,Wednesday,3,8,False,False,False,False,False,False,False,2024-2025,Q4
20250109,2025-01-09,2025,1,Q1,1,January,Jan,2,2,9,Thursday,4,9,False,False,False,False,False,False,False,2024-2025,Q4
20250110,2025-01-10,2025,1,Q1,1,January,Jan,2,2,10,Friday,5,10,False,False,False,False,False,False,False,2024-2025,Q4
20250111,2025-01-11,2025,1,Q1,1,January,Jan,2,2,11,Saturday,6,11,True,False,False,False,False,False,False,2024-2025,Q4
20250112,2025-01-12,2025,1,Q1,1,January,Jan,2,2,12,Sunday,7,12,True,False,False,False,False,False,False,2024-2025,Q4
20250113,2025-01-13,2025,1,Q1,1,January,Jan,3,2,13,Monday,1,13,False,False,False,False,False,False,False,2024-2025,Q4
20250114,2025-01-14,2025,1,Q1,1,January,Jan,3,2,14,Tuesday,2,14,False,False,False,False,False,False,False,2024-2025,Q4
20250115,2025-01-15,2025,1,Q1,1,January,Jan,3,3,15,Wednesday,3,15,False,False,False,False,False,False,False,2024-2025,Q4
20250116,2025-01-16,2025,1,Q1,1,January,Jan,3,3,16,Thursday,4,16,False,False,False,False,False,False,False,2024-2025,Q4
20250117,2025-01-17,2025,1,Q1,1,January,Jan,3,3,17,Friday,5,17,False,False,False,False,False,False,False,2024-2025,Q4
20250118,2025-01-18,2025,1,Q1,1,January,Jan,3,3,18,Saturday,6,18,True,False,False,False,False,False,False,2024-2025,Q4
20250119,2025-01-19,2025,1,Q1,1,January,Jan,3,3,19,Sunday,7,19,True,False,False,False,False,False,False,2024-2025,Q4
20250120,2025-01-20,2025,1,Q1,1,January,Jan,4,3,20,Monday,1,20,False,False,False,False,False,False,False,2024-2025,Q4
20250121,2025-01-21,2025,1,Q1,1,January,Jan,4,3,21,Tuesday,2,21,False,False,False,False,False,False,False,2024-2025,Q4
20250122,2025-01-22,2025,1,Q1,1,January,Jan,4,4,22,Wednesday,3,22,False,False,False,False,False,False,False,2024-2025,Q4
20250123,2025-01-23,2025,1,Q1,1,January,Jan,4,4,23,Thursday,4,23,False,False,False,False,False,False,False,2024-2025,Q4
20250124,2025-01-24,2025,1,Q1,1,January,Jan,4,4,24,Friday,5,24,False,False,False,False,False,False,False,2024-2025,Q4
20250125,2025-01-25,2025,1,Q1,1,January,Jan,4,4,25,Saturday,6,25,True,False,False,False,False,False,False,2024-2025,Q4
20250126,2025-01-26,2025,1,Q1,1,January,Jan,4,4,26,Sunday,7,26,True,False,False,False,False,False,False,2024-2025,Q4
20250127,2025-01-27,2025,1,Q1,1,January,Jan,5,4,27,Monday,1,27,False,False,False,False,False,False,False,2024-2025,Q4
20250128,2025-01-28,2025,1,Q1,1,January,Jan,5,4,28,Tuesday,2,28,False,False,False,False,False,False,False,2024-2025,Q4
20250129,2025-01-29,2025,1,Q1,1,January,Jan,5,5,29,Wednesday,3,29,False,False,False,False,False,False,False,2024-2025,Q4
20250130,2025-01-30,2025,1,Q1,1,January,Jan,5,5,30,Thursday,4,30,False,False,False,False,False,False,False,2024-2025,Q4
20250131,2025-01-31,2025,1,Q1,1,January,Jan,5,5,31,Friday,5,31,False,False,True,False,False,False,False,2024-2025,Q4
20250201,2025-02-01,2025,1,Q1,2,February,Feb,5,1,1,Saturday,6,32,True,True,False,False,False,False,False,2024-2025,Q4
20250202,2025-02-02,2025,1,Q1,2,February,Feb,5,1,2,Sunday,7,33,True,False,False,False,False,False,False,2024-2025,Q4
20250203,2025-02-03,2025,1,Q1,2,February,Feb,6,1,3,Monday,1,34,False,False,False,False,False,False,False,2024-2025,Q4
20250204,2025-02-04,2025,1,Q1,2,February,Feb,6,1,4,Tuesday,2,35,False,False,False,False,False,False,False,2024-2025,Q4
20250205,2025-02-05,2025,1,Q1,2,February,Feb,6,1,5,Wednesday,3,36,False,False,False,False,False,False,False,2024-2025,Q4
20250206,2025-02-06,2025,1,Q1,2,February,Feb,6,1,6,Thursday,4,37,False,False,False,False,False,False,False,2024-2025,Q4
20250207,2025-02-07,2025,1,Q1,2,February,Feb,6,1,7,Friday,5,38,False,False,False,False,False,False,False,2024-2025,Q4
20250208,2025-02-08,2025,1,Q1,2,February,Feb,6,2,8,Saturday,6,39,True,False,False,False,False,False,False,2024-2025,Q4
20250209,2025-02-09,2025,1,Q1,2,February,Feb,6,2,9,Sunday,7,40,True,False,False,False,False,False,False,2024-2025,Q4
20250210,2025-02-10,2025,1,Q1,2,February,Feb,7,2,10,Monday,1,41,False,False,False,False,False,False,False,2024-2025,Q4
20250211,2025-02-11,2025,1,Q1,2,February,Feb,7,2,11,Tuesday,2,42,False,False,False,False,False,False,False,2024-2025,Q4
20250212,2025-02-12,2025,1,Q1,2,February,Feb,7,2,12,Wednesday,3,43,False,False,False,False,False,False,False,2024-2025,Q4
20250213,2025-02-13,2025,1,Q1,2,February,Feb,7,2,13,Thursday,4,44,False,False,False,False,False,False,False,2024-2025,Q4
20250214,2025-02-14,2025,1,Q1,2,February,Feb,7,2,14,Friday,5,45,False,False,False,False,False,False,False,2024-2025,Q4
20250215,2025-02-15,2025,1,Q1,2,February,Feb,7,3,15,Saturday,6,46,True,False,False,False,False,False,False,2024-2025,Q4
20250216,2025-02-16,2025,1,Q1,2,February,Feb,7,3,16,Sunday,7,47,True,False,False,False,False,False,False,2024-2025,Q4
20250217,2025-02-17,2025,1,Q1,2,February,Feb,8,3,17,Monday,1,48,False,False,False,False,False,False,False,2024-2025,Q4
20250218,2025-02-18,2025,1,Q1,2,February,Feb,8,3,18,Tuesday,2,49,False,False,False,False,False,False,False,2024-2025,Q4
20250219,2025-02-19,2025,1,Q1,2,February,Feb,8,3,19,Wednesday,3,50,False,False,False,False,False,False,False,2024-2025,Q4
20250220,2025-02-20,2025,1,Q1,2,February,Feb,8,3,20,Thursday,4,51,False,False,False,False,False,False,False,2024-2025,Q4
20250221,2025-02-21,2025,1,Q1,2,February,Feb,8,3,21,Friday,5,52,False,False,False,False,False,False,False,2024-2025,Q4
20250222,2025-02-22,2025,1,Q1,2,February,Feb,8,4,22,Saturday,6,53,True,False,False,False,False,False,False,2024-2025,Q4
20250223,2025-02-23,2025,1,Q1,2,February,Feb,8,4,23,Sunday,7,54,True,False,False,False,False,False,False,2024-2025,Q4
20250224,2025-02-24,2025,1,Q1,2,February,Feb,9,4,24,Monday,1,55,False,False,False,False,False,False,False,2024-2025,Q4
20250225,2025-02-25,2025,1,Q1,2,February,Feb,9,4,25,Tuesday,2,56,False,False,False,False,False,False,False,2024-2025,Q4
20250226,2025-02-26,2025,1,Q1,2,February,Feb,9,4,26,Wednesday,3,57,False,False,False,False,False,False,False,2024-2025,Q4
20250227,2025-02-27,2025,1,Q1,2,February,Feb,9,4,27,Thursday,4,58,False,False,False,False,False,False,False,2024-2025,Q4
20250228,2025-02-28,2025,1,Q1,2,February,Feb,9,4,28,Friday,5,59,False,False,True,False,False,False,False,2024-2025,Q4
20250301,2025-03-01,2025,1,Q1,3,March,Mar,9,1,1,Saturday,6,60,True,True,False,False,False,False,False,2024-2025,Q4
20250302,2025-03-02,2025,1,Q1,3,March,Mar,9,1,2,Sunday,7,61,True,False,False,False,False,False,False,2024-2025,Q4
20250303,2025-03-03,2025,1,Q1,3,March,Mar,10,1,3,Monday,1,62,False,False,False,False,False,False,False,2024-2025,Q4
20250304,2025-03-04,2025,1,Q1,3,March,Mar,10,1,4,Tuesday,2,63,False,False,False,False,False,False,False,2024-2025,Q4
20250305,2025-03-05,2025,1,Q1,3,March,Mar,10,1,5,Wednesday,3,64,False,False,False,False,False,False,False,2024-2025,Q4
20250306,2025-03-06,2025,1,Q1,3,March,Mar,10,1,6,Thursday,4,65,False,False,False,False,False,False,False,2024-2025,Q4
20250307,2025-03-07,2025,1,Q1,3,March,Mar,10,1,7,Friday,5,66,False,False,False,False,False,False,False,2024-2025,Q4
20250308,2025-03-08,2025,1,Q1,3,March,Mar,10,2,8,Saturday,6,67,True,False,False,False,False,False,False,2024-2025,Q4
20250309,2025-03-09,2025,1,Q1,3,March,Mar,10,2,9,Sunday,7,68,True,False,False,False,False,False,False,2024-2025,Q4
20250310,2025-03-10,2025,1,Q1,3,March,Mar,11,2,10,Monday,1,69,False,False,False,False,False,False,False,2024-2025,Q4
20250311,2025-03-11,2025,1,Q1,3,March,Mar,11,2,11,Tuesday,2,70,False,False,False,False,False,False,False,2024-2025,Q4
20250312,2025-03-12,2025,1,Q1,3,March,Mar,11,2,12,Wednesday,3,71,False,False,False,False,False,False,False,2024-2025,Q4
20250313,2025-03-13,2025,1,Q1,3,March,Mar,11,2,13,Thursday,4,72,False,False,False,False,False,False,False,2024-2025,Q4
20250314,2025-03-14,2025,1,Q1,3,March,Mar,11,2,14,Friday,5,73,False,False,False,False,False,False,False,2024-2025,Q4
20250315,2025-03-15,2025,1,Q1,3,March,Mar,11,3,15,Saturday,6,74,True,False,False,False,False,False,False,2024-2025,Q4
20250316,2025-03-16,2025,1,Q1,3,March,Mar,11,3,16,Sunday,7,75,True,False,False,False,False,False,False,2024-2025,Q4
20250317,2025-03-17,2025,1,Q1,3,March,Mar,12,3,17,Monday,1,76,False,False,False,False,False,False,False,2024-2025,Q4
20250318,2025-03-18,2025,1,Q1,3,March,Mar,12,3,18,Tuesday,2,77,False,False,False,False,False,False,False,2024-2025,Q4
20250319,2025-03-19,2025,1,Q1,3,March,Mar,12,3,19,Wednesday,3,78,False,False,False,False,False,False,False,2024-2025,Q4
20250320,2025-03-20,2025,1,Q1,3,March,Mar,12,3,20,Thursday,4,79,False,False,False,False,False,False,False,2024-2025,Q4
20250321,2025-03-21,2025,1,Q1,3,March,Mar,12,3,21,Friday,5,80,False,False,False,False,False,False,False,2024-2025,Q4
20250322,2025-03-22,2025,1,Q1,3,March,Mar,12,4,22,Saturday,6,81,True,False,False,False,False,False,False,2024-2025,Q4
20250323,2025-03-23,2025,1,Q1,3,March,Mar,12,4,23,Sunday,7,82,True,False,False,False,False,False,False,2024-2025,Q4
20250324,2025-03-24,2025,1,Q1,3,March,Mar,13,4,24,Monday,1,83,False,False,False,False,False,False,False,2024-2025,Q4
20250325,2025-03-25,2025,1,Q1,3,March,Mar,13,4,25,Tuesday,2,84,False,False,False,False,False,False,False,2024-2025,Q4
20250326,2025-03-26,2025,1,Q1,3,March,Mar,13,4,26,Wednesday,3,85,False,False,False,False,False,False,False,2024-2025,Q4
20250327,2025-03-27,2025,1,Q1,3,March,Mar,13,4,27,Thursday,4,86,False,False,False,False,False,False,False,2024-2025,Q4
20250328,2025-03-28,2025,1,Q1,3,March,Mar,13,4,28,Friday,5,87,False,False,False,False,False,False,False,2024-2025,Q4
20250329,2025-03-29,2025,1,Q1,3,March,Mar,13,5,29,Saturday,6,88,True,False,False,False,False,False,False,2024-2025,Q4
20250330,2025-03-30,2025,1,Q1,3,March,Mar,13,5,30,Sunday,7,89,True,False,False,False,False,False,False,2024-2025,Q4
20250331,2025-03-31,2025,1,Q1,3,March,Mar,14,5,31,Monday,1,90,False,False,True,False,True,False,False,2024-2025,Q4
20250401,2025-04-01,2025,2,Q2,4,April,Apr,14,1,1,Tuesday,2,91,False,True,False,True,False,False,False,2025-2026,Q1
20250402,2025-04-02,2025,2,Q2,4,April,Apr,14,1,2,Wednesday,3,92,False,False,False,False,False,False,False,2025-2026,Q1
20250403,2025-04-03,2025,2,Q2,4,April,Apr,14,1,3,Thursday,4,93,False,False,False,False,False,False,False,2025-2026,Q1
20250404,2025-04-04,2025,2,Q2,4,April,Apr,14,1,4,Friday,5,94,False,False,False,False,False,False,False,2025-2026,Q1
20250405,2025-04-05,2025,2,Q2,4,April,Apr,14,1,5,Saturday,6,95,True,False,False,False,False,False,False,2025-2026,Q1
20250406,2025-04-06,2025,2,Q2,4,April,Apr,14,1,6,Sunday,7,96,True,False,False,False,False,False,False,2025-2026,Q1
20250407,2025-04-07,2025,2,Q2,4,April,Apr,15,1,7,Monday,1,97,False,False,False,False,False,False,False,2025-2026,Q1
20250408,2025-04-08,2025,2,Q2,4,April,Apr,15,2,8,Tuesday,2,98,False,False,False,False,False,False,False,2025-2026,Q1
20250409,2025-04-09,2025,2,Q2,4,April,Apr,15,2,9,Wednesday,3,99,False,False,False,False,False,False,False,2025-2026,Q1
20250410,2025-04-10,2025,2,Q2,4,April,Apr,15,2,10,Thursday,4,100,False,False,False,False,False,False,False,2025-2026,Q1
20250411,2025-04-11,2025,2,Q2,4,April,Apr,15,2,11,Friday,5,101,False,False,False,False,False,False,False,2025-2026,Q1
20250412,2025-04-12,2025,2,Q2,4,April,Apr,15,2,12,Saturday,6,102,True,False,False,False,False,False,False,2025-2026,Q1
20250413,2025-04-13,2025,2,Q2,4,April,Apr,15,2,13,Sunday,7,103,True,False,False,False,False,False,False,2025-2026,Q1
20250414,2025-04-14,2025,2,Q2,4,April,Apr,16,2,14,Monday,1,104,False,False,False,False,False,False,False,2025-2026,Q1
20250415,2025-04-15,2025,2,Q2,4,April,Apr,16,3,15,Tuesday,2,105,False,False,False,False,False,False,False,2025-2026,Q1
20250416,2025-04-16,2025,2,Q2,4,April,Apr,16,3,16,Wednesday,3,106,False,False,False,False,False,False,False,2025-2026,Q1
20250417,2025-04-17,2025,2,Q2,4,April,Apr,16,3,17,Thursday,4,107,False,False,False,False,False,False,False,2025-2026,Q1
20250418,2025-04-18,2025,2,Q2,4,April,Apr,16,3,18,Friday,5,108,False,False,False,False,False,False,False,2025-2026,Q1
20250419,2025-04-19,2025,2,Q2,4,April,Apr,16,3,19,Saturday,6,109,True,False,False,False,False,False,False,2025-2026,Q1
20250420,2025-04-20,2025,2,Q2,4,April,Apr,16,3,20,Sunday,7,110,True,False,False,False,False,False,False,2025-2026,Q1
20250421,2025-04-21,2025,2,Q2,4,April,Apr,17,3,21,Monday,1,111,False,False,False,False,False,False,False,2025-2026,Q1
20250422,2025-04-22,2025,2,Q2,4,April,Apr,17,4,22,Tuesday,2,112,False,False,False,False,False,False,False,2025-2026,Q1
20250423,2025-04-23,2025,2,Q2,4,April,Apr,17,4,23,Wednesday,3,113,False,False,False,False,False,False,False,2025-2026,Q1
20250424,2025-04-24,2025,2,Q2,4,April,Apr,17,4,24,Thursday,4,114,False,False,False,False,False,False,False,2025-2026,Q1
20250425,2025-04-25,2025,2,Q2,4,April,Apr,17,4,25,Friday,5,115,False,False,False,False,False,False,False,2025-2026,Q1
20250426,2025-04-26,2025,2,Q2,4,April,Apr,17,4,26,Saturday,6,116,True,False,False,False,False,False,False,2025-2026,Q1
20250427,2025-04-27,2025,2,Q2,4,April,Apr,17,4,27,Sunday,7,117,True,False,False,False,False,False,False,2025-2026,Q1
20250428,2025-04-28,2025,2,Q2,4,April,Apr,18,4,28,Monday,1,118,False,False,False,False,False,False,False,2025-2026,Q1
20250429,2025-04-29,2025,2,Q2,4,April,Apr,18,5,29,Tuesday,2,119,False,False,False,False,False,False,False,2025-2026,Q1
20250430,2025-04-30,2025,2,Q2,4,April,Apr,18,5,30,Wednesday,3,120,False,False,True,False,False,False,False,2025-2026,Q1
20250501,2025-05-01,2025,2,Q2,5,May,May,18,1,1,Thursday,4,121,False,True,False,False,False,False,False,2025-2026,Q1
20250502,2025-05-02,2025,2,Q2,5,May,May,18,1,2,Friday,5,122,False,False,False,False,False,False,False,2025-2026,Q1
20250503,2025-05-03,2025,2,Q2,5,May,May,18,1,3,Saturday,6,123,True,False,False,False,False,False,False,2025-2026,Q1
20250504,2025-05-04,2025,2,Q2,5,May,May,18,1,4,Sunday,7,124,True,False,False,False,False,False,False,2025-2026,Q1
20250505,2025-05-05,2025,2,Q2,5,May,May,19,1,5,Monday,1,125,False,False,False,False,False,False,False,2025-2026,Q1
20250506,2025-05-06,2025,2,Q2,5,May,May,19,1,6,Tuesday,2,126,False,False,False,False,False,False,False,2025-2026,Q1
20250507,2025-05-07,2025,2,Q2,5,May,May,19,1,7,Wednesday,3,127,False,False,False,False,False,False,False,2025-2026,Q1
20250508,2025-05-08,2025,2,Q2,5,May,May,19,2,8,Thursday,4,128,False,False,False,False,False,False,False,2025-2026,Q1
20250509,2025-05-09,2025,2,Q2,5,May,May,19,2,9,Friday,5,129,False,False,False,False,False,False,False,2025-2026,Q1
20250510,2025-05-10,2025,2,Q2,5,May,May,19,2,10,Saturday,6,130,True,False,False,False,False,False,False,2025-2026,Q1
20250511,2025-05-11,2025,2,Q2,5,May,May,19,2,11,Sunday,7,131,True,False,False,False,False,False,False,2025-2026,Q1
20250512,2025-05-12,2025,2,Q2,5,May,May,20,2,12,Monday,1,132,False,False,False,False,False,False,False,2025-2026,Q1
20250513,2025-05-13,2025,2,Q2,5,May,May,20,2,13,Tuesday,2,133,False,False,False,False,False,False,False,2025-2026,Q1
20250514,2025-05-14,2025,2,Q2,5,May,May,20,2,14,Wednesday,3,134,False,False,False,False,False,False,False,2025-2026,Q1
20250515,2025-05-15,2025,2,Q2,5,May,May,20,3,15,Thursday,4,135,False,False,False,False,False,False,False,2025-2026,Q1
20250516,2025-05-16,2025,2,Q2,5,May,May,20,3,16,Friday,5,136,False,False,False,False,False,False,False,2025-2026,Q1
20250517,2025-05-17,2025,2,Q2,5,May,May,20,3,17,Saturday,6,137,True,False,False,False,False,False,False,2025-2026,Q1
20250518,2025-05-18,2025,2,Q2,5,May,May,20,3,18,Sunday,7,138,True,False,False,False,False,False,False,2025-2026,Q1
20250519,2025-05-19,2025,2,Q2,5,May,May,21,3,19,Monday,1,139,False,False,False,False,False,False,False,2025-2026,Q1
20250520,2025-05-20,2025,2,Q2,5,May,May,21,3,20,Tuesday,2,140,False,False,False,False,False,False,False,2025-2026,Q1
20250521,2025-05-21,2025,2,Q2,5,May,May,21,3,21,Wednesday,3,141,False,False,False,False,False,False,False,2025-2026,Q1
20250522,2025-05-22,2025,2,Q2,5,May,May,21,4,22,Thursday,4,142,False,False,False,False,False,False,False,2025-2026,Q1
20250523,2025-05-23,2025,2,Q2,5,May,May,21,4,23,Friday,5,143,False,False,False,False,False,False,False,2025-2026,Q1
20250524,2025-05-24,2025,2,Q2,5,May,May,21,4,24,Saturday,6,144,True,False,False,False,False,False,False,2025-2026,Q1
20250525,2025-05-25,2025,2,Q2,5,May,May,21,4,25,Sunday,7,145,True,False,False,False,False,False,False,2025-2026,Q1
20250526,2025-05-26,2025,2,Q2,5,May,May,22,4,26,Monday,1,146,False,False,False,False,False,False,False,2025-2026,Q1
20250527,2025-05-27,2025,2,Q2,5,May,May,22,4,27,Tuesday,2,147,False,False,False,False,False,False,False,2025-2026,Q1
20250528,2025-05-28,2025,2,Q2,5,May,May,22,4,28,Wednesday,3,148,False,False,False,False,False,False,False,2025-2026,Q1
20250529,2025-05-29,2025,2,Q2,5,May,May,22,5,29,Thursday,4,149,False,False,False,False,False,False,False,2025-2026,Q1
20250530,2025-05-30,2025,2,Q2,5,May,May,22,5,30,Friday,5,150,False,False,False,False,False,False,False,2025-2026,Q1
20250531,2025-05-31,2025,2,Q2,5,May,May,22,5,31,Saturday,6,151,True,False,True,False,False,False,False,2025-2026,Q1
20250601,2025-06-01,2025,2,Q2,6,June,Jun,22,1,1,Sunday,7,152,True,True,False,False,False,False,False,2025-2026,Q1
20250602,2025-06-02,2025,2,Q2,6,June,Jun,23,1,2,Monday,1,153,False,False,False,False,False,False,False,2025-2026,Q1
20250603,2025-06-03,2025,2,Q2,6,June,Jun,23,1,3,Tuesday,2,154,False,False,False,False,False,False,False,2025-2026,Q1
20250604,2025-06-04,2025,2,Q2,6,June,Jun,23,1,4,Wednesday,3,155,False,False,False,False,False,False,False,2025-2026,Q1
20250605,2025-06-05,2025,2,Q2,6,June,Jun,23,1,5,Thursday,4,156,False,False,False,False,False,False,False,2025-2026,Q1
20250606,2025-06-06,2025,2,Q2,6,June,Jun,23,1,6,Friday,5,157,False,False,False,False,False,False,False,2025-2026,Q1
20250607,2025-06-07,2025,2,Q2,6,June,Jun,23,1,7,Saturday,6,158,True,False,False,False,False,False,False,2025-2026,Q1
20250608,2025-06-08,2025,2,Q2,6,June,Jun,23,2,8,Sunday,7,159,True,False,False,False,False,False,False,2025-2026,Q1
20250609,2025-06-09,2025,2,Q2,6,June,Jun,24,2,9,Monday,1,160,False,False,False,False,False,False,False,2025-2026,Q1
20250610,2025-06-10,2025,2,Q2,6,June,Jun,24,2,10,Tuesday,2,161,False,False,False,False,False,False,False,2025-2026,Q1
20250611,2025-06-11,2025,2,Q2,6,June,Jun,24,2,11,Wednesday,3,162,False,False,False,False,False,False,False,2025-2026,Q1
20250612,2025-06-12,2025,2,Q2,6,June,Jun,24,2,12,Thursday,4,163,False,False,False,False,False,False,False,2025-2026,Q1
20250613,2025-06-13,2025,2,Q2,6,June,Jun,24,2,13,Friday,5,164,False,False,False,False,False,False,False,2025-2026,Q1
20250614,2025-06-14,2025,2,Q2,6,June,Jun,24,2,14,Saturday,6,165,True,False,False,False,False,False,False,2025-2026,Q1
20250615,2025-06-15,2025,2,Q2,6,June,Jun,24,3,15,Sunday,7,166,True,False,False,False,False,False,False,2025-2026,Q1
20250616,2025-06-16,2025,2,Q2,6,June,Jun,25,3,16,Monday,1,167,False,False,False,False,False,False,False,2025-2026,Q1
20250617,2025-06-17,2025,2,Q2,6,June,Jun,25,3,17,Tuesday,2,168,False,False,False,False,False,False,False,2025-2026,Q1
20250618,2025-06-18,2025,2,Q2,6,June,Jun,25,3,18,Wednesday,3,169,False,False,False,False,False,False,False,2025-2026,Q1
20250619,2025-06-19,2025,2,Q2,6,June,Jun,25,3,19,Thursday,4,170,False,False,False,False,False,False,False,2025-2026,Q1
20250620,2025-06-20,2025,2,Q2,6,June,Jun,25,3,20,Friday,5,171,False,False,False,False,False,False,False,2025-2026,Q1
20250621,2025-06-21,2025,2,Q2,6,June,Jun,25,3,21,Saturday,6,172,True,False,False,False,False,False,False,2025-2026,Q1
20250622,2025-06-22,2025,2,Q2,6,June,Jun,25,4,22,Sunday,7,173,True,False,False,False,False,False,False,2025-2026,Q1
20250623,2025-06-23,2025,2,Q2,6,June,Jun,26,4,23,Monday,1,174,False,False,False,False,False,False,False,2025-2026,Q1
20250624,2025-06-24,2025,2,Q2,6,June,Jun,26,4,24,Tuesday,2,175,False,False,False,False,False,False,False,2025-2026,Q1
20250625,2025-06-25,2025,2,Q2,6,June,Jun,26,4,25,Wednesday,3,176,False,False,False,False,False,False,False,2025-2026,Q1
20250626,2025-06-26,2025,2,Q2,6,June,Jun,26,4,26,Thursday,4,177,False,False,False,False,False,False,False,2025-2026,Q1
20250627,2025-06-27,2025,2,Q2,6,June,Jun,26,4,27,Friday,5,178,False,False,False,False,False,False,False,2025-2026,Q1
20250628,2025-06-28,2025,2,Q2,6,June,Jun,26,4,28,Saturday,6,179,True,False,False,False,False,False,False,2025-2026,Q1
20250629,2025-06-29,2025,2,Q2,6,June,Jun,26,5,29,Sunday,7,180,True,False,False,False,False,False,False,2025-2026,Q1
20250630,2025-06-30,2025,2,Q2,6,June,Jun,27,5,30,Monday,1,181,False,False,True,False,True,False,False,2025-2026,Q1
20250701,2025-07-01,2025,3,Q3,7,July,Jul,27,1,1,Tuesday,2,182,False,True,False,True,False,False,False,2025-2026,Q2
20250702,2025-07-02,2025,3,Q3,7,July,Jul,27,1,2,Wednesday,3,183,False,False,False,False,False,False,False,2025-2026,Q2
20250703,2025-07-03,2025,3,Q3,7,July,Jul,27,1,3,Thursday,4,184,False,False,False,False,False,False,False,2025-2026,Q2
20250704,2025-07-04,2025,3,Q3,7,July,Jul,27,1,4,Friday,5,185,False,False,False,False,False,False,False,2025-2026,Q2
20250705,2025-07-05,2025,3,Q3,7,July,Jul,27,1,5,Saturday,6,186,True,False,False,False,False,False,False,2025-2026,Q2
20250706,2025-07-06,2025,3,Q3,7,July,Jul,27,1,6,Sunday,7,187,True,False,False,False,False,False,False,2025-2026,Q2
20250707,2025-07-07,2025,3,Q3,7,July,Jul,28,1,7,Monday,1,188,False,False,False,False,False,False,False,2025-2026,Q2
20250708,2025-07-08,2025,3,Q3,7,July,Jul,28,2,8,Tuesday,2,189,False,False,False,False,False,False,False,2025-2026,Q2
20250709,2025-07-09,2025,3,Q3,7,July,Jul,28,2,9,Wednesday,3,190,False,False,False,False,False,False,False,2025-2026,Q2
20250710,2025-07-10,2025,3,Q3,7,July,Jul,28,2,10,Thursday,4,191,False,False,False,False,False,False,False,2025-2026,Q2
20250711,2025-07-11,2025,3,Q3,7,July,Jul,28,2,11,Friday,5,192,False,False,False,False,False,False,False,2025-2026,Q2
20250712,2025-07-12,2025,3,Q3,7,July,Jul,28,2,12,Saturday,6,193,True,False,False,False,False,False,False,2025-2026,Q2
20250713,2025-07-13,2025,3,Q3,7,July,Jul,28,2,13,Sunday,7,194,True,False,False,False,False,False,False,2025-2026,Q2
20250714,2025-07-14,2025,3,Q3,7,July,Jul,29,2,14,Monday,1,195,False,False,False,False,False,False,False,2025-2026,Q2
20250715,2025-07-15,2025,3,Q3,7,July,Jul,29,3,15,Tuesday,2,196,False,False,False,False,False,False,False,2025-2026,Q2
20250716,2025-07-16,2025,3,Q3,7,July,Jul,29,3,16,Wednesday,3,197,False,False,False,False,False,False,False,2025-2026,Q2
20250717,2025-07-17,2025,3,Q3,7,July,Jul,29,3,17,Thursday,4,198,False,False,False,False,False,False,False,2025-2026,Q2
20250718,2025-07-18,2025,3,Q3,7,July,Jul,29,3,18,Friday,5,199,False,False,False,False,False,False,False,2025-2026,Q2
20250719,2025-07-19,2025,3,Q3,7,July,Jul,29,3,19,Saturday,6,200,True,False,False,False,False,False,False,2025-2026,Q2
20250720,2025-07-20,2025,3,Q3,7,July,Jul,29,3,20,Sunday,7,201,True,False,False,False,False,False,False,2025-2026,Q2
20250721,2025-07-21,2025,3,Q3,7,July,Jul,30,3,21,Monday,1,202,False,False,False,False,False,False,False,2025-2026,Q2
20250722,2025-07-22,2025,3,Q3,7,July,Jul,30,4,22,Tuesday,2,203,False,False,False,False,False,False,False,2025-2026,Q2
20250723,2025-07-23,2025,3,Q3,7,July,Jul,30,4,23,Wednesday,3,204,False,False,False,False,False,False,False,2025-2026,Q2
20250724,2025-07-24,2025,3,Q3,7,July,Jul,30,4,24,Thursday,4,205,False,False,False,False,False,False,False,2025-2026,Q2
20250725,2025-07-25,2025,3,Q3,7,July,Jul,30,4,25,Friday,5,206,False,False,False,False,False,False,False,2025-2026,Q2
20250726,2025-07-26,2025,3,Q3,7,July,Jul,30,4,26,Saturday,6,207,True,False,False,False,False,False,False,2025-2026,Q2
20250727,2025-07-27,2025,3,Q3,7,July,Jul,30,4,27,Sunday,7,208,True,False,False,False,False,False,False,2025-2026,Q2
20250728,2025-07-28,2025,3,Q3,7,July,Jul,31,4,28,Monday,1,209,False,False,False,False,False,False,False,2025-2026,Q2
20250729,2025-07-29,2025,3,Q3,7,July,Jul,31,5,29,Tuesday,2,210,False,False,False,False,False,False,False,2025-2026,Q2
20250730,2025-07-30,2025,3,Q3,7,July,Jul,31,5,30,Wednesday,3,211,False,False,False,False,False,False,False,2025-2026,Q2
20250731,2025-07-31,2025,3,Q3,7,July,Jul,31,5,31,Thursday,4,212,False,False,True,False,False,False,False,2025-2026,Q2
20250801,2025-08-01,2025,3,Q3,8,August,Aug,31,1,1,Friday,5,213,False,True,False,False,False,False,False,2025-2026,Q2
20250802,2025-08-02,2025,3,Q3,8,August,Aug,31,1,2,Saturday,6,214,True,False,False,False,False,False,False,2025-2026,Q2
20250803,2025-08-03,2025,3,Q3,8,August,Aug,31,1,3,Sunday,7,215,True,False,False,False,False,False,False,2025-2026,Q2
20250804,2025-08-04,2025,3,Q3,8,August,Aug,32,1,4,Monday,1,216,False,False,False,False,False,False,False,2025-2026,Q2
20250805,2025-08-05,2025,3,Q3,8,August,Aug,32,1,5,Tuesday,2,217,False,False,False,False,False,False,False,2025-2026,Q2
20250806,2025-08-06,2025,3,Q3,8,August,Aug,32,1,6,Wednesday,3,218,False,False,False,False,False,False,False,2025-2026,Q2
20250807,2025-08-07,2025,3,Q3,8,August,Aug,32,1,7,Thursday,4,219,False,False,False,False,False,False,False,2025-2026,Q2
20250808,2025-08-08,2025,3,Q3,8,August,Aug,32,2,8,Friday,5,220,False,False,False,False,False,False,False,2025-2026,Q2
20250809,2025-08-09,2025,3,Q3,8,August,Aug,32,2,9,Saturday,6,221,True,False,False,False,False,False,False,2025-2026,Q2
20250810,2025-08-10,2025,3,Q3,8,August,Aug,32,2,10,Sunday,7,222,True,False,False,False,False,False,False,2025-2026,Q2
20250811,2025-08-11,2025,3,Q3,8,August,Aug,33,2,11,Monday,1,223,False,False,False,False,False,False,False,2025-2026,Q2
20250812,2025-08-12,2025,3,Q3,8,August,Aug,33,2,12,Tuesday,2,224,False,False,False,False,False,False,False,2025-2026,Q2
20250813,2025-08-13,2025,3,Q3,8,August,Aug,33,2,13,Wednesday,3,225,False,False,False,False,False,False,False,2025-2026,Q2
20250814,2025-08-14,2025,3,Q3,8,August,Aug,33,2,14,Thursday,4,226,False,False,False,False,False,False,False,2025-2026,Q2
20250815,2025-08-15,2025,3,Q3,8,August,Aug,33,3,15,Friday,5,227,False,False,False,False,False,False,False,2025-2026,Q2
20250816,2025-08-16,2025,3,Q3,8,August,Aug,33,3,16,Saturday,6,228,True,False,False,False,False,False,False,2025-2026,Q2
20250817,2025-08-17,2025,3,Q3,8,August,Aug,33,3,17,Sunday,7,229,True,False,False,False,False,False,False,2025-2026,Q2
20250818,2025-08-18,2025,3,Q3,8,August,Aug,34,3,18,Monday,1,230,False,False,False,False,False,False,False,2025-2026,Q2
20250819,2025-08-19,2025,3,Q3,8,August,Aug,34,3,19,Tuesday,2,231,False,False,False,False,False,False,False,2025-2026,Q2
20250820,2025-08-20,2025,3,Q3,8,August,Aug,34,3,20,Wednesday,3,232,False,False,False,False,False,False,False,2025-2026,Q2
20250821,2025-08-21,2025,3,Q3,8,August,Aug,34,3,21,Thursday,4,233,False,False,False,False,False,False,False,2025-2026,Q2
20250822,2025-08-22,2025,3,Q3,8,August,Aug,34,4,22,Friday,5,234,False,False,False,False,False,False,False,2025-2026,Q2
20250823,2025-08-23,2025,3,Q3,8,August,Aug,34,4,23,Saturday,6,235,True,False,False,False,False,False,False,2025-2026,Q2
20250824,2025-08-24,2025,3,Q3,8,August,Aug,34,4,24,Sunday,7,236,True,False,False,False,False,False,False,2025-2026,Q2
20250825,2025-08-25,2025,3,Q3,8,August,Aug,35,4,25,Monday,1,237,False,False,False,False,False,False,False,2025-2026,Q2
20250826,2025-08-26,2025,3,Q3,8,August,Aug,35,4,26,Tuesday,2,238,False,False,False,False,False,False,False,2025-2026,Q2
20250827,2025-08-27,2025,3,Q3,8,August,Aug,35,4,27,Wednesday,3,239,False,False,False,False,False,False,False,2025-2026,Q2
20250828,2025-08-28,2025,3,Q3,8,August,Aug,35,4,28,Thursday,4,240,False,False,False,False,False,False,False,2025-2026,Q2
20250829,2025-08-29,2025,3,Q3,8,August,Aug,35,5,29,Friday,5,241,False,False,False,False,False,False,False,2025-2026,Q2
20250830,2025-08-30,2025,3,Q3,8,August,Aug,35,5,30,Saturday,6,242,True,False,False,False,False,False,False,2025-2026,Q2
20250831,2025-08-31,2025,3,Q3,8,August,Aug,35,5,31,Sunday,7,243,True,False,True,False,False,False,False,2025-2026,Q2
20250901,2025-09-01,2025,3,Q3,9,September,Sep,36,1,1,Monday,1,244,False,True,False,False,False,False,False,2025-2026,Q2
20250902,2025-09-02,2025,3,Q3,9,September,Sep,36,1,2,Tuesday,2,245,False,False,False,False,False,False,False,2025-2026,Q2
20250903,2025-09-03,2025,3,Q3,9,September,Sep,36,1,3,Wednesday,3,246,False,False,False,False,False,False,False,2025-2026,Q2
20250904,2025-09-04,2025,3,Q3,9,September,Sep,36,1,4,Thursday,4,247,False,False,False,False,False,False,False,2025-2026,Q2
20250905,2025-09-05,2025,3,Q3,9,September,Sep,36,1,5,Friday,5,248,False,False,False,False,False,False,False,2025-2026,Q2
20250906,2025-09-06,2025,3,Q3,9,September,Sep,36,1,6,Saturday,6,249,True,False,False,False,False,False,False,2025-2026,Q2
20250907,2025-09-07,2025,3,Q3,9,September,Sep,36,1,7,Sunday,7,250,True,False,False,False,False,False,False,2025-2026,Q2
20250908,2025-09-08,2025,3,Q3,9,September,Sep,37,2,8,Monday,1,251,False,False,False,False,False,False,False,2025-2026,Q2
20250909,2025-09-09,2025,3,Q3,9,September,Sep,37,2,9,Tuesday,2,252,False,False,False,False,False,False,False,2025-2026,Q2
20250910,2025-09-10,2025,3,Q3,9,September,Sep,37,2,10,Wednesday,3,253,False,False,False,False,False,False,False,2025-2026,Q2
20250911,2025-09-11,2025,3,Q3,9,September,Sep,37,2,11,Thursday,4,254,False,False,False,False,False,False,False,2025-2026,Q2
20250912,2025-09-12,2025,3,Q3,9,September,Sep,37,2,12,Friday,5,255,False,False,False,False,False,False,False,2025-2026,Q2
20250913,2025-09-13,2025,3,Q3,9,September,Sep,37,2,13,Saturday,6,256,True,False,False,False,False,False,False,2025-2026,Q2
20250914,2025-09-14,2025,3,Q3,9,September,Sep,37,2,14,Sunday,7,257,True,False,False,False,False,False,False,2025-2026,Q2
20250915,2025-09-15,2025,3,Q3,9,September,Sep,38,3,15,Monday,1,258,False,False,False,False,False,False,False,2025-2026,Q2
20250916,2025-09-16,2025,3,Q3,9,September,Sep,38,3,16,Tuesday,2,259,False,False,False,False,False,False,False,2025-2026,Q2
20250917,2025-09-17,2025,3,Q3,9,September,Sep,38,3,17,Wednesday,3,260,False,False,False,False,False,False,False,2025-2026,Q2
20250918,2025-09-18,2025,3,Q3,9,September,Sep,38,3,18,Thursday,4,261,False,False,False,False,False,False,False,2025-2026,Q2
20250919,2025-09-19,2025,3,Q3,9,September,Sep,38,3,19,Friday,5,262,False,False,False,False,False,False,False,2025-2026,Q2
20250920,2025-09-20,2025,3,Q3,9,September,Sep,38,3,20,Saturday,6,263,True,False,False,False,False,False,False,2025-2026,Q2
20250921,2025-09-21,2025,3,Q3,9,September,Sep,38,3,21,Sunday,7,264,True,False,False,False,False,False,False,2025-2026,Q2
20250922,2025-09-22,2025,3,Q3,9,September,Sep,39,4,22,Monday,1,265,False,False,False,False,False,False,False,2025-2026,Q2
20250923,2025-09-23,2025,3,Q3,9,September,Sep,39,4,23,Tuesday,2,266,False,False,False,False,False,False,False,2025-2026,Q2
20250924,2025-09-24,2025,3,Q3,9,September,Sep,39,4,24,Wednesday,3,267,False,False,False,False,False,False,False,2025-2026,Q2
20250925,2025-09-25,2025,3,Q3,9,September,Sep,39,4,25,Thursday,4,268,False,False,False,False,False,False,False,2025-2026,Q2
20250926,2025-09-26,2025,3,Q3,9,September,Sep,39,4,26,Friday,5,269,False,False,False,False,False,False,False,2025-2026,Q2
20250927,2025-09-27,2025,3,Q3,9,September,Sep,39,4,27,Saturday,6,270,True,False,False,False,False,False,False,2025-2026,Q2
20250928,2025-09-28,2025,3,Q3,9,September,Sep,39,4,28,Sunday,7,271,True,False,False,False,False,False,False,2025-2026,Q2
20250929,2025-09-29,2025,3,Q3,9,September,Sep,40,5,29,Monday,1,272,False,False,False,False,False,False,False,2025-2026,Q2
20250930,2025-09-30,2025,3,Q3,9,September,Sep,40,5,30,Tuesday,2,273,False,False,True,False,True,False,False,2025-2026,Q2
20251001,2025-10-01,2025,4,Q4,10,October,Oct,40,1,1,Wednesday,3,274,False,True,False,True,False,False,False,2025-2026,Q3
20251002,2025-10-02,2025,4,Q4,10,October,Oct,40,1,2,Thursday,4,275,False,False,False,False,False,False,False,2025-2026,Q3
20251003,2025-10-03,2025,4,Q4,10,October,Oct,40,1,3,Friday,5,276,False,False,False,False,False,False,False,2025-2026,Q3
20251004,2025-10-04,2025,4,Q4,10,October,Oct,40,1,4,Saturday,6,277,True,False,False,False,False,False,False,2025-2026,Q3
20251005,2025-10-05,2025,4,Q4,10,October,Oct,40,1,5,Sunday,7,278,True,False,False,False,False,False,False,2025-2026,Q3
20251006,2025-10-06,2025,4,Q4,10,October,Oct,41,1,6,Monday,1,279,False,False,False,False,False,False,False,2025-2026,Q3
20251007,2025-10-07,2025,4,Q4,10,October,Oct,41,1,7,Tuesday,2,280,False,False,False,False,False,False,False,2025-2026,Q3
20251008,2025-10-08,2025,4,Q4,10,October,Oct,41,2,8,Wednesday,3,281,False,False,False,False,False,False,False,2025-2026,Q3
20251009,2025-10-09,2025,4,Q4,10,October,Oct,41,2,9,Thursday,4,282,False,False,False,False,False,False,False,2025-2026,Q3
20251010,2025-10-10,2025,4,Q4,10,October,Oct,41,2,10,Friday,5,283,False,False,False,False,False,False,False,2025-2026,Q3
20251011,2025-10-11,2025,4,Q4,10,October,Oct,41,2,11,Saturday,6,284,True,False,False,False,False,False,False,2025-2026,Q3
20251012,2025-10-12,2025,4,Q4,10,October,Oct,41,2,12,Sunday,7,285,True,False,False,False,False,False,False,2025-2026,Q3
20251013,2025-10-13,2025,4,Q4,10,October,Oct,42,2,13,Monday,1,286,False,False,False,False,False,False,False,2025-2026,Q3
20251014,2025-10-14,2025,4,Q4,10,October,Oct,42,2,14,Tuesday,2,287,False,False,False,False,False,False,False,2025-2026,Q3
20251015,2025-10-15,2025,4,Q4,10,October,Oct,42,3,15,Wednesday,3,288,False,False,False,False,False,False,False,2025-2026,Q3
20251016,2025-10-16,2025,4,Q4,10,October,Oct,42,3,16,Thursday,4,289,False,False,False,False,False,False,False,2025-2026,Q3
20251017,2025-10-17,2025,4,Q4,10,October,Oct,42,3,17,Friday,5,290,False,False,False,False,False,False,False,2025-2026,Q3
20251018,2025-10-18,2025,4,Q4,10,October,Oct,42,3,18,Saturday,6,291,True,False,False,False,False,False,False,2025-2026,Q3
20251019,2025-10-19,2025,4,Q4,10,October,Oct,42,3,19,Sunday,7,292,True,False,False,False,False,False,False,2025-2026,Q3
20251020,2025-10-20,2025,4,Q4,10,October,Oct,43,3,20,Monday,1,293,False,False,False,False,False,False,False,2025-2026,Q3
20251021,2025-10-21,2025,4,Q4,10,October,Oct,43,3,21,Tuesday,2,294,False,False,False,False,False,False,False,2025-2026,Q3
20251022,2025-10-22,2025,4,Q4,10,October,Oct,43,4,22,Wednesday,3,295,False,False,False,False,False,False,False,2025-2026,Q3
20251023,2025-10-23,2025,4,Q4,10,October,Oct,43,4,23,Thursday,4,296,False,False,False,False,False,False,False,2025-2026,Q3
20251024,2025-10-24,2025,4,Q4,10,October,Oct,43,4,24,Friday,5,297,False,False,False,False,False,False,False,2025-2026,Q3
20251025,2025-10-25,2025,4,Q4,10,October,Oct,43,4,25,Saturday,6,298,True,False,False,False,False,False,False,2025-2026,Q3
20251026,2025-10-26,2025,4,Q4,10,October,Oct,43,4,26,Sunday,7,299,True,False,False,False,False,False,False,2025-2026,Q3
20251027,2025-10-27,2025,4,Q4,10,October,Oct,44,4,27,Monday,1,300,False,False,False,False,False,False,False,2025-2026,Q3
20251028,2025-10-28,2025,4,Q4,10,October,Oct,44,4,28,Tuesday,2,301,False,False,False,False,False,False,False,2025-2026,Q3
20251029,2025-10-29,2025,4,Q4,10,October,Oct,44,5,29,Wednesday,3,302,False,False,False,False,False,False,False,2025-2026,Q3
20251030,2025-10-30,2025,4,Q4,10,October,Oct,44,5,30,Thursday,4,303,False,False,False,False,False,False,False,2025-2026,Q3
20251031,2025-10-31,2025,4,Q4,10,October,Oct,44,5,31,Friday,5,304,False,False,True,False,False,False,False,2025-2026,Q3
20251101,2025-11-01,2025,4,Q4,11,November,Nov,44,1,1,Saturday,6,305,True,True,False,False,False,False,False,2025-2026,Q3
20251102,2025-11-02,2025,4,Q4,11,November,Nov,44,1,2,Sunday,7,306,True,False,False,False,False,False,False,2025-2026,Q3
20251103,2025-11-03,2025,4,Q4,11,November,Nov,45,1,3,Monday,1,307,False,False,False,False,False,False,False,2025-2026,Q3
20251104,2025-11-04,2025,4,Q4,11,November,Nov,45,1,4,Tuesday,2,308,False,False,False,False,False,False,False,2025-2026,Q3
20251105,2025-11-05,2025,4,Q4,11,November,Nov,45,1,5,Wednesday,3,309,False,False,False,False,False,False,False,2025-2026,Q3
20251106,2025-11-06,2025,4,Q4,11,November,Nov,45,1,6,Thursday,4,310,False,False,False,False,False,False,False,2025-2026,Q3
20251107,2025-11-07,2025,4,Q4,11,November,Nov,45,1,7,Friday,5,311,False,False,False,False,False,False,False,2025-2026,Q3
20251108,2025-11-08,2025,4,Q4,11,November,Nov,45,2,8,Saturday,6,312,True,False,False,False,False,False,False,2025-2026,Q3
20251109,2025-11-09,2025,4,Q4,11,November,Nov,45,2,9,Sunday,7,313,True,False,False,False,False,False,False,2025-2026,Q3
20251110,2025-11-10,2025,4,Q4,11,November,Nov,46,2,10,Monday,1,314,False,False,False,False,False,False,False,2025-2026,Q3
20251111,2025-11-11,2025,4,Q4,11,November,Nov,46,2,11,Tuesday,2,315,False,False,False,False,False,False,False,2025-2026,Q3
20251112,2025-11-12,2025,4,Q4,11,November,Nov,46,2,12,Wednesday,3,316,False,False,False,False,False,False,False,2025-2026,Q3
20251113,2025-11-13,2025,4,Q4,11,November,Nov,46,2,13,Thursday,4,317,False,False,False,False,False,False,False,2025-2026,Q3
20251114,2025-11-14,2025,4,Q4,11,November,Nov,46,2,14,Friday,5,318,False,False,False,False,False,False,False,2025-2026,Q3
20251115,2025-11-15,2025,4,Q4,11,November,Nov,46,3,15,Saturday,6,319,True,False,False,False,False,False,False,2025-2026,Q3
20251116,2025-11-16,2025,4,Q4,11,November,Nov,46,3,16,Sunday,7,320,True,False,False,False,False,False,False,2025-2026,Q3
20251117,2025-11-17,2025,4,Q4,11,November,Nov,47,3,17,Monday,1,321,False,False,False,False,False,False,False,2025-2026,Q3
20251118,2025-11-18,2025,4,Q4,11,November,Nov,47,3,18,Tuesday,2,322,False,False,False,False,False,False,False,2025-2026,Q3
20251119,2025-11-19,2025,4,Q4,11,November,Nov,47,3,19,Wednesday,3,323,False,False,False,False,False,False,False,2025-2026,Q3
20251120,2025-11-20,2025,4,Q4,11,November,Nov,47,3,20,Thursday,4,324,False,False,False,False,False,False,False,2025-2026,Q3
20251121,2025-11-21,2025,4,Q4,11,November,Nov,47,3,21,Friday,5,325,False,False,False,False,False,False,False,2025-2026,Q3
20251122,2025-11-22,2025,4,Q4,11,November,Nov,47,4,22,Saturday,6,326,True,False,False,False,False,False,False,2025-2026,Q3
20251123,2025-11-23,2025,4,Q4,11,November,Nov,47,4,23,Sunday,7,327,True,False,False,False,False,False,False,2025-2026,Q3
20251124,2025-11-24,2025,4,Q4,11,November,Nov,48,4,24,Monday,1,328,False,False,False,False,False,False,False,2025-2026,Q3
20251125,2025-11-25,2025,4,Q4,11,November,Nov,48,4,25,Tuesday,2,329,False,False,False,False,False,False,False,2025-2026,Q3
20251126,2025-11-26,2025,4,Q4,11,November,Nov,48,4,26,Wednesday,3,330,False,False,False,False,False,False,False,2025-2026,Q3
20251127,2025-11-27,2025,4,Q4,11,November,Nov,48,4,27,Thursday,4,331,False,False,False,False,False,False,False,2025-2026,Q3
20251128,2025-11-28,2025,4,Q4,11,November,Nov,48,4,28,Friday,5,332,False,False,False,False,False,False,False,2025-2026,Q3
20251129,2025-11-29,2025,4,Q4,11,November,Nov,48,5,29,Saturday,6,333,True,False,False,False,False,False,False,2025-2026,Q3
20251130,2025-11-30,2025,4,Q4,11,November,Nov,48,5,30,Sunday,7,334,True,False,True,False,False,False,False,2025-2026,Q3
20251201,2025-12-01,2025,4,Q4,12,December,Dec,49,1,1,Monday,1,335,False,True,False,False,False,False,False,2025-2026,Q3
20251202,2025-12-02,2025,4,Q4,12,December,Dec,49,1,2,Tuesday,2,336,False,False,False,False,False,False,False,2025-2026,Q3
20251203,2025-12-03,2025,4,Q4,12,December,Dec,49,1,3,Wednesday,3,337,False,False,False,False,False,False,False,2025-2026,Q3
20251204,2025-12-04,2025,4,Q4,12,December,Dec,49,1,4,Thursday,4,338,False,False,False,False,False,False,False,2025-2026,Q3
20251205,2025-12-05,2025,4,Q4,12,December,Dec,49,1,5,Friday,5,339,False,False,False,False,False,False,False,2025-2026,Q3
20251206,2025-12-06,2025,4,Q4,12,December,Dec,49,1,6,Saturday,6,340,True,False,False,False,False,False,False,2025-2026,Q3
20251207,2025-12-07,2025,4,Q4,12,December,Dec,49,1,7,Sunday,7,341,True,False,False,False,False,False,False,2025-2026,Q3
20251208,2025-12-08,2025,4,Q4,12,December,Dec,50,2,8,Monday,1,342,False,False,False,False,False,False,False,2025-2026,Q3
20251209,2025-12-09,2025,4,Q4,12,December,Dec,50,2,9,Tuesday,2,343,False,False,False,False,False,False,False,2025-2026,Q3
20251210,2025-12-10,2025,4,Q4,12,December,Dec,50,2,10,Wednesday,3,344,False,False,False,False,False,False,False,2025-2026,Q3
20251211,2025-12-11,2025,4,Q4,12,December,Dec,50,2,11,Thursday,4,345,False,False,False,False,False,False,False,2025-2026,Q3
20251212,2025-12-12,2025,4,Q4,12,December,Dec,50,2,12,Friday,5,346,False,False,False,False,False,False,False,2025-2026,Q3
20251213,2025-12-13,2025,4,Q4,12,December,Dec,50,2,13,Saturday,6,347,True,False,False,False,False,False,False,2025-2026,Q3
20251214,2025-12-14,2025,4,Q4,12,December,Dec,50,2,14,Sunday,7,348,True,False,False,False,False,False,False,2025-2026,Q3
20251215,2025-12-15,2025,4,Q4,12,December,Dec,51,3,15,Monday,1,349,False,False,False,False,False,False,False,2025-2026,Q3
20251216,2025-12-16,2025,4,Q4,12,December,Dec,51,3,16,Tuesday,2,350,False,False,False,False,False,False,False,2025-2026,Q3
20251217,2025-12-17,2025,4,Q4,12,December,Dec,51,3,17,Wednesday,3,351,False,False,False,False,False,False,False,2025-2026,Q3
20251218,2025-12-18,2025,4,Q4,12,December,Dec,51,3,18,Thursday,4,352,False,False,False,False,False,False,False,2025-2026,Q3
20251219,2025-12-19,2025,4,Q4,12,December,Dec,51,3,19,Friday,5,353,False,False,False,False,False,False,False,2025-2026,Q3
20251220,2025-12-20,2025,4,Q4,12,December,Dec,51,3,20,Saturday,6,354,True,False,False,False,False,False,False,2025-2026,Q3
20251221,2025-12-21,2025,4,Q4,12,December,Dec,51,3,21,Sunday,7,355,True,False,False,False,False,False,False,2025-2026,Q3
20251222,2025-12-22,2025,4,Q4,12,December,Dec,52,4,22,Monday,1,356,False,False,False,False,False,False,False,2025-2026,Q3
20251223,2025-12-23,2025,4,Q4,12,December,Dec,52,4,23,Tuesday,2,357,False,False,False,False,False,False,False,2025-2026,Q3
20251224,2025-12-24,2025,4,Q4,12,December,Dec,52,4,24,Wednesday,3,358,False,False,False,False,False,False,False,2025-2026,Q3
20251225,2025-12-25,2025,4,Q4,12,December,Dec,52,4,25,Thursday,4,359,False,False,False,False,False,False,False,2025-2026,Q3
20251226,2025-12-26,2025,4,Q4,12,December,Dec,52,4,26,Friday,5,360,False,False,False,False,False,False,False,2025-2026,Q3
20251227,2025-12-27,2025,4,Q4,12,December,Dec,52,4,27,Saturday,6,361,True,False,False,False,False,False,False,2025-2026,Q3
20251228,2025-12-28,2025,4,Q4,12,December,Dec,52,4,28,Sunday,7,362,True,False,False,False,False,False,False,2025-2026,Q3
20251229,2025-12-29,2025,4,Q4,12,December,Dec,1,5,29,Monday,1,363,False,False,False,False,False,False,False,2025-2026,Q3
20251230,2025-12-30,2025,4,Q4,12,December,Dec,1,5,30,Tuesday,2,364,False,False,False,False,False,False,False,2025-2026,Q3
20251231,2025-12-31,2025,4,Q4,12,December,Dec,1,5,31,Wednesday,3,365,False,False,True,False,True,False,True,2025-2026,Q3
20260101,2026-01-01,2026,1,Q1,1,January,Jan,1,1,1,Thursday,4,1,False,True,False,True,False,True,False,2025-2026,Q4
20260102,2026-01-02,2026,1,Q1,1,January,Jan,1,1,2,Friday,5,2,False,False,False,False,False,False,False,2025-2026,Q4
20260103,2026-01-03,2026,1,Q1,1,January,Jan,1,1,3,Saturday,6,3,True,False,False,False,False,False,False,2025-2026,Q4
20260104,2026-01-04,2026,1,Q1,1,January,Jan,1,1,4,Sunday,7,4,True,False,False,False,False,False,False,2025-2026,Q4
20260105,2026-01-05,2026,1,Q1,1,January,Jan,2,1,5,Monday,1,5,False,False,False,False,False,False,False,2025-2026,Q4
20260106,2026-01-06,2026,1,Q1,1,January,Jan,2,1,6,Tuesday,2,6,False,False,False,False,False,False,False,2025-2026,Q4
20260107,2026-01-07,2026,1,Q1,1,January,Jan,2,1,7,Wednesday,3,7,False,False,False,False,False,False,False,2025-2026,Q4
20260108,2026-01-08,2026,1,Q1,1,January,Jan,2,2,8,Thursday,4,8,False,False,False,False,False,False,False,2025-2026,Q4
20260109,2026-01-09,2026,1,Q1,1,January,Jan,2,2,9,Friday,5,9,False,False,False,False,False,False,False,2025-2026,Q4
20260110,2026-01-10,2026,1,Q1,1,January,Jan,2,2,10,Saturday,6,10,True,False,False,False,False,False,False,2025-2026,Q4
20260111,2026-01-11,2026,1,Q1,1,January,Jan,2,2,11,Sunday,7,11,True,False,False,False,False,False,False,2025-2026,Q4
20260112,2026-01-12,2026,1,Q1,1,January,Jan,3,2,12,Monday,1,12,False,False,False,False,False,False,False,2025-2026,Q4
20260113,2026-01-13,2026,1,Q1,1,January,Jan,3,2,13,Tuesday,2,13,False,False,False,False,False,False,False,2025-2026,Q4
20260114,2026-01-14,2026,1,Q1,1,January,Jan,3,2,14,Wednesday,3,14,False,False,False,False,False,False,False,2025-2026,Q4
20260115,2026-01-15,2026,1,Q1,1,January,Jan,3,3,15,Thursday,4,15,False,False,False,False,False,False,False,2025-2026,Q4
20260116,2026-01-16,2026,1,Q1,1,January,Jan,3,3,16,Friday,5,16,False,False,False,False,False,False,False,2025-2026,Q4
20260117,2026-01-17,2026,1,Q1,1,January,Jan,3,3,17,Saturday,6,17,True,False,False,False,False,False,False,2025-2026,Q4
20260118,2026-01-18,2026,1,Q1,1,January,Jan,3,3,18,Sunday,7,18,True,False,False,False,False,False,False,2025-2026,Q4
20260119,2026-01-19,2026,1,Q1,1,January,Jan,4,3,19,Monday,1,19,False,False,False,False,False,False,False,2025-2026,Q4
20260120,2026-01-20,2026,1,Q1,1,January,Jan,4,3,20,Tuesday,2,20,False,False,False,False,False,False,False,2025-2026,Q4
20260121,2026-01-21,2026,1,Q1,1,January,Jan,4,3,21,Wednesday,3,21,False,False,False,False,False,False,False,2025-2026,Q4
20260122,2026-01-22,2026,1,Q1,1,January,Jan,4,4,22,Thursday,4,22,False,False,False,False,False,False,False,2025-2026,Q4
20260123,2026-01-23,2026,1,Q1,1,January,Jan,4,4,23,Friday,5,23,False,False,False,False,False,False,False,2025-2026,Q4
20260124,2026-01-24,2026,1,Q1,1,January,Jan,4,4,24,Saturday,6,24,True,False,False,False,False,False,False,2025-2026,Q4
20260125,2026-01-25,2026,1,Q1,1,January,Jan,4,4,25,Sunday,7,25,True,False,False,False,False,False,False,2025-2026,Q4
20260126,2026-01-26,2026,1,Q1,1,January,Jan,5,4,26,Monday,1,26,False,False,False,False,False,False,False,2025-2026,Q4
20260127,2026-01-27,2026,1,Q1,1,January,Jan,5,4,27,Tuesday,2,27,False,False,False,False,False,False,False,2025-2026,Q4
20260128,2026-01-28,2026,1,Q1,1,January,Jan,5,4,28,Wednesday,3,28,False,False,False,False,False,False,False,2025-2026,Q4
20260129,2026-01-29,2026,1,Q1,1,January,Jan,5,5,29,Thursday,4,29,False,False,False,False,False,False,False,2025-2026,Q4
20260130,2026-01-30,2026,1,Q1,1,January,Jan,5,5,30,Friday,5,30,False,False,False,False,False,False,False,2025-2026,Q4
20260131,2026-01-31,2026,1,Q1,1,January,Jan,5,5,31,Saturday,6,31,True,False,True,False,False,False,False,2025-2026,Q4
20260201,2026-02-01,2026,1,Q1,2,February,Feb,5,1,1,Sunday,7,32,True,True,False,False,False,False,False,2025-2026,Q4
20260202,2026-02-02,2026,1,Q1,2,February,Feb,6,1,2,Monday,1,33,False,False,False,False,False,False,False,2025-2026,Q4
20260203,2026-02-03,2026,1,Q1,2,February,Feb,6,1,3,Tuesday,2,34,False,False,False,False,False,False,False,2025-2026,Q4
20260204,2026-02-04,2026,1,Q1,2,February,Feb,6,1,4,Wednesday,3,35,False,False,False,False,False,False,False,2025-2026,Q4
20260205,2026-02-05,2026,1,Q1,2,February,Feb,6,1,5,Thursday,4,36,False,False,False,False,False,False,False,2025-2026,Q4
20260206,2026-02-06,2026,1,Q1,2,February,Feb,6,1,6,Friday,5,37,False,False,False,False,False,False,False,2025-2026,Q4
20260207,2026-02-07,2026,1,Q1,2,February,Feb,6,1,7,Saturday,6,38,True,False,False,False,False,False,False,2025-2026,Q4
20260208,2026-02-08,2026,1,Q1,2,February,Feb,6,2,8,Sunday,7,39,True,False,False,False,False,False,False,2025-2026,Q4
20260209,2026-02-09,2026,1,Q1,2,February,Feb,7,2,9,Monday,1,40,False,False,False,False,False,False,False,2025-2026,Q4
20260210,2026-02-10,2026,1,Q1,2,February,Feb,7,2,10,Tuesday,2,41,False,False,False,False,False,False,False,2025-2026,Q4
20260211,2026-02-11,2026,1,Q1,2,February,Feb,7,2,11,Wednesday,3,42,False,False,False,False,False,False,False,2025-2026,Q4
20260212,2026-02-12,2026,1,Q1,2,February,Feb,7,2,12,Thursday,4,43,False,False,False,False,False,False,False,2025-2026,Q4
20260213,2026-02-13,2026,1,Q1,2,February,Feb,7,2,13,Friday,5,44,False,False,False,False,False,False,False,2025-2026,Q4
20260214,2026-02-14,2026,1,Q1,2,February,Feb,7,2,14,Saturday,6,45,True,False,False,False,False,False,False,2025-2026,Q4
20260215,2026-02-15,2026,1,Q1,2,February,Feb,7,3,15,Sunday,7,46,True,False,False,False,False,False,False,2025-2026,Q4
20260216,2026-02-16,2026,1,Q1,2,February,Feb,8,3,16,Monday,1,47,False,False,False,False,False,False,False,2025-2026,Q4
20260217,2026-02-17,2026,1,Q1,2,February,Feb,8,3,17,Tuesday,2,48,False,False,False,False,False,False,False,2025-2026,Q4
20260218,2026-02-18,2026,1,Q1,2,February,Feb,8,3,18,Wednesday,3,49,False,False,False,False,False,False,False,2025-2026,Q4
20260219,2026-02-19,2026,1,Q1,2,February,Feb,8,3,19,Thursday,4,50,False,False,False,False,False,False,False,2025-2026,Q4
20260220,2026-02-20,2026,1,Q1,2,February,Feb,8,3,20,Friday,5,51,False,False,False,False,False,False,False,2025-2026,Q4
20260221,2026-02-21,2026,1,Q1,2,February,Feb,8,3,21,Saturday,6,52,True,False,False,False,False,False,False,2025-2026,Q4
20260222,2026-02-22,2026,1,Q1,2,February,Feb,8,4,22,Sunday,7,53,True,False,False,False,False,False,False,2025-2026,Q4
20260223,2026-02-23,2026,1,Q1,2,February,Feb,9,4,23,Monday,1,54,False,False,False,False,False,False,False,2025-2026,Q4
20260224,2026-02-24,2026,1,Q1,2,February,Feb,9,4,24,Tuesday,2,55,False,False,False,False,False,False,False,2025-2026,Q4
20260225,2026-02-25,2026,1,Q1,2,February,Feb,9,4,25,Wednesday,3,56,False,False,False,False,False,False,False,2025-2026,Q4
20260226,2026-02-26,2026,1,Q1,2,February,Feb,9,4,26,Thursday,4,57,False,False,False,False,False,False,False,2025-2026,Q4
20260227,2026-02-27,2026,1,Q1,2,February,Feb,9,4,27,Friday,5,58,False,False,False,False,False,False,False,2025-2026,Q4
20260228,2026-02-28,2026,1,Q1,2,February,Feb,9,4,28,Saturday,6,59,True,False,True,False,False,False,False,2025-2026,Q4
20260301,2026-03-01,2026,1,Q1,3,March,Mar,9,1,1,Sunday,7,60,True,True,False,False,False,False,False,2025-2026,Q4
20260302,2026-03-02,2026,1,Q1,3,March,Mar,10,1,2,Monday,1,61,False,False,False,False,False,False,False,2025-2026,Q4
20260303,2026-03-03,2026,1,Q1,3,March,Mar,10,1,3,Tuesday,2,62,False,False,False,False,False,False,False,2025-2026,Q4
20260304,2026-03-04,2026,1,Q1,3,March,Mar,10,1,4,Wednesday,3,63,False,False,False,False,False,False,False,2025-2026,Q4
20260305,2026-03-05,2026,1,Q1,3,March,Mar,10,1,5,Thursday,4,64,False,False,False,False,False,False,False,2025-2026,Q4
20260306,2026-03-06,2026,1,Q1,3,March,Mar,10,1,6,Friday,5,65,False,False,False,False,False,False,False,2025-2026,Q4
20260307,2026-03-07,2026,1,Q1,3,March,Mar,10,1,7,Saturday,6,66,True,False,False,False,False,False,False,2025-2026,Q4
20260308,2026-03-08,2026,1,Q1,3,March,Mar,10,2,8,Sunday,7,67,True,False,False,False,False,False,False,2025-2026,Q4
20260309,2026-03-09,2026,1,Q1,3,March,Mar,11,2,9,Monday,1,68,False,False,False,False,False,False,False,2025-2026,Q4
20260310,2026-03-10,2026,1,Q1,3,March,Mar,11,2,10,Tuesday,2,69,False,False,False,False,False,False,False,2025-2026,Q4
20260311,2026-03-11,2026,1,Q1,3,March,Mar,11,2,11,Wednesday,3,70,False,False,False,False,False,False,False,2025-2026,Q4
20260312,2026-03-12,2026,1,Q1,3,March,Mar,11,2,12,Thursday,4,71,False,False,False,False,False,False,False,2025-2026,Q4
20260313,2026-03-13,2026,1,Q1,3,March,Mar,11,2,13,Friday,5,72,False,False,False,False,False,False,False,2025-2026,Q4
20260314,2026-03-14,2026,1,Q1,3,March,Mar,11,2,14,Saturday,6,73,True,False,False,False,False,False,False,2025-2026,Q4
20260315,2026-03-15,2026,1,Q1,3,March,Mar,11,3,15,Sunday,7,74,True,False,False,False,False,False,False,2025-2026,Q4
20260316,2026-03-16,2026,1,Q1,3,March,Mar,12,3,16,Monday,1,75,False,False,False,False,False,False,False,2025-2026,Q4
20260317,2026-03-17,2026,1,Q1,3,March,Mar,12,3,17,Tuesday,2,76,False,False,False,False,False,False,False,2025-2026,Q4
20260318,2026-03-18,2026,1,Q1,3,March,Mar,12,3,18,Wednesday,3,77,False,False,False,False,False,False,False,2025-2026,Q4
20260319,2026-03-19,2026,1,Q1,3,March,Mar,12,3,19,Thursday,4,78,False,False,False,False,False,False,False,2025-2026,Q4
20260320,2026-03-20,2026,1,Q1,3,March,Mar,12,3,20,Friday,5,79,False,False,False,False,False,False,False,2025-2026,Q4
20260321,2026-03-21,2026,1,Q1,3,March,Mar,12,3,21,Saturday,6,80,True,False,False,False,False,False,False,2025-2026,Q4
20260322,2026-03-22,2026,1,Q1,3,March,Mar,12,4,22,Sunday,7,81,True,False,False,False,False,False,False,2025-2026,Q4
20260323,2026-03-23,2026,1,Q1,3,March,Mar,13,4,23,Monday,1,82,False,False,False,False,False,False,False,2025-2026,Q4
20260324,2026-03-24,2026,1,Q1,3,March,Mar,13,4,24,Tuesday,2,83,False,False,False,False,False,False,False,2025-2026,Q4
20260325,2026-03-25,2026,1,Q1,3,March,Mar,13,4,25,Wednesday,3,84,False,False,False,False,False,False,False,2025-2026,Q4
20260326,2026-03-26,2026,1,Q1,3,March,Mar,13,4,26,Thursday,4,85,False,False,False,False,False,False,False,2025-2026,Q4
20260327,2026-03-27,2026,1,Q1,3,March,Mar,13,4,27,Friday,5,86,False,False,False,False,False,False,False,2025-2026,Q4
20260328,2026-03-28,2026,1,Q1,3,March,Mar,13,4,28,Saturday,6,87,True,False,False,False,False,False,False,2025-2026,Q4
20260329,2026-03-29,2026,1,Q1,3,March,Mar,13,5,29,Sunday,7,88,True,False,False,False,False,False,False,2025-2026,Q4
20260330,2026-03-30,2026,1,Q1,3,March,Mar,14,5,30,Monday,1,89,False,False,False,False,False,False,False,2025-2026,Q4
20260331,2026-03-31,2026,1,Q1,3,March,Mar,14,5,31,Tuesday,2,90,False,False,True,False,True,False,False,2025-2026,Q4
20260401,2026-04-01,2026,2,Q2,4,April,Apr,14,1,1,Wednesday,3,91,False,True,False,True,False,False,False,2026-2027,Q1
20260402,2026-04-02,2026,2,Q2,4,April,Apr,14,1,2,Thursday,4,92,False,False,False,False,False,False,False,2026-2027,Q1
20260403,2026-04-03,2026,2,Q2,4,April,Apr,14,1,3,Friday,5,93,False,False,False,False,False,False,False,2026-2027,Q1
20260404,2026-04-04,2026,2,Q2,4,April,Apr,14,1,4,Saturday,6,94,True,False,False,False,False,False,False,2026-2027,Q1
20260405,2026-04-05,2026,2,Q2,4,April,Apr,14,1,5,Sunday,7,95,True,False,False,False,False,False,False,2026-2027,Q1
20260406,2026-04-06,2026,2,Q2,4,April,Apr,15,1,6,Monday,1,96,False,False,False,False,False,False,False,2026-2027,Q1
20260407,2026-04-07,2026,2,Q2,4,April,Apr,15,1,7,Tuesday,2,97,False,False,False,False,False,False,False,2026-2027,Q1
20260408,2026-04-08,2026,2,Q2,4,April,Apr,15,2,8,Wednesday,3,98,False,False,False,False,False,False,False,2026-2027,Q1
20260409,2026-04-09,2026,2,Q2,4,April,Apr,15,2,9,Thursday,4,99,False,False,False,False,False,False,False,2026-2027,Q1
20260410,2026-04-10,2026,2,Q2,4,April,Apr,15,2,10,Friday,5,100,False,False,False,False,False,False,False,2026-2027,Q1
20260411,2026-04-11,2026,2,Q2,4,April,Apr,15,2,11,Saturday,6,101,True,False,False,False,False,False,False,2026-2027,Q1
20260412,2026-04-12,2026,2,Q2,4,April,Apr,15,2,12,Sunday,7,102,True,False,False,False,False,False,False,2026-2027,Q1
20260413,2026-04-13,2026,2,Q2,4,April,Apr,16,2,13,Monday,1,103,False,False,False,False,False,False,False,2026-2027,Q1
20260414,2026-04-14,2026,2,Q2,4,April,Apr,16,2,14,Tuesday,2,104,False,False,False,False,False,False,False,2026-2027,Q1
20260415,2026-04-15,2026,2,Q2,4,April,Apr,16,3,15,Wednesday,3,105,False,False,False,False,False,False,False,2026-2027,Q1
20260416,2026-04-16,2026,2,Q2,4,April,Apr,16,3,16,Thursday,4,106,False,False,False,False,False,False,False,2026-2027,Q1
20260417,2026-04-17,2026,2,Q2,4,April,Apr,16,3,17,Friday,5,107,False,False,False,False,False,False,False,2026-2027,Q1
20260418,2026-04-18,2026,2,Q2,4,April,Apr,16,3,18,Saturday,6,108,True,False,False,False,False,False,False,2026-2027,Q1
20260419,2026-04-19,2026,2,Q2,4,April,Apr,16,3,19,Sunday,7,109,True,False,False,False,False,False,False,2026-2027,Q1
20260420,2026-04-20,2026,2,Q2,4,April,Apr,17,3,20,Monday,1,110,False,False,False,False,False,False,False,2026-2027,Q1
20260421,2026-04-21,2026,2,Q2,4,April,Apr,17,3,21,Tuesday,2,111,False,False,False,False,False,False,False,2026-2027,Q1
20260422,2026-04-22,2026,2,Q2,4,April,Apr,17,4,22,Wednesday,3,112,False,False,False,False,False,False,False,2026-2027,Q1
20260423,2026-04-23,2026,2,Q2,4,April,Apr,17,4,23,Thursday,4,113,False,False,False,False,False,False,False,2026-2027,Q1
20260424,2026-04-24,2026,2,Q2,4,April,Apr,17,4,24,Friday,5,114,False,False,False,False,False,False,False,2026-2027,Q1
20260425,2026-04-25,2026,2,Q2,4,April,Apr,17,4,25,Saturday,6,115,True,False,False,False,False,False,False,2026-2027,Q1
20260426,2026-04-26,2026,2,Q2,4,April,Apr,17,4,26,Sunday,7,116,True,False,False,False,False,False,False,2026-2027,Q1
20260427,2026-04-27,2026,2,Q2,4,April,Apr,18,4,27,Monday,1,117,False,False,False,False,False,False,False,2026-2027,Q1
20260428,2026-04-28,2026,2,Q2,4,April,Apr,18,4,28,Tuesday,2,118,False,False,False,False,False,False,False,2026-2027,Q1
20260429,2026-04-29,2026,2,Q2,4,April,Apr,18,5,29,Wednesday,3,119,False,False,False,False,False,False,False,2026-2027,Q1
20260430,2026-04-30,2026,2,Q2,4,April,Apr,18,5,30,Thursday,4,120,False,False,True,False,False,False,False,2026-2027,Q1
20260501,2026-05-01,2026,2,Q2,5,May,May,18,1,1,Friday,5,121,False,True,False,False,False,False,False,2026-2027,Q1
20260502,2026-05-02,2026,2,Q2,5,May,May,18,1,2,Saturday,6,122,True,False,False,False,False,False,False,2026-2027,Q1
20260503,2026-05-03,2026,2,Q2,5,May,May,18,1,3,Sunday,7,123,True,False,False,False,False,False,False,2026-2027,Q1
20260504,2026-05-04,2026,2,Q2,5,May,May,19,1,4,Monday,1,124,False,False,False,False,False,False,False,2026-2027,Q1
20260505,2026-05-05,2026,2,Q2,5,May,May,19,1,5,Tuesday,2,125,False,False,False,False,False,False,False,2026-2027,Q1
20260506,2026-05-06,2026,2,Q2,5,May,May,19,1,6,Wednesday,3,126,False,False,False,False,False,False,False,2026-2027,Q1
20260507,2026-05-07,2026,2,Q2,5,May,May,19,1,7,Thursday,4,127,False,False,False,False,False,False,False,2026-2027,Q1
20260508,2026-05-08,2026,2,Q2,5,May,May,19,2,8,Friday,5,128,False,False,False,False,False,False,False,2026-2027,Q1
20260509,2026-05-09,2026,2,Q2,5,May,May,19,2,9,Saturday,6,129,True,False,False,False,False,False,False,2026-2027,Q1
20260510,2026-05-10,2026,2,Q2,5,May,May,19,2,10,Sunday,7,130,True,False,False,False,False,False,False,2026-2027,Q1
20260511,2026-05-11,2026,2,Q2,5,May,May,20,2,11,Monday,1,131,False,False,False,False,False,False,False,2026-2027,Q1
20260512,2026-05-12,2026,2,Q2,5,May,May,20,2,12,Tuesday,2,132,False,False,False,False,False,False,False,2026-2027,Q1
20260513,2026-05-13,2026,2,Q2,5,May,May,20,2,13,Wednesday,3,133,False,False,False,False,False,False,False,2026-2027,Q1
20260514,2026-05-14,2026,2,Q2,5,May,May,20,2,14,Thursday,4,134,False,False,False,False,False,False,False,2026-2027,Q1
20260515,2026-05-15,2026,2,Q2,5,May,May,20,3,15,Friday,5,135,False,False,False,False,False,False,False,2026-2027,Q1
20260516,2026-05-16,2026,2,Q2,5,May,May,20,3,16,Saturday,6,136,True,False,False,False,False,False,False,2026-2027,Q1
20260517,2026-05-17,2026,2,Q2,5,May,May,20,3,17,Sunday,7,137,True,False,False,False,False,False,False,2026-2027,Q1
20260518,2026-05-18,2026,2,Q2,5,May,May,21,3,18,Monday,1,138,False,False,False,False,False,False,False,2026-2027,Q1
20260519,2026-05-19,2026,2,Q2,5,May,May,21,3,19,Tuesday,2,139,False,False,False,False,False,False,False,2026-2027,Q1
20260520,2026-05-20,2026,2,Q2,5,May,May,21,3,20,Wednesday,3,140,False,False,False,False,False,False,False,2026-2027,Q1
20260521,2026-05-21,2026,2,Q2,5,May,May,21,3,21,Thursday,4,141,False,False,False,False,False,False,False,2026-2027,Q1
20260522,2026-05-22,2026,2,Q2,5,May,May,21,4,22,Friday,5,142,False,False,False,False,False,False,False,2026-2027,Q1
20260523,2026-05-23,2026,2,Q2,5,May,May,21,4,23,Saturday,6,143,True,False,False,False,False,False,False,2026-2027,Q1
20260524,2026-05-24,2026,2,Q2,5,May,May,21,4,24,Sunday,7,144,True,False,False,False,False,False,False,2026-2027,Q1
20260525,2026-05-25,2026,2,Q2,5,May,May,22,4,25,Monday,1,145,False,False,False,False,False,False,False,2026-2027,Q1
20260526,2026-05-26,2026,2,Q2,5,May,May,22,4,26,Tuesday,2,146,False,False,False,False,False,False,False,2026-2027,Q1
20260527,2026-05-27,2026,2,Q2,5,May,May,22,4,27,Wednesday,3,147,False,False,False,False,False,False,False,2026-2027,Q1
20260528,2026-05-28,2026,2,Q2,5,May,May,22,4,28,Thursday,4,148,False,False,False,False,False,False,False,2026-2027,Q1
20260529,2026-05-29,2026,2,Q2,5,May,May,22,5,29,Friday,5,149,False,False,False,False,False,False,False,2026-2027,Q1
20260530,2026-05-30,2026,2,Q2,5,May,May,22,5,30,Saturday,6,150,True,False,False,False,False,False,False,2026-2027,Q1
20260531,2026-05-31,2026,2,Q2,5,May,May,22,5,31,Sunday,7,151,True,False,True,False,False,False,False,2026-2027,Q1
20260601,2026-06-01,2026,2,Q2,6,June,Jun,23,1,1,Monday,1,152,False,True,False,False,False,False,False,2026-2027,Q1
20260602,2026-06-02,2026,2,Q2,6,June,Jun,23,1,2,Tuesday,2,153,False,False,False,False,False,False,False,2026-2027,Q1
20260603,2026-06-03,2026,2,Q2,6,June,Jun,23,1,3,Wednesday,3,154,False,False,False,False,False,False,False,2026-2027,Q1
20260604,2026-06-04,2026,2,Q2,6,June,Jun,23,1,4,Thursday,4,155,False,False,False,False,False,False,False,2026-2027,Q1
20260605,2026-06-05,2026,2,Q2,6,June,Jun,23,1,5,Friday,5,156,False,False,False,False,False,False,False,2026-2027,Q1
20260606,2026-06-06,2026,2,Q2,6,June,Jun,23,1,6,Saturday,6,157,True,False,False,False,False,False,False,2026-2027,Q1
20260607,2026-06-07,2026,2,Q2,6,June,Jun,23,1,7,Sunday,7,158,True,False,False,False,False,False,False,2026-2027,Q1
20260608,2026-06-08,2026,2,Q2,6,June,Jun,24,2,8,Monday,1,159,False,False,False,False,False,False,False,2026-2027,Q1
20260609,2026-06-09,2026,2,Q2,6,June,Jun,24,2,9,Tuesday,2,160,False,False,False,False,False,False,False,2026-2027,Q1
20260610,2026-06-10,2026,2,Q2,6,June,Jun,24,2,10,Wednesday,3,161,False,False,False,False,False,False,False,2026-2027,Q1
20260611,2026-06-11,2026,2,Q2,6,June,Jun,24,2,11,Thursday,4,162,False,False,False,False,False,False,False,2026-2027,Q1
20260612,2026-06-12,2026,2,Q2,6,June,Jun,24,2,12,Friday,5,163,False,False,False,False,False,False,False,2026-2027,Q1
20260613,2026-06-13,2026,2,Q2,6,June,Jun,24,2,13,Saturday,6,164,True,False,False,False,False,False,False,2026-2027,Q1
20260614,2026-06-14,2026,2,Q2,6,June,Jun,24,2,14,Sunday,7,165,True,False,False,False,False,False,False,2026-2027,Q1
20260615,2026-06-15,2026,2,Q2,6,June,Jun,25,3,15,Monday,1,166,False,False,False,False,False,False,False,2026-2027,Q1
20260616,2026-06-16,2026,2,Q2,6,June,Jun,25,3,16,Tuesday,2,167,False,False,False,False,False,False,False,2026-2027,Q1
20260617,2026-06-17,2026,2,Q2,6,June,Jun,25,3,17,Wednesday,3,168,False,False,False,False,False,False,False,2026-2027,Q1
20260618,2026-06-18,2026,2,Q2,6,June,Jun,25,3,18,Thursday,4,169,False,False,False,False,False,False,False,2026-2027,Q1
20260619,2026-06-19,2026,2,Q2,6,June,Jun,25,3,19,Friday,5,170,False,False,False,False,False,False,False,2026-2027,Q1
20260620,2026-06-20,2026,2,Q2,6,June,Jun,25,3,20,Saturday,6,171,True,False,False,False,False,False,False,2026-2027,Q1
20260621,2026-06-21,2026,2,Q2,6,June,Jun,25,3,21,Sunday,7,172,True,False,False,False,False,False,False,2026-2027,Q1
20260622,2026-06-22,2026,2,Q2,6,June,Jun,26,4,22,Monday,1,173,False,False,False,False,False,False,False,2026-2027,Q1
20260623,2026-06-23,2026,2,Q2,6,June,Jun,26,4,23,Tuesday,2,174,False,False,False,False,False,False,False,2026-2027,Q1
20260624,2026-06-24,2026,2,Q2,6,June,Jun,26,4,24,Wednesday,3,175,False,False,False,False,False,False,False,2026-2027,Q1
20260625,2026-06-25,2026,2,Q2,6,June,Jun,26,4,25,Thursday,4,176,False,False,False,False,False,False,False,2026-2027,Q1
20260626,2026-06-26,2026,2,Q2,6,June,Jun,26,4,26,Friday,5,177,False,False,False,False,False,False,False,2026-2027,Q1
20260627,2026-06-27,2026,2,Q2,6,June,Jun,26,4,27,Saturday,6,178,True,False,False,False,False,False,False,2026-2027,Q1
20260628,2026-06-28,2026,2,Q2,6,June,Jun,26,4,28,Sunday,7,179,True,False,False,False,False,False,False,2026-2027,Q1
20260629,2026-06-29,2026,2,Q2,6,June,Jun,27,5,29,Monday,1,180,False,False,False,False,False,False,False,2026-2027,Q1
20260630,2026-06-30,2026,2,Q2,6,June,Jun,27,5,30,Tuesday,2,181,False,False,True,False,True,False,False,2026-2027,Q1
20260701,2026-07-01,2026,3,Q3,7,July,Jul,27,1,1,Wednesday,3,182,False,True,False,True,False,False,False,2026-2027,Q2
20260702,2026-07-02,2026,3,Q3,7,July,Jul,27,1,2,Thursday,4,183,False,False,False,False,False,False,False,2026-2027,Q2
20260703,2026-07-03,2026,3,Q3,7,July,Jul,27,1,3,Friday,5,184,False,False,False,False,False,False,False,2026-2027,Q2
20260704,2026-07-04,2026,3,Q3,7,July,Jul,27,1,4,Saturday,6,185,True,False,False,False,False,False,False,2026-2027,Q2
20260705,2026-07-05,2026,3,Q3,7,July,Jul,27,1,5,Sunday,7,186,True,False,False,False,False,False,False,2026-2027,Q2
20260706,2026-07-06,2026,3,Q3,7,July,Jul,28,1,6,Monday,1,187,False,False,False,False,False,False,False,2026-2027,Q2
20260707,2026-07-07,2026,3,Q3,7,July,Jul,28,1,7,Tuesday,2,188,False,False,False,False,False,False,False,2026-2027,Q2
20260708,2026-07-08,2026,3,Q3,7,July,Jul,28,2,8,Wednesday,3,189,False,False,False,False,False,False,False,2026-2027,Q2
20260709,2026-07-09,2026,3,Q3,7,July,Jul,28,2,9,Thursday,4,190,False,False,False,False,False,False,False,2026-2027,Q2
20260710,2026-07-10,2026,3,Q3,7,July,Jul,28,2,10,Friday,5,191,False,False,False,False,False,False,False,2026-2027,Q2
20260711,2026-07-11,2026,3,Q3,7,July,Jul,28,2,11,Saturday,6,192,True,False,False,False,False,False,False,2026-2027,Q2
20260712,2026-07-12,2026,3,Q3,7,July,Jul,28,2,12,Sunday,7,193,True,False,False,False,False,False,False,2026-2027,Q2
20260713,2026-07-13,2026,3,Q3,7,July,Jul,29,2,13,Monday,1,194,False,False,False,False,False,False,False,2026-2027,Q2
20260714,2026-07-14,2026,3,Q3,7,July,Jul,29,2,14,Tuesday,2,195,False,False,False,False,False,False,False,2026-2027,Q2
20260715,2026-07-15,2026,3,Q3,7,July,Jul,29,3,15,Wednesday,3,196,False,False,False,False,False,False,False,2026-2027,Q2
20260716,2026-07-16,2026,3,Q3,7,July,Jul,29,3,16,Thursday,4,197,False,False,False,False,False,False,False,2026-2027,Q2
20260717,2026-07-17,2026,3,Q3,7,July,Jul,29,3,17,Friday,5,198,False,False,False,False,False,False,False,2026-2027,Q2
20260718,2026-07-18,2026,3,Q3,7,July,Jul,29,3,18,Saturday,6,199,True,False,False,False,False,False,False,2026-2027,Q2
20260719,2026-07-19,2026,3,Q3,7,July,Jul,29,3,19,Sunday,7,200,True,False,False,False,False,False,False,2026-2027,Q2
20260720,2026-07-20,2026,3,Q3,7,July,Jul,30,3,20,Monday,1,201,False,False,False,False,False,False,False,2026-2027,Q2
20260721,2026-07-21,2026,3,Q3,7,July,Jul,30,3,21,Tuesday,2,202,False,False,False,False,False,False,False,2026-2027,Q2
20260722,2026-07-22,2026,3,Q3,7,July,Jul,30,4,22,Wednesday,3,203,False,False,False,False,False,False,False,2026-2027,Q2
20260723,2026-07-23,2026,3,Q3,7,July,Jul,30,4,23,Thursday,4,204,False,False,False,False,False,False,False,2026-2027,Q2
20260724,2026-07-24,2026,3,Q3,7,July,Jul,30,4,24,Friday,5,205,False,False,False,False,False,False,False,2026-2027,Q2
20260725,2026-07-25,2026,3,Q3,7,July,Jul,30,4,25,Saturday,6,206,True,False,False,False,False,False,False,2026-2027,Q2
20260726,2026-07-26,2026,3,Q3,7,July,Jul,30,4,26,Sunday,7,207,True,False,False,False,False,False,False,2026-2027,Q2
20260727,2026-07-27,2026,3,Q3,7,July,Jul,31,4,27,Monday,1,208,False,False,False,False,False,False,False,2026-2027,Q2
20260728,2026-07-28,2026,3,Q3,7,July,Jul,31,4,28,Tuesday,2,209,False,False,False,False,False,False,False,2026-2027,Q2
20260729,2026-07-29,2026,3,Q3,7,July,Jul,31,5,29,Wednesday,3,210,False,False,False,False,False,False,False,2026-2027,Q2
20260730,2026-07-30,2026,3,Q3,7,July,Jul,31,5,30,Thursday,4,211,False,False,False,False,False,False,False,2026-2027,Q2
20260731,2026-07-31,2026,3,Q3,7,July,Jul,31,5,31,Friday,5,212,False,False,True,False,False,False,False,2026-2027,Q2
20260801,2026-08-01,2026,3,Q3,8,August,Aug,31,1,1,Saturday,6,213,True,True,False,False,False,False,False,2026-2027,Q2
20260802,2026-08-02,2026,3,Q3,8,August,Aug,31,1,2,Sunday,7,214,True,False,False,False,False,False,False,2026-2027,Q2
20260803,2026-08-03,2026,3,Q3,8,August,Aug,32,1,3,Monday,1,215,False,False,False,False,False,False,False,2026-2027,Q2
20260804,2026-08-04,2026,3,Q3,8,August,Aug,32,1,4,Tuesday,2,216,False,False,False,False,False,False,False,2026-2027,Q2
20260805,2026-08-05,2026,3,Q3,8,August,Aug,32,1,5,Wednesday,3,217,False,False,False,False,False,False,False,2026-2027,Q2
20260806,2026-08-06,2026,3,Q3,8,August,Aug,32,1,6,Thursday,4,218,False,False,False,False,False,False,False,2026-2027,Q2
20260807,2026-08-07,2026,3,Q3,8,August,Aug,32,1,7,Friday,5,219,False,False,False,False,False,False,False,2026-2027,Q2
20260808,2026-08-08,2026,3,Q3,8,August,Aug,32,2,8,Saturday,6,220,True,False,False,False,False,False,False,2026-2027,Q2
20260809,2026-08-09,2026,3,Q3,8,August,Aug,32,2,9,Sunday,7,221,True,False,False,False,False,False,False,2026-2027,Q2
20260810,2026-08-10,2026,3,Q3,8,August,Aug,33,2,10,Monday,1,222,False,False,False,False,False,False,False,2026-2027,Q2
20260811,2026-08-11,2026,3,Q3,8,August,Aug,33,2,11,Tuesday,2,223,False,False,False,False,False,False,False,2026-2027,Q2
20260812,2026-08-12,2026,3,Q3,8,August,Aug,33,2,12,Wednesday,3,224,False,False,False,False,False,False,False,2026-2027,Q2
20260813,2026-08-13,2026,3,Q3,8,August,Aug,33,2,13,Thursday,4,225,False,False,False,False,False,False,False,2026-2027,Q2
20260814,2026-08-14,2026,3,Q3,8,August,Aug,33,2,14,Friday,5,226,False,False,False,False,False,False,False,2026-2027,Q2
20260815,2026-08-15,2026,3,Q3,8,August,Aug,33,3,15,Saturday,6,227,True,False,False,False,False,False,False,2026-2027,Q2
20260816,2026-08-16,2026,3,Q3,8,August,Aug,33,3,16,Sunday,7,228,True,False,False,False,False,False,False,2026-2027,Q2
20260817,2026-08-17,2026,3,Q3,8,August,Aug,34,3,17,Monday,1,229,False,False,False,False,False,False,False,2026-2027,Q2
20260818,2026-08-18,2026,3,Q3,8,August,Aug,34,3,18,Tuesday,2,230,False,False,False,False,False,False,False,2026-2027,Q2
20260819,2026-08-19,2026,3,Q3,8,August,Aug,34,3,19,Wednesday,3,231,False,False,False,False,False,False,False,2026-2027,Q2
20260820,2026-08-20,2026,3,Q3,8,August,Aug,34,3,20,Thursday,4,232,False,False,False,False,False,False,False,2026-2027,Q2
20260821,2026-08-21,2026,3,Q3,8,August,Aug,34,3,21,Friday,5,233,False,False,False,False,False,False,False,2026-2027,Q2
20260822,2026-08-22,2026,3,Q3,8,August,Aug,34,4,22,Saturday,6,234,True,False,False,False,False,False,False,2026-2027,Q2
20260823,2026-08-23,2026,3,Q3,8,August,Aug,34,4,23,Sunday,7,235,True,False,False,False,False,False,False,2026-2027,Q2
20260824,2026-08-24,2026,3,Q3,8,August,Aug,35,4,24,Monday,1,236,False,False,False,False,False,False,False,2026-2027,Q2
20260825,2026-08-25,2026,3,Q3,8,August,Aug,35,4,25,Tuesday,2,237,False,False,False,False,False,False,False,2026-2027,Q2
20260826,2026-08-26,2026,3,Q3,8,August,Aug,35,4,26,Wednesday,3,238,False,False,False,False,False,False,False,2026-2027,Q2
20260827,2026-08-27,2026,3,Q3,8,August,Aug,35,4,27,Thursday,4,239,False,False,False,False,False,False,False,2026-2027,Q2
20260828,2026-08-28,2026,3,Q3,8,August,Aug,35,4,28,Friday,5,240,False,False,False,False,False,False,False,2026-2027,Q2
20260829,2026-08-29,2026,3,Q3,8,August,Aug,35,5,29,Saturday,6,241,True,False,False,False,False,False,False,2026-2027,Q2
20260830,2026-08-30,2026,3,Q3,8,August,Aug,35,5,30,Sunday,7,242,True,False,False,False,False,False,False,2026-2027,Q2
20260831,2026-08-31,2026,3,Q3,8,August,Aug,36,5,31,Monday,1,243,False,False,True,False,False,False,False,2026-2027,Q2
20260901,2026-09-01,2026,3,Q3,9,September,Sep,36,1,1,Tuesday,2,244,False,True,False,False,False,False,False,2026-2027,Q2
20260902,2026-09-02,2026,3,Q3,9,September,Sep,36,1,2,Wednesday,3,245,False,False,False,False,False,False,False,2026-2027,Q2
20260903,2026-09-03,2026,3,Q3,9,September,Sep,36,1,3,Thursday,4,246,False,False,False,False,False,False,False,2026-2027,Q2
20260904,2026-09-04,2026,3,Q3,9,September,Sep,36,1,4,Friday,5,247,False,False,False,False,False,False,False,2026-2027,Q2
20260905,2026-09-05,2026,3,Q3,9,September,Sep,36,1,5,Saturday,6,248,True,False,False,False,False,False,False,2026-2027,Q2
20260906,2026-09-06,2026,3,Q3,9,September,Sep,36,1,6,Sunday,7,249,True,False,False,False,False,False,False,2026-2027,Q2
20260907,2026-09-07,2026,3,Q3,9,September,Sep,37,1,7,Monday,1,250,False,False,False,False,False,False,False,2026-2027,Q2
20260908,2026-09-08,2026,3,Q3,9,September,Sep,37,2,8,Tuesday,2,251,False,False,False,False,False,False,False,2026-2027,Q2
20260909,2026-09-09,2026,3,Q3,9,September,Sep,37,2,9,Wednesday,3,252,False,False,False,False,False,False,False,2026-2027,Q2
20260910,2026-09-10,2026,3,Q3,9,September,Sep,37,2,10,Thursday,4,253,False,False,False,False,False,False,False,2026-2027,Q2
20260911,2026-09-11,2026,3,Q3,9,September,Sep,37,2,11,Friday,5,254,False,False,False,False,False,False,False,2026-2027,Q2
20260912,2026-09-12,2026,3,Q3,9,September,Sep,37,2,12,Saturday,6,255,True,False,False,False,False,False,False,2026-2027,Q2
20260913,2026-09-13,2026,3,Q3,9,September,Sep,37,2,13,Sunday,7,256,True,False,False,False,False,False,False,2026-2027,Q2
20260914,2026-09-14,2026,3,Q3,9,September,Sep,38,2,14,Monday,1,257,False,False,False,False,False,False,False,2026-2027,Q2
20260915,2026-09-15,2026,3,Q3,9,September,Sep,38,3,15,Tuesday,2,258,False,False,False,False,False,False,False,2026-2027,Q2
20260916,2026-09-16,2026,3,Q3,9,September,Sep,38,3,16,Wednesday,3,259,False,False,False,False,False,False,False,2026-2027,Q2
20260917,2026-09-17,2026,3,Q3,9,September,Sep,38,3,17,Thursday,4,260,False,False,False,False,False,False,False,2026-2027,Q2
20260918,2026-09-18,2026,3,Q3,9,September,Sep,38,3,18,Friday,5,261,False,False,False,False,False,False,False,2026-2027,Q2
20260919,2026-09-19,2026,3,Q3,9,September,Sep,38,3,19,Saturday,6,262,True,False,False,False,False,False,False,2026-2027,Q2
20260920,2026-09-20,2026,3,Q3,9,September,Sep,38,3,20,Sunday,7,263,True,False,False,False,False,False,False,2026-2027,Q2
20260921,2026-09-21,2026,3,Q3,9,September,Sep,39,3,21,Monday,1,264,False,False,False,False,False,False,False,2026-2027,Q2
20260922,2026-09-22,2026,3,Q3,9,September,Sep,39,4,22,Tuesday,2,265,False,False,False,False,False,False,False,2026-2027,Q2
20260923,2026-09-23,2026,3,Q3,9,September,Sep,39,4,23,Wednesday,3,266,False,False,False,False,False,False,False,2026-2027,Q2
20260924,2026-09-24,2026,3,Q3,9,September,Sep,39,4,24,Thursday,4,267,False,False,False,False,False,False,False,2026-2027,Q2
20260925,2026-09-25,2026,3,Q3,9,September,Sep,39,4,25,Friday,5,268,False,False,False,False,False,False,False,2026-2027,Q2
20260926,2026-09-26,2026,3,Q3,9,September,Sep,39,4,26,Saturday,6,269,True,False,False,False,False,False,False,2026-2027,Q2
20260927,2026-09-27,2026,3,Q3,9,September,Sep,39,4,27,Sunday,7,270,True,False,False,False,False,False,False,2026-2027,Q2
20260928,2026-09-28,2026,3,Q3,9,September,Sep,40,4,28,Monday,1,271,False,False,False,False,False,False,False,2026-2027,Q2
20260929,2026-09-29,2026,3,Q3,9,September,Sep,40,5,29,Tuesday,2,272,False,False,False,False,False,False,False,2026-2027,Q2
20260930,2026-09-30,2026,3,Q3,9,September,Sep,40,5,30,Wednesday,3,273,False,False,True,False,True,False,False,2026-2027,Q2
20261001,2026-10-01,2026,4,Q4,10,October,Oct,40,1,1,Thursday,4,274,False,True,False,True,False,False,False,2026-2027,Q3
20261002,2026-10-02,2026,4,Q4,10,October,Oct,40,1,2,Friday,5,275,False,False,False,False,False,False,False,2026-2027,Q3
20261003,2026-10-03,2026,4,Q4,10,October,Oct,40,1,3,Saturday,6,276,True,False,False,False,False,False,False,2026-2027,Q3
20261004,2026-10-04,2026,4,Q4,10,October,Oct,40,1,4,Sunday,7,277,True,False,False,False,False,False,False,2026-2027,Q3
20261005,2026-10-05,2026,4,Q4,10,October,Oct,41,1,5,Monday,1,278,False,False,False,False,False,False,False,2026-2027,Q3
20261006,2026-10-06,2026,4,Q4,10,October,Oct,41,1,6,Tuesday,2,279,False,False,False,False,False,False,False,2026-2027,Q3
20261007,2026-10-07,2026,4,Q4,10,October,Oct,41,1,7,Wednesday,3,280,False,False,False,False,False,False,False,2026-2027,Q3
20261008,2026-10-08,2026,4,Q4,10,October,Oct,41,2,8,Thursday,4,281,False,False,False,False,False,False,False,2026-2027,Q3
20261009,2026-10-09,2026,4,Q4,10,October,Oct,41,2,9,Friday,5,282,False,False,False,False,False,False,False,2026-2027,Q3
20261010,2026-10-10,2026,4,Q4,10,October,Oct,41,2,10,Saturday,6,283,True,False,False,False,False,False,False,2026-2027,Q3
20261011,2026-10-11,2026,4,Q4,10,October,Oct,41,2,11,Sunday,7,284,True,False,False,False,False,False,False,2026-2027,Q3
20261012,2026-10-12,2026,4,Q4,10,October,Oct,42,2,12,Monday,1,285,False,False,False,False,False,False,False,2026-2027,Q3
20261013,2026-10-13,2026,4,Q4,10,October,Oct,42,2,13,Tuesday,2,286,False,False,False,False,False,False,False,2026-2027,Q3
20261014,2026-10-14,2026,4,Q4,10,October,Oct,42,2,14,Wednesday,3,287,False,False,False,False,False,False,False,2026-2027,Q3
20261015,2026-10-15,2026,4,Q4,10,October,Oct,42,3,15,Thursday,4,288,False,False,False,False,False,False,False,2026-2027,Q3
20261016,2026-10-16,2026,4,Q4,10,October,Oct,42,3,16,Friday,5,289,False,False,False,False,False,False,False,2026-2027,Q3
20261017,2026-10-17,2026,4,Q4,10,October,Oct,42,3,17,Saturday,6,290,True,False,False,False,False,False,False,2026-2027,Q3
20261018,2026-10-18,2026,4,Q4,10,October,Oct,42,3,18,Sunday,7,291,True,False,False,False,False,False,False,2026-2027,Q3
20261019,2026-10-19,2026,4,Q4,10,October,Oct,43,3,19,Monday,1,292,False,False,False,False,False,False,False,2026-2027,Q3
20261020,2026-10-20,2026,4,Q4,10,October,Oct,43,3,20,Tuesday,2,293,False,False,False,False,False,False,False,2026-2027,Q3
20261021,2026-10-21,2026,4,Q4,10,October,Oct,43,3,21,Wednesday,3,294,False,False,False,False,False,False,False,2026-2027,Q3
20261022,2026-10-22,2026,4,Q4,10,October,Oct,43,4,22,Thursday,4,295,False,False,False,False,False,False,False,2026-2027,Q3
20261023,2026-10-23,2026,4,Q4,10,October,Oct,43,4,23,Friday,5,296,False,False,False,False,False,False,False,2026-2027,Q3
20261024,2026-10-24,2026,4,Q4,10,October,Oct,43,4,24,Saturday,6,297,True,False,False,False,False,False,False,2026-2027,Q3
20261025,2026-10-25,2026,4,Q4,10,October,Oct,43,4,25,Sunday,7,298,True,False,False,False,False,False,False,2026-2027,Q3
20261026,2026-10-26,2026,4,Q4,10,October,Oct,44,4,26,Monday,1,299,False,False,False,False,False,False,False,2026-2027,Q3
20261027,2026-10-27,2026,4,Q4,10,October,Oct,44,4,27,Tuesday,2,300,False,False,False,False,False,False,False,2026-2027,Q3
20261028,2026-10-28,2026,4,Q4,10,October,Oct,44,4,28,Wednesday,3,301,False,False,False,False,False,False,False,2026-2027,Q3
20261029,2026-10-29,2026,4,Q4,10,October,Oct,44,5,29,Thursday,4,302,False,False,False,False,False,False,False,2026-2027,Q3
20261030,2026-10-30,2026,4,Q4,10,October,Oct,44,5,30,Friday,5,303,False,False,False,False,False,False,False,2026-2027,Q3
20261031,2026-10-31,2026,4,Q4,10,October,Oct,44,5,31,Saturday,6,304,True,False,True,False,False,False,False,2026-2027,Q3
20261101,2026-11-01,2026,4,Q4,11,November,Nov,44,1,1,Sunday,7,305,True,True,False,False,False,False,False,2026-2027,Q3
20261102,2026-11-02,2026,4,Q4,11,November,Nov,45,1,2,Monday,1,306,False,False,False,False,False,False,False,2026-2027,Q3
20261103,2026-11-03,2026,4,Q4,11,November,Nov,45,1,3,Tuesday,2,307,False,False,False,False,False,False,False,2026-2027,Q3
20261104,2026-11-04,2026,4,Q4,11,November,Nov,45,1,4,Wednesday,3,308,False,False,False,False,False,False,False,2026-2027,Q3
20261105,2026-11-05,2026,4,Q4,11,November,Nov,45,1,5,Thursday,4,309,False,False,False,False,False,False,False,2026-2027,Q3
20261106,2026-11-06,2026,4,Q4,11,November,Nov,45,1,6,Friday,5,310,False,False,False,False,False,False,False,2026-2027,Q3
20261107,2026-11-07,2026,4,Q4,11,November,Nov,45,1,7,Saturday,6,311,True,False,False,False,False,False,False,2026-2027,Q3
20261108,2026-11-08,2026,4,Q4,11,November,Nov,45,2,8,Sunday,7,312,True,False,False,False,False,False,False,2026-2027,Q3
20261109,2026-11-09,2026,4,Q4,11,November,Nov,46,2,9,Monday,1,313,False,False,False,False,False,False,False,2026-2027,Q3
20261110,2026-11-10,2026,4,Q4,11,November,Nov,46,2,10,Tuesday,2,314,False,False,False,False,False,False,False,2026-2027,Q3
20261111,2026-11-11,2026,4,Q4,11,November,Nov,46,2,11,Wednesday,3,315,False,False,False,False,False,False,False,2026-2027,Q3
20261112,2026-11-12,2026,4,Q4,11,November,Nov,46,2,12,Thursday,4,316,False,False,False,False,False,False,False,2026-2027,Q3
20261113,2026-11-13,2026,4,Q4,11,November,Nov,46,2,13,Friday,5,317,False,False,False,False,False,False,False,2026-2027,Q3
20261114,2026-11-14,2026,4,Q4,11,November,Nov,46,2,14,Saturday,6,318,True,False,False,False,False,False,False,2026-2027,Q3
20261115,2026-11-15,2026,4,Q4,11,November,Nov,46,3,15,Sunday,7,319,True,False,False,False,False,False,False,2026-2027,Q3
20261116,2026-11-16,2026,4,Q4,11,November,Nov,47,3,16,Monday,1,320,False,False,False,False,False,False,False,2026-2027,Q3
20261117,2026-11-17,2026,4,Q4,11,November,Nov,47,3,17,Tuesday,2,321,False,False,False,False,False,False,False,2026-2027,Q3
20261118,2026-11-18,2026,4,Q4,11,November,Nov,47,3,18,Wednesday,3,322,False,False,False,False,False,False,False,2026-2027,Q3
20261119,2026-11-19,2026,4,Q4,11,November,Nov,47,3,19,Thursday,4,323,False,False,False,False,False,False,False,2026-2027,Q3
20261120,2026-11-20,2026,4,Q4,11,November,Nov,47,3,20,Friday,5,324,False,False,False,False,False,False,False,2026-2027,Q3
20261121,2026-11-21,2026,4,Q4,11,November,Nov,47,3,21,Saturday,6,325,True,False,False,False,False,False,False,2026-2027,Q3
20261122,2026-11-22,2026,4,Q4,11,November,Nov,47,4,22,Sunday,7,326,True,False,False,False,False,False,False,2026-2027,Q3
20261123,2026-11-23,2026,4,Q4,11,November,Nov,48,4,23,Monday,1,327,False,False,False,False,False,False,False,2026-2027,Q3
20261124,2026-11-24,2026,4,Q4,11,November,Nov,48,4,24,Tuesday,2,328,False,False,False,False,False,False,False,2026-2027,Q3
20261125,2026-11-25,2026,4,Q4,11,November,Nov,48,4,25,Wednesday,3,329,False,False,False,False,False,False,False,2026-2027,Q3
20261126,2026-11-26,2026,4,Q4,11,November,Nov,48,4,26,Thursday,4,330,False,False,False,False,False,False,False,2026-2027,Q3
20261127,2026-11-27,2026,4,Q4,11,November,Nov,48,4,27,Friday,5,331,False,False,False,False,False,False,False,2026-2027,Q3
20261128,2026-11-28,2026,4,Q4,11,November,Nov,48,4,28,Saturday,6,332,True,False,False,False,False,False,False,2026-2027,Q3
20261129,2026-11-29,2026,4,Q4,11,November,Nov,48,5,29,Sunday,7,333,True,False,False,False,False,False,False,2026-2027,Q3
20261130,2026-11-30,2026,4,Q4,11,November,Nov,49,5,30,Monday,1,334,False,False,True,False,False,False,False,2026-2027,Q3
20261201,2026-12-01,2026,4,Q4,12,December,Dec,49,1,1,Tuesday,2,335,False,True,False,False,False,False,False,2026-2027,Q3
20261202,2026-12-02,2026,4,Q4,12,December,Dec,49,1,2,Wednesday,3,336,False,False,False,False,False,False,False,2026-2027,Q3
20261203,2026-12-03,2026,4,Q4,12,December,Dec,49,1,3,Thursday,4,337,False,False,False,False,False,False,False,2026-2027,Q3
20261204,2026-12-04,2026,4,Q4,12,December,Dec,49,1,4,Friday,5,338,False,False,False,False,False,False,False,2026-2027,Q3
20261205,2026-12-05,2026,4,Q4,12,December,Dec,49,1,5,Saturday,6,339,True,False,False,False,False,False,False,2026-2027,Q3
20261206,2026-12-06,2026,4,Q4,12,December,Dec,49,1,6,Sunday,7,340,True,False,False,False,False,False,False,2026-2027,Q3
20261207,2026-12-07,2026,4,Q4,12,December,Dec,50,1,7,Monday,1,341,False,False,False,False,False,False,False,2026-2027,Q3
20261208,2026-12-08,2026,4,Q4,12,December,Dec,50,2,8,Tuesday,2,342,False,False,False,False,False,False,False,2026-2027,Q3
20261209,2026-12-09,2026,4,Q4,12,December,Dec,50,2,9,Wednesday,3,343,False,False,False,False,False,False,False,2026-2027,Q3
20261210,2026-12-10,2026,4,Q4,12,December,Dec,50,2,10,Thursday,4,344,False,False,False,False,False,False,False,2026-2027,Q3
20261211,2026-12-11,2026,4,Q4,12,December,Dec,50,2,11,Friday,5,345,False,False,False,False,False,False,False,2026-2027,Q3
20261212,2026-12-12,2026,4,Q4,12,December,Dec,50,2,12,Saturday,6,346,True,False,False,False,False,False,False,2026-2027,Q3
20261213,2026-12-13,2026,4,Q4,12,December,Dec,50,2,13,Sunday,7,347,True,False,False,False,False,False,False,2026-2027,Q3
20261214,2026-12-14,2026,4,Q4,12,December,Dec,51,2,14,Monday,1,348,False,False,False,False,False,False,False,2026-2027,Q3
20261215,2026-12-15,2026,4,Q4,12,December,Dec,51,3,15,Tuesday,2,349,False,False,False,False,False,False,False,2026-2027,Q3
20261216,2026-12-16,2026,4,Q4,12,December,Dec,51,3,16,Wednesday,3,350,False,False,False,False,False,False,False,2026-2027,Q3
20261217,2026-12-17,2026,4,Q4,12,December,Dec,51,3,17,Thursday,4,351,False,False,False,False,False,False,False,2026-2027,Q3
20261218,2026-12-18,2026,4,Q4,12,December,Dec,51,3,18,Friday,5,352,False,False,False,False,False,False,False,2026-2027,Q3
20261219,2026-12-19,2026,4,Q4,12,December,Dec,51,3,19,Saturday,6,353,True,False,False,False,False,False,False,2026-2027,Q3
20261220,2026-12-20,2026,4,Q4,12,December,Dec,51,3,20,Sunday,7,354,True,False,False,False,False,False,False,2026-2027,Q3
20261221,2026-12-21,2026,4,Q4,12,December,Dec,52,3,21,Monday,1,355,False,False,False,False,False,False,False,2026-2027,Q3
20261222,2026-12-22,2026,4,Q4,12,December,Dec,52,4,22,Tuesday,2,356,False,False,False,False,False,False,False,2026-2027,Q3
20261223,2026-12-23,2026,4,Q4,12,December,Dec,52,4,23,Wednesday,3,357,False,False,False,False,False,False,False,2026-2027,Q3
20261224,2026-12-24,2026,4,Q4,12,December,Dec,52,4,24,Thursday,4,358,False,False,False,False,False,False,False,2026-2027,Q3
20261225,2026-12-25,2026,4,Q4,12,December,Dec,52,4,25,Friday,5,359,False,False,False,False,False,False,False,2026-2027,Q3
20261226,2026-12-26,2026,4,Q4,12,December,Dec,52,4,26,Saturday,6,360,True,False,False,False,False,False,False,2026-2027,Q3
20261227,2026-12-27,2026,4,Q4,12,December,Dec,52,4,27,Sunday,7,361,True,False,False,False,False,False,False,2026-2027,Q3
20261228,2026-12-28,2026,4,Q4,12,December,Dec,53,4,28,Monday,1,362,False,False,False,False,False,False,False,2026-2027,Q3
20261229,2026-12-29,2026,4,Q4,12,December,Dec,53,5,29,Tuesday,2,363,False,False,False,False,False,False,False,2026-2027,Q3
20261230,2026-12-30,2026,4,Q4,12,December,Dec,53,5,30,Wednesday,3,364,False,False,False,False,False,False,False,2026-2027,Q3
20261231,2026-12-31,2026,4,Q4,12,December,Dec,53,5,31,Thursday,4,365,False,False,True,False,True,False,True,2026-2027,Q3
